label,text
Negative,لم تعجبني كباقي السلسلة و غير متحمس لقراءة الجزء الثاني منها
Positive,كان المكان ممتاز والأمن والاستقبال اوكي . . التكييف كان حار وبلغت اكثر من مره يتم له صيانه ولكن دون جدوي بالاضافة انه السرفس كان نوعا ما ضعيف حتي عمل اللاندري ما كان منوفر في نفس الفندق وكان اللاندري يكون خارج الفندق والسعر كان غالي الثمن وانا استغربت من الأسعار
Negative,القصة اجمالا مشوقة كونها تعتمد علي شخصيات يجمع بينها مكان مشترك ولكن الكاتب ابي الا ان يجمع بينهم في قصصهم ايضا الشخصيات تناولها سطحي جدا ليس هناك اي عمق لها ثم لماذا لم يتناول ال راكب وتناول بعضهم؟ الاهم انه يحاول ان يجعل هناك فكرة فلسفية في القصة ولكنها فكرة تافهة. مازالت التفاهة والاساءة الي المقدسات تشهر من يتناولها للاسف اللغة سوقية للغاية وغير جذابة اطلاقا ترتيب الاحداث خصوصا في قصة ياسر مبروك به شيء من الخلل فهو تارة يتحدث عن نوال وقبلها وبعدها يتحدث عن السيدة المسيحية فقط لاقحام موضوع الفتنة الطائفية
Mixed,اربع نجوم لولا الملل الذي اصابني في النهاية... رواية جميلة بالمجمل اخذت منها الكثير من الاقتباسات... واكثر ما اعجبني اختيار ريم للسفر والخروج من قعوعة زياد...
Negative,رواية مملة .. اول صفحة يدل على ان الرواية دى رواية جامده أوى .. بس للاسف الكاتب حاول يطول بطريقة مشوقه لكن مقدرش .. مقدرتش أكملها مع أن الفكرة كويسه .. أتمنى أشوف الأحسن من حضرتك يا استاذ حسن:
Mixed,مرضي. الموقع.المطعم الصيني لذيذ. التكنولوجيا المستخدمة في الغرفة.. طلبت تزيين الغرفة بمناسبة الزواج.وكان التزيين اقل اقل من عادي مقابل المبلغ الذي اخذوة مقابل تزيين الغرفة. اللوبي صغير جدا. لايوجد مكان هادي ومهئ للمساج اذا تبغى يجيك في غرفتك.
Negative,بصراحة هالمطعم تغير للاسوء للاسف جربت جميع الافرع لكن مو نفس قبل اربع سنين حتى قبل يغير اسمه كان فعلا الشيف رائع .. ا
Mixed,حسن. . تعامل موظفين الاستقبال سئ وخاصة الموظفين الهنود والبنغاليوايضا ازعاج من الطيران وايضا ازعاج السكان المجاورين للغرف من ناحية أصواتهم وايضا عند تحريك الطاولة واي شي اخر صوتهم عندكبصراحة من ناحية الإزعاج وعدم الراحة غير ممتاز
Mixed,"تفاجئت بكون الكتاب يتحدث عن اله المسيح فلم احب كيف كتب الكاتب بعض الكلام عن الاله حيث يخبر الاله بخوفه من ان يذهب او سؤاله للاله بأن يسهر معه او يلعب مع والده الورق وان يعد له من يتزوج من ضيعتهم قريتهم افهم انه كلام طفل صغير ولكن لم استسيغه لمعرفتي بأن الله اكبر من هذا الكلام فهو الحي الذي لايموت وبيده كل شي. ولكن بشكل عام كان الاسلوب سلس وكلمات تصل للقلب وهذا مااحببته منه. فسل يا ثلج عن ولد. آان هنا مكانك يلعب. متى غفوت في السرير. لا عندما اآذب على أمي. بل عندما أغفو حقا. قلت لهم :. ألا تسكرون الأبواب. العاصفة هنا عند المفرق. وقالوا :. على مر الأيام تعودت الأبواب. وسوف تتسكر وحدها عندما ترى العاصفة. قلت : ألا تسكرونها أنتم بأيديكم القوية. قالوا : مللنا الحياة. امتلأت الأرض بالشتائم والحقد. زرعوا خناجر في قلب الكلام. صاروا يعدون ذآيا من يكفر أحسنهم باالله. ذآيا الذي آلامه اآثر الكلام سفالة. آه لو آان الكلام آالخبز يشرى. فلا يستطيع أحد أن يتكلم. إلا إذا اشترى آلاما. وقلت لهم. ألا تسكرون الأبواب. فقالوا :. ليت آل همومنا أبواب للتسكير. آمل أن يكون الوداع ساعة لا أآون. آمل أن تقتل العصافير ، يوم أآون بعيدا. آمل أن يموت الأحباء ، يوم أآون في سفر. آمل آثيرا. لأن العين الدامعة تبكيني. وآم من شيء. أريد منه أن أتدارى. لكن. لا مفر من الدموع .. كلهم يعرفون أن دقيقة العمر. مرة تأتي. ويعرفون أن الفرح فيها. أحلى من الحزن. لكنهم لا يصدقون أنفسهم .. أحبك قدر ما تحبني. بل خف أن يصير حبي لك. أآبر من حبك لي. ليتهما يعرفان أن العتاب آالدخان يفنى. ليتهما يعرفان أن الفرح أقوى من الحزن. ليتهما يعرفان أن الفرح أقوى من الحزن. ليتهما يعرفان أن لحظة العمر الأخيرة. قد تنزل علينا تأخذنا. ونحن نتخاصم. ليتني لا أعرف ما أعرف . حائر أنا. بين أن يبدأ الفرح. وألا يبدأ. مخافة ينتهي .. لا يعود شيء يخيف. إن صرناه ."
Mixed,"معلومات وفيرة عن الديانات ؛ سواء السماوية ام الاخرى ... اراد سلطان الموسى ان يوصل رسالة سلسة و سهلة الى القراء الاعزاء عن الديانات و ردا على الملحدين او المتأثرين بالإلحاد او يفكرون به و هم على هاوية الطريق ... استطاع توضيح نقاط مهمة من الدين الإسلامي و بعض المعلومات التي يجب ان لا تكون مبهمة للمسلمين ... قد يستطيع الكتاب ردع من كان يفكر بالإلحاد، ولكن من وجهة نظري انه لن يؤثر كثيرا على من تعمق في الإلحاد لسطحية الكتاب ... وفقك الله يا استاذ سلطان لتوصيل رسالتك"
Negative,لا أدري لا اعتبره كتابا يستحق القراءة فهو يتحدث عن اشخاص كافحوا للوصول لما هم فيه واحسست ببعض المغالاة في الكتابة حتى تصل الفكرة بأنهم ذاقوا الأمرين. أستثني من ذلك بعض الأشخاص الذين فعلا وضعوا بصمة جميلة في عالم الانترنت العربي ولبس السعودي على وجه الخصوص .
Mixed,مناسب للعوائل جدا . . الإزعاج من قبل الضيوف المتواجدين .
Positive,بصراحة كتاب رائع جدا جدا جدا علمني حاجات كتيييير انا مكنتش اعرفها عن نهاية العالم ويوم القيامة. جزيل الشكر والتقدير لحضرتك.
Positive,الراحة والهدوء . الموقع .طاقم الموظفين . الهدوء .. لا شي
Negative,يا خسارة الكام يوم
Positive,مش عارف ايه نظرية المؤامره دى؟
Positive,الرواية دى فتحت عينى على حاجات ماكنتش أعرفها. وخلتنى أعرف ان معركتنا مع النظام الفاسد لسه طويلة .. وعنيفة. أكتر حاجة عجبتنى فى أسلوب أحمد مراد هى تشبيهاته. :
Mixed,تقييمي للفندق . خدمة السيارات وعمالة خدمة النظافة. روائح كريهة في الممرات الفندق لايستحق هذا السعر الإستقبال سيء الديكور والأثاث قديم المسبح صغير جدا وكذلك النادي الرياضي يعني الصور اللي في الموقع فوتوشوب لايوجد شطاف في الحمام للاستنجاء .
Negative,ضعيف جدا. لا يوجد. لم يعجبني تعامل الموظفين ... القيمه مقابل الخدمه ماتسوى ... حصل لي موقف ولم يتم التعامل معه بجديه .وهو انني كنت اقف سيارتي في المواقف اللتي تحت الفندق وقامت سياره اخرى بالسد علي وعند مخاطبة الرسيبشن وكانه شي عادي المشكله ان عندي رحله ع المطار بعد ساعه بالظبط واللي يرفع الظغط زياده بعد حوسة نصف ساعه ..يطلع مفتاح احد السيارات اللي ساده ع سيارتي مع العاااامل ... من جد وقااااحه لا انصح احد بالسكن به او المرور من جانبه لانه كائب جدا..وشكرا .
Negative,من أراد أن يرتكب جميع الفواحش ما ظهر منها وما بطن فليقرأ الفيل الازرق إيحاءات جنسيه خمر ومخدرات سحر قذف أعتقد أن نصف الموبيقات السبع مرست من خلال هذه الروايه المحبطه
Positive,استثنائي. تعامل الموظفين ممتاز والنظافه في الفندق ممتازة وقريب من كل الخدمات والاماكن.
Mixed,مقبول. . الموقع.عدم الاهتمام بالاطلاله.ومنظر المبنى من الخارج .
Positive,رائع. . لم تكون الغرفة المختارة من موقع الحجز
Mixed,هي عماد الدين من أقامها أقام الدين وهل للإنسان حياة أو شخصية الا بالدين ؟ . فعليك بها في مركبك في بحر الدنيا .
Positive,بشكل عام ممتاز . الهدوء والنظافه ومناسبة السعر. رائحة التدخين التي تصل الى داخل الغرفه و برغم اني غير مدخن لميتم سؤالي عن ذلك
Negative,"عطلة رائعة، خيار سيء للإقامة الشاملة لكل شيء. فندق هاليسي هوليدايز فيليدج. كانت العطلة عبارة عن خيبة أمل، غير أن المشكلة ليست في الموقع أو في المكان. المشكلة فقط في فندق هاليسي. حيث لم يكن فندق نجوم بالمرة. أشبه بفندق نصف نجمة. لا يوجد مشروب في الإقامة الشاملة لكل شيء. لا يوجد ترفيه للأطفال/البالغين. لا يوجد تلفزيون ولا توجد مكواة. وخدمة غسيل الملابس يتم تقديمها بمقابل، وليست خدمة يمكن استخدامها في المجمع بأكمله من الزوار نحن . الموظفون لا يفهمون اللغة الإنجليزية، وأعني أكثر من من الموظفين، كما أن مندوب الرحلة الذي كان من المفترض أن يكون متواجدا ليمثلنا كان مشغولا بتغيير نقودنا الإنجليزية إلى الليرة التركية. أكثر من كونها آمنة. كان للفندق تأثيرا سلبيا على عطلتي. الدولة والأماكن الموجودة فيها جميلة، فقط فندق هاليسي، يحتاج لضخ دماء جديدة فيه. حتى يمكن أن يوفر الراحة للجميع. الطاهي يحتاج لمزيد من الخبرة في الأطباق التي يقدمها، حيث كان طعامه مصنعا، ولا توجد أي فرصة لتذوق الطعام التركي. أو الإنجليزي بالمناسبة فالأطباق محدودة جدا وليست كافية. شامل= كل شيء. وجبات الإفطار والغداء والعشاء ووجبة خفيفة. هذا ليس شاملا = لكل شيء، هذا مهزلة. من ذا الذي يعطي هذه الأماكن هناك ترخيصا للعمل بهذه الصورة. شامل = لكل شيء يعني أن الطعام يتم تقديمه طوال اليوم، هذا هو ما دفعنا من أجل الحصول عليه. والمشروبات شاملة = لكل شيء من الساعة العاشرة مساء وحتى الساعة العاشرة والنصف مساء. ولا يوجد شيء يشعرك بحق بالرغبة في تناوله، براندي وفودكا بجودة متدنية، سعر مرتفع للإقامة الشاملة لكل شيء وأكواب بلاستيكية رخيصة. بالنسبة لي فالفندق مرفوض رفضا تاما، ولن أذهب هناك مرة أخرى، ولكنني سأزور الجزيرة مرة أخرى، إنها أعجبتني كثيرا جدا. يوجد كذلك مطعما خارج الفندق، مما يجعل المسألة تستحق الاهتمام. شكرا لآبل بار، أعجبني الترفيه الذي قدمتموه في جميع الليالي. والمحلات التجارية، ومحلات المجوهرات ومحلات الجلود كانت جميعها مناظر تسر العين لرؤيتها. وقبل أن أنتهي يجب أن أقول إنني أحب شعار العين التركية. فريدة من نوعها. قضيت عطلة رائعة، تأكد فقط أنك تحمل مالا إضافيا يكفي للذهاب لتناول الطعام في الخارج ولكن مثل هذه النوعية الأفضل من الطعام، لن تجدها في فندق هاليسي."
Negative,مخيب للأمل. الديكور والمبنى. طاقم الععمل ضعيف ويبدو ان الاداره مصريهلا سبدو ان هناك عزل قوي للصوت اصوات من يمر من عند الباب والمصعد واضحه من داخل العرفه ومستوى بوفيه الافطار صباحا متواضع جدا
Negative,الكتاب يستعرض حياة جبران خليل جبران من جوانب مختلفة عن طريق صديقه ميخائيل نعيمة. لم يعجبني اسلوب الكاتب وكان الكتاب ممل بشكل كبير.
Positive,رائع .. رائع. لم اقرأ سيرة ذاتية بهذا الصدق. هوجمت النسخة العربية من الكثير بل منع لفترة في بعض البلاد . نحن نحب التجميل والتزيف نكره مواجهة الواقع للأسف. أنقصت نجمة لشعوري أن بعض المصطلحات كان في غنى عنها
Mixed,مقبول. . يوجد رائحة مجاريالمكيف لا يعطي أداء جيد المفارش متآكلة وقديمة جدا جدا
Negative,فكرة الرواية حلوة .. خسارة ان مطلعش منها حاجة احسن من كده
Positive,أسلوب رائع...و مجموعة قصصية طافحة بالوطن . جميل أيها الشهيد غسان كنفاني
Negative,الكتاب فلسفي بحت. وبما اني مش بحب الفلسفة.. محبتش الكتاب
Positive,هذا من أهم كتب أبوزيد إن لم يكن كتابه المفتاحي .. كنت أقرأ متحفزا لحرب أو لهجوم أرد به على هذا التنويري الهادم للعقائد كما يصوره جزء من الخطاب الإسلامي لكن ما وحدته هو بحث حقيقي أتفق مع جزء كبير منه خاصة في الجزء الثالث المخصص للخطاب الديني : الغزالي نموذجا و أختلف معه كذلك في كثير لكن هذا الاختلاف لا يصل إلى حد أن يكون الرجل بما طرحه يريد هدم الدين فعلا على الأقل في هذا الكتاب كلامه عن التأويل و أسباب النزول و الناسخ و المنسوخ و قراءته لكتب التفسير و الإعجاز متقنة و مفيدة حقا و تفتح الباب أمام الكثير من النقاش و خاصة في بداية الكتاب حين يتكلم عن أن النص كان منتجا للثقافة ما أخالفه بقوة و جذرية طبعا دون نفي انسجام هذا النص و موقعه اللغوي ضمن تلك الثقافة ولكنه مفهوم قد نجده في تصور الأولين أيضا كذلك حديثه عن الكهانة و أن المسلمين لم ينفوا الكهانة لأنهم بذلك يلغون أساس النبوة اعتبرته سخيفا الحرص المبالغ به على أسباب النزول من أبوزيد و بعض أبناء المؤسسة الدينية لا أتفق معه كذلك و أراه موضعة زمنية للنص تلغي فعاليته و شموله يتكلم أبو زيد عن أسباب النزول في أكثر من موقع من الكتاب أرى أنه أخذ موقفا متوازنا أكثر في آخره أما الناسخ و المنسوخ هذه المعضلة التي تشغلنا دوما فربما يكون طرح أبوزيد و تقسيمه لها ناضجا و أقرب لتقديس النص أكثر من طرح بعض المشايخ و إن كنت لا يمكن أن أوافق على مسألة المنسوخ تلاوة لأنني أعتقد بوجود أزلي سابق للنص حسب التصور الأشعري الذي يرفضه أبوزيد تماما و هذا إحدى الاختلافات الجذرية أيضا .. كلامه عن التأويل و ضرورة أن يكون المنشغل به ملتزما و متمكنا بعلوم التفسير حتى لا يميل به إلى الأهواء و لا يصبح التأويل سائلا لكل من أراد كان جميلا و رد على من يتهم الرجل بأنه يريد أن يصل إلى سيولة النص لا أعرف إن كان ذكر ما يخالف هذا في كتاب آخر .. بالمحصلة أجد هناك اختلافات حقيقية بين التصور الإسلامي العام للقرآن و بين تصور أبوزيد ولكن تصوره و آراءه لم تكن خاصة به في قسم كبير منها بقدر ما يشترك فيها مع جزء كبير من المدرسة الإسلامية نفسها ليس المعتزلة وحدهم و إن كان هناك تحيز في كتابته فإنه تحيز باحث و قارئ جيد للنصوص يمكن الرد عليه من خلال قراءة أخرى للنصوص نفسها و الاختلافات التي قدمها مع تأكيده على ضرورة امتداد فاعلية النص في الزمان و استخدام التأويل لأجل ذلك حتى لا يكون النص ابن زمانه التاريخي فقط قد تصل إلى حد الاختلاف نعم و الاختلاف الجذري أحيانا ولكن ليس إلى حد تقديمه كزنديق يحارب الله و رسوله و يريد إلغاء الدين .... و تصويره ككاريكاتير للهجوم عليه و محاربته فقط بدل الحوار الحقيقي من خلال كتاباته أو إهمالها إن كانت لا تستحق . آراؤه و إضاءاته مفيدة لإعادة الحياة إلى هذه المدرسة التي أكلها الجمود على كل حال ... على الأقل من خلال مراجعة أنفسهم للتمكن من الرد عليه باللغة و الفكر و القرآن نفسه لا بالشتم فقط .. على الأقل و لا أحد ينكر أن قراءة القرآن و تقديمه في الخطاب الديني المحارب للتاريخية كصنم هو نفسه يقدمه كمنتج تاريخي صالح لزمانه فقط و يرفض أي قراءة تستفيد منه في هموم الحاضر الحقيقي و يتناسى وعي أن هذا النص الهوية و العقيدة صالح و مجدد و فاعل في كل زمان و مكان .... هذا لا يعني أن أبو زيد هو بديل إسلامي و متزن للخطاب التقليدي ولكنه محفز لهم للمراجعة و التجديد و مفيد حقا في هذه العملية .. و هو مفيد للتعرف على مناهج الألسنية و النقد الحديث أيضا. رحمه الله و غفر له ...
Negative,مش عارف ليه حسيتها مبتذله ومفيهاش اى نوع من انواع التشويق او الاثاره. والاقتباس واضح بشده من سلسله ما وراء الطبيعه. وبعدين مفيش اي خيال او شئ خارج عن المألوف. من الاخر واحده من اسوأ الروايات اللي قرأتها في حياتي
Negative,من أسوأ ما قرأت فى حياتى على الإطلاق ...
Positive,احببت موضوع الروايه وجذبني اسم الروايه جدا واستمتعت بها ولكن اعتراضي الوحيد على النهايه التي جعلتني اشعر بالضياع والغباء..
Mixed,فكرة شرح المعلومات في اخر الكتاب رائعة
Positive,اجمل روايات رضوى عاشور
Positive,"الكتاب رائع جدا خاصة للرد على الملحدين وأسلوبه مشوق وممتع ومفيد جدا وجدير بكتاب كهذا أن يدرس لا أن يقرأ مرة واحدة... تبدأ رحلة عقل بعرض الرحلة الفكرية لأستاذ الفلسفة البريطاني أنتوني فلو الذي تراجع بعمر الثمانين عن الالحاد الى الايمان، بدافع من الاكتشافات العلمية الحديثة، لكنه توقف عند الاقرار بالالوهية دون اعتناق دين من الاديان... ثم يستكمل الكتاب الرحلة فيطرح العلاقة بين مفاهيمنا الدينية ومشاعرنا الروحية وبين بيولوجيا الانسان، متمثلة في جيناته ومخه وقلبه... واخيرا يضع الكاتب في ميزان العقل رحلة الانسان في الوجود المشهود والغيبي كما يعرضها الاسلام ليرى ان كانت تصل في حجيتها الى مصاف الحقائق العلمية"
Negative,"لا انصح به ابدا، حتى يقوم بعملية ترميم كاملة . قربه من الحرم وبعض الخدمات. المفارش قدييمةودورات المياه سيئة التصريف، وقديمة ومتسخة جداتوجد بعض الحشرات في الغرفالصيانة والخدمات جدا سيئةالهواتف لا تعملخدمة الغرف والاستقبال بليدين جدا"
Mixed,السعر غالي مقابل الخدمات والسكن. . مواقف السيارات متوفرة بكثرة .. الغرفة نظيفة .. خدمة الغرف طلبوا تنظيف الغرفة قبل أن أطلب منهم .. سرعة في تسجيل الدخول وسرعة في تسجيل الخروج .. جميع الموظفين حاضري الابتسامة وفي الخدمة .. موقعه على شارع الشيخ زايد مباشرة .. ممكن أكرر السكن فيه لو انخفض سعره ... السعر غالي مقابل الغرفة والخدمات .. طلب تأمين على الغرفة وسحب من الفيزا وأخبروني انه سيعود لي بعد أسبوعين .. رغم كثرة المصاعد إلا أنه يوجد انتظار طويل نوعا ما عند أبواب المصاعد فالبرج الواحد فيه دور .. المطبخ شكل بس ادراج خالية وثلاجة وبوتجاز .. لا يوجد أدوات مطبخ ولا مايكرويف حتى ملاعق لا توجد .. ممكن أكرر السكن فيه لو انخفض سعره
Positive,استثنائي. الترحيب والاستقبال والنظافة والتفاهم وتخليص الحجز والي اخره..
Positive,الاقامة بصفة عامة جيدة جدا . الموقع والخدمات بالفندق. الازعاج و التنبيهات للخروج من الغرفة قبل موعد المغادرة حيث يتم التنبيه قبل المغادرة بيوم و كذلك الاتصالات الهاتفية من الاستقبال المستمرة بالرغم من عدم تجاوز الموعد المحدد
Negative,كتاب قرأته و انا في الصف الثاني الاعدادي على ما اتذكر. بالتأكيد مثل هذه الكتابات و غيرها من أمثال الكثير مما كتب أنيس منصور عليه رحمة الله كانت تجد صدا لها في طفولتي و لا أنكر انها حفزتني على القراءة.. لكن عندما أفكر فيها بعد العشرين أجد أنها لا تحمل اي قيمة سوى الترفيه و التدريب على القراءة ليس أكثر
Negative,استمتعت بقراءة بعض المقالات اللطيفة و الملهمة لكن اغلبها كان مكرر بالنسبة لي
Mixed,"بعض النصوص مذهلة ، والبعض الاخر عادي وممل اجمالا الاسلوب غير سلس ولم استسغه كثيرا... ربما لاني قرأت ادونيس وانسي الحاج وجدت نمط اللاطمأنينه والحيرة عندهما مسبقا فتشبعت به .. ربما"
Positive,"بذرة الشر تهيج، ولكن بذرة الخير تثمر، إن الأولى ترتفع في الفضاء سريعآ ولكن جذورها في التربة قريبة،. حتى لتحجب عن شجرة الخير النور والهواء، ولكن شجرة الخير تظل في نموها البطيء، لأن عمق جذورها في. التربة يعوضها عن الدفء والهواء.... عندما نلمس الجانب الطيب في نفوس الناس ، نجد أن هناك خيرا كثيرا ، قد لا تراه العيون أول وهلة"
Mixed,"تنتقص لاخلاقيات الشريعة ولعل هذا بسبب ما كان سائدا فعليا في فترة كتابتها .. ولعل هذا السبب الذي يجعلني انتقص النجمتان .. أما الفكرة والأسلوب فرائعان كعادة بهاء طاهر .. في الرواية ما يثبت لي أن التاريخ يكرر نفسه دائما.. القصه ما هي الا مجاز عن قضية أكبر. وكأنه يتحدث عن فلسطين أوما شابهها من قضايا. الذروه بالنسبة لي كانت عندما يسئل البطل. ترى لما فعل ابن عمك هذا؟ . لا أعلم هل اجاب الكاتب على السؤال عندما جعل البطل يكاد يضحي بحياته من اجل حبيبته ام انه ترك الاجابات للقاريء او للزمن بشكل نهائي. تحمل نسختي من هذا الكتاب توقيعا من المؤلف،الذي أحترم كتاباته بشدة واحترم كونه اديبا رائعا يستطيع التعبير عن فكرته باسلوب سلس شائق."
Mixed,جميل اسلوب المنسي قنديل. قصص قصيرة جيدة. تتحدث عن الخواء والفراغ الداخلي والاحساس بلاجدوى الحياة. وتتحدث عن الزمن القاسي الذي يبيع فيه الانسان كل شئ وأي شئ. القصة الاخيرة قصة سعدة الفتاة ذات الوجه الصبوح. قصة كل المغتربين في الخليج. قصة قاسية. قاسية حد البكاء. .......................... لماذا يجب أن تنام معه نبقة ولماذا يجا أن اجلس تحت قدمية .... لماذا تكون لقمة العيش بهذا الذل وبهذه المرارة
Positive,"رائع. أشكر المدير المناوب أحمد النفاعي على حسن تعاونه ، روح التعاون من بعض الموظفين، السماح للطفل تحت سن سنه بالدخول مجانا في المطعم،الترحيب الجيد بالضيف.. أقمت في أدوار مختلفة لأني مددت الإقامة وجددت حجزي في الفندق ولكن وجدت خدمة الفندق في الدور سريعه على عكس الدور والدور بل في كثير من الاحيان لم يتم الاستجابة لطلبي ولم تكن الضيافة موجودة في بعض الغرف التي تم حجزها ،لم يتم قبول تبديل فطوري بسحور لقدومي بعد وقت الفطور للفندق،هذا غير أنه عند ذهابي للسحور وجدت أمراءة تطلب مني أن اسمح لها بمشاركتي السحور لانها صلت المغرب والتراويح في الحرم وعند عودتها للفندق لم يقبل لها الدخول للفطور لانتهاء الوقت .عدم وجود مصلى خاص بالفندق. البطانيات قديمه جدا ومنمشة."
Mixed,"كانت تجربتي الثانية للقراءة للمؤلف وبنفس الموضوع بعد قراءتي لإصداره القراءة الذكية، يتكون الكتاب من تسعة فصول متسلسلة كالتالي :. الفصل الأول: كيف تقرأ كتابا إذا كنت لا تستمتع بالقراءة؟. الفصل الثاني: كيف تصبح قارئا شغوفا؟. الفصل الثالث: ما هي مجموعات القراءة؟. الفصل الرابع: كيف تنشئ مجموعة للقراءة؟. الفصل الخامس: كيفية الاستعداد لجلسة مجموعة القراءة. الفصل السادس: العراقيل التي قد تواجه مجموعة القراءة. الفصل السابع : كيف تجري جلسة مجموعة القراءة؟. الفصل الثامن : كيف نجعل الأطفال يحبون القراءة؟. الفصل التاسع : كتب مقترحة لمجموعات القراءة الجديدة.. والجديد في هذا الكتاب من وجهة نظري مايتعلق بمجموعات القراءة لإنه يطرح من خلالها خلاصة تجربته في إنشاء مجموعات القراءة،وماسواه تم التطرق له بشكل مختصر في كتابه القراءة الذكية.. مقتطفات من الكتاب :. فوائد مجموعة القراءة :. انضمام وتفاعل المنتسب للمجموعة يجعل منه قاريء نشط.. الالتزام بالوقت المحدد لقراءة الكتاب وبالتالي اكتسابه لمهارة الالتزام بالوقت.. اكتساب المنتسبين لمجموعات القراءة ملكة الحوار والنقاش.. القدرة على ضبط النفس والإنصات الجيد لما يطرحه الآخرون.. لايحتاج المشارك في مجموعة القراءة إلى بذل جهد كبير في قراءة الكتاب المقرر نظرا للفوائد التي سيجنيها من حضور النقاش. مواصفات مدير المجموعة الناجح:. قاريء جيد ومطلع على مواد المناقشة. لبق وقادر على إدارة دفة الحديث. يجيد التعامل مع النوعيات المختلفة من البشر. ملتزم بالوقت. مستمع جيد. بقية العرض هنا. :// . . / ="
Positive,يا الله. عمل قمة فى الجمال أمن الضرورى فقد من حولنا لنشعر بأهميتهم ؟. الاولاد و الأب لم يهتموا بأمهم أو يشعروا بها الا عندما اختفت.. الفصل الاول يدور حول الابنة الكبرى التى تأكدت أنها لا تعرف شئ عن أمها ولم تعلم أن امها اصيبت بسكتة دماغية و نقدر نقول أنها من اكثر الابناء تاثرا بفقد الأم. الفصل الثانى عن الابن الاكبر. الابن المفضل لأمه الذى ضحى كثيرا من أجل امه طوال حياته و حين لم يستطيع تحقيق حلمه أحست أمه بالذنب. الفصل الثالث عن الاب الذى لم يشعر بالحب تجاه زوجته الا عندما فقدها و يبدأ بعد خمسين عام من الزواج الندم على تجاهله لها و هربه من البيت بصحبة الفتيات. الفصل الرابع يعود للأبنة الكبرى التى مازالت تتمنى رجوع امها و مازالت تشعر بالأمل حتى بعد أشهر من اختفائها و كل ما تفعله هو أن تدعى و تصلى الى الله و تقول أرجوك اعتن بأمى.
Negative,هذا الفندق لايستحق ان يصنف من الفنادق الجيده . لا شىء. الغرف غير نظيفه مستوا الخدمه جدا ضعيف طاقم الاستقبال غير مدرب كفايه لاستقبال النزلاء الاكل في خدمه الغرف لايصلح لاستعمال الادمي تقييييمي لهاذا الفندق انه لايستحق اي نجوم ولا يستحق ان يعرض
Mixed,أحببت الفكره .. لكن لم تعجبني طريقة السرد مملة قليلا
Negative,الكبه الحايلي اسمها كذا الى هو ورق عنب مسفط المهم قد طلبناه قبل سنه تقريبا وكان لذيذ هذي المرة اخذنا معاه كبه ومتبل ومشويات وكل الى ع السفرة كان اقل من عادي والحمد لله ونصيحه لا تجربون مشويات من عندهم المشكله حتى الكبه الحايلي كانت مجمدة مافيها لا طعم ولا حياة
Mixed,عجبنى التفكير الفلسفى
Mixed,مقبول. قسم الاستقبال.. عدم وجود مواقف للسيارات.الاثاث قديم مخالف للمنظر المعروف في العرض .الغرف ضيقة جدا.
Positive,خمس نجوم دعما لأشرف : . قرأت الكتاب فضولا لمعرفة ما سبب إعدامه ولم أجد أي جملة تدعو للإلحاد أو الشرك.
Mixed,حسن. . إزعاج المنظفين
Mixed,الي حد ما مسلية فيها شوية معلومات ورسالة واضحة عن الظلم والنفس البشرية ا مارة بالسوء بس بصراحة تطويل في وصف طرق التعذيب مبالغ فيه ل طالة وخلاص.. نجوم عشان الكام معلومة وخلاص
Mixed,حسن. موقعه ممتاز لا توجد مميزات أخرى. الغرفة غير نظيفة كفرش الارضية فيه بقع وقذارةمرتبة السرير غير مريحة تماما وليست فيها جودةبوفيه السحور غير متنوع ويفتقد للاكل الريئسي السعودي
Negative,فندق سيء لا يستحق أكثر من أربع نجوم . الموقع فقط. للأسف الفندق سيء من كافة الجوانب ... موظفين غير مؤهلين ومدرائهم أسوأ منهم ...المصاعد سيئة وفي كل نزول أو صعود تضطر للانتظار طويلا ... الفندق لا يستحق خمس نجوم إطلاقا
Negative,ضعيف. لاشيء. موظفو الاستقبال يحسبونك بقرة حلوب حجزت عندهم لشخصين بالغين زائد طفلين وارادو ان يضيفو علي مبلغ درهم قيمة سرير اضافي قلت لهم اوكي شخصين بالغين لهم سرير وين ينامو والاطفال كيف ؟ واصرو على دفع مبلغ درهم فطلبت منهم احضار المسؤول هندى الجنسية الدي امرهم باضافة سرير واحد مجانا مشكور على تدخله. ومنعوا ابنتي التي حضرنا الى الدولة قصد زيارتها من البقاء معنا والمبيت معنا رغم انهم لم تكن تتوفر عندهم شقق اكبر يمكنني الترقية اليها. نفس المعاملة قوبلت بها بعض الاسر العمانية .المهم .لا انصح فيه بالنظر للمعاملة السالفة الدكر وكدا الضجيج الدي تسمعه بالخارج سواء من السيارات او من الاشغال المقامة بالقرب من المكان.
Mixed,حسن. فندق جيد ولكن موقع صعب.
Mixed,جيده . المويه في عز الصيف تحصلها بارده يعني تاخذ شور كانك في الشتاء عكس الفنادق الثانيه. البوفيه سيء جدا
Mixed,سافرت لأكثر من دولة لم أواجه أسوء من إستقبال هذا الفندق . هدؤ. لم تجهز الغرفة الا بعد الساعه : .
Negative,اسلوب الحكي سيء .. الاسقاطات بعيدة جدا.. نهاية غير مرضية
Negative,"كتاب يحتوي على نصوص بسيطه جدا، اسلوب ركيك، مفردات بسيطه، عدم الترابط بين الصفحات و المواضيع.. لا يستحق عناء الشراء و القراءه، لا يضيف أي شي إلى القارئ او القارئه بوجه خاص بما ان الكتاب موجه لها تحديدا."
Positive,جيد . يجب إصلاح الشبابيك. أصوات تدخل من الشبابيك الأقفال خربان وصيانة المكيفات
Negative,"أعجبني حوار الرجل مع نفسه وهو يريد الانتحار ، كما شدتني فكرته عن إفساد المجتمع. ما عدا ذلك فاعتبره عاديا مقارنة مع مستوى دوستفيسكي الهائل"
Mixed,"احترت في تقييم الكتاب ما بين ثلاث او اربع نجمات لكني اعتمدت اخيرا على الثلاث كوني وجدت الكتاب يلزمه بعض التوضيح للشواهد المدعمة للعناوين الرئيسية في بعض الأبحاث لاسيما الاجتهاد التصوف امام الاديان لعل الكاتب اراد من ذلك ترك الخيار للقارئ ليفكر بعد سرد الادلة واستنباط الحكمة ما وراءها تحقيقا لعنوان الكتاب ... لا أنكر ان لغة الكاتب صعبة بعض الشيء كما بقية الكتب التي تناقش الامور العقائدية وتسرد في ادلتها ، لكني احببت اسلوبه في تلخيص. فحوى البحث في نهايته مع مع بيان حكم الشارع وموقفه ، فيما عدا بحث المذاهب الفكرية والاجتماعية خصوصا عندما تطرق لنظرية التطور والوجودية اذا لم اتفق معه فيما تعرض له من افكار. استمعت ببعض الابحاث واثراني بالكثير ، كانت لي وقفة بعد كل بحث مابين العادات المجتمعية و الاقوال الماثورة ومابين راي الشارع وماعرضه الكاتب"
Positive,استثنائي. موقعه قريب جدا للبحر.
Positive,كلما مررت بالمقابر ازداد حيرة سؤالي لماذا يضعون الاسوار حول القبور هل يستطيعون ايلامنا ؟ ...ان الالم كلة يأتي ممن خارج هذه القبور..الألم الحي الذي يسير مع خطواتك ووخزة يغوض في نبضك للعمق ...ترى ايعقل ان يكونوا يخشون ان يمتد اذى الاحياء الى هؤلاء الراقدين في سلام في قبورهم. ؟
Negative,اذكر قرأتها منذ سنوات كانت مجرد قصة لا أكتر ولا أقل شدتني بالبداية لكن طول الأحداث وتشعبها أشعرني بأنها لت وعجن أفسدت أستمتاعنا بالقصة هممم أستطيع أن أقول أنها مسلسل خليجي يستمتع بالألم مع الإحترام للغة الكاتبة الرائعة
Positive,من اهم الكتب فى التسعينات. فى عالم ما بعد السوفيت و نهاية الحرب الباردة كان البحث العربي عن من نحن ؟ و من اعدائنا ؟ فالاشياء تعرف بالضد صدر الكتاب. هل كانت نظرية هنتجون كاملة و سليمة و منتشرة وقتها ؟. او بمعنى اخر هل الصراع البلقانى و السياسة الخارجية العالمية فى كل العالم تسير بمبدأ الصراع بين الحضارات ؟. لا اعلم و لا اظنها بنفس درجة وضوح الكاتب و نظريته. لكن مع صدور الكتاب و بمكانه كاتبه و صدى الكتاب تحول الى نبوءة محققه لذاتها و اصبحت فكرته و نظريته تحكم العالم حتى بدون قصد او تدخل
Negative,لم تكن مثل ما توقعت..
Negative,جيد مقارنه بسعره . صوره في البرنامج. قدم الموقع نوعا مايوجد ازعاج من المرقص حيث اني ساكن في الدور الثاني ولاينفع لمن ينامون بدريوموقع الفندق ليس جميل
Positive,قال يوسف السباعي في مقدمة كتابه السقا مات أنه يرى أن فى اللغة الدارجة لكل بلد طعم مختلف و يقصد بها ما نطلق عليه اللغة العامية و ربما ذلك لأنها يمكن أن تخرج عفويا واصفة أقصى لحظات السعادة أو الحزن. و موافقة منى للسباعى رحمة الله عليه. أطلق ها هنا صرخة بالعامية إعجابا منى بتلك التحفة الفنية الخاصة بنجيب محفوظ و التى لولا صدورها فى طبعة لمكتبة مصر تحت اسم نجيب محفوظ لظننتها جزءا حقيقيا من ألف ليلة الأصلية. إيه الحلاوة دى؟؟؟؟؟ . إيه الإبداع دة ؟؟؟ مبدع الحارة الشعبية فى كل صورها و فى كل زمن و تاريخ . شكرا لكل اللى أشادوا بالكتاب و شجعونى على شراءه و قرايته
Mixed,فندق جميل . النظافة والمرافق. عدم وجود بقالة اسفل الفندق
Mixed,"القرب من الحرم النبوي لا يعدله شيء . أعجبني محاولة الاهتمام بنا. الشقة التي سكنت بها يصدر منها روائح سيئة جدا قد تكون بسبب غرف التفتيش في المطبخ، كما أن السيفونات جميها متعطلة، بالإضافة إلى ذلك فالأثاث قديم ومستهلك جدا"
Positive,ممتاز . ممتاز جدا من ناحية الموقع و الخصوصية والرسبشن ماشفته غير يوم الوصول و يوم المغادرة باقي الايام ادخل و اطلع بالسياره من البدروم.
Mixed,جيد مرتفع . متابعة موضوع النظافة أولا باول. دورات المياة وارضيات الغرف قديمة
Mixed,"مستوى المطعم في تراجع حجزت طاولة للغداء ليوم آذار لخمسة أشخاص قبل بضعة ايام من موعد الحجز و عند حضوري في الموعد المحدد تم إرشادنا للجلوس على طاولة مستطيلة غير مناسبة لخمسة أشخاص ، وعندما طلبت نقلي الى الطاولة المجاورةالمستديرة التي تتسع الى خمسة أشخاص اخبرني المشرف على الصالة بان الطاولة مشغولة بزبائن وأغراضهم عليها لم نرى أية اغراض وكانت الطاولة جاهزة وجلسنا على الطاولة المستطيلة جلسة غريبة نتفرج على الطاولة المجاورة التي بقية فارغة طول مدة الغذاء ونتندر عن الشجاعة لدى البعض بالاستهانة بعقول الناس. سعر دينار للشخص لوجبة غداء بدون كحول وصحن السمك خالي من الخضار او البطاطا سابق لارتفاع الأسعار ويزيد كثيرا عن الأسعار السائدة في المطاعم المماثلة . اعتقد انه سيمر وقت طويل قبل ان اذهب لهذا المطعم مرة اخرى . زبون قديم"
Mixed,جيد . قربها من الحرم. رائحة الغرفه مجاري
Positive,راجح محمد البقمي . كانت أقامة جميله وتعامل راقي. لايوجد
Mixed,رائعه لمحب الروايات الدائره حول شخصيه محورية غامضة سيئه لمحب التعرف علي السودان بشكل روائي كبير في زمن معين حسيت ان الشيء الممل فيها هو الاطاله في مواضع وتسريع الاحداث في مواضع تانيه بدون داعي للتذبذب اللي حصل ده اصلا ولا يخلوا لف الغموض حول الشخصيه من بعض الافراط المبتذل لكن في النظره العامة ليها كصراع حضاراتين ممتعه في سطورها وجيده كبدايه معرفتي بالطيب الصالح الله يرحمه.
Mixed,مرضي. ان هذا الفندق مناسب وجيد لوجود مساحة كبيره الجناح ويعتبر جيد.
Positive,"جيد. القرب من الحرم ومواقف الباصات. عم امكانية اضافة محطات تلفازية حسب الافادة ، انقصاك هاتف الريسبشن ليوم كامل دون حل ، تأخر السباك عند طلبه لأكتر من ثلاث ساعات ."
Negative,مفيد كبدايه ولكنه غير وافى اطلاقا
Mixed,فندق يسبب الملل . الموقع. الروائح الكريهه في سجاد الممرات ... لايوجد تهوئه للغرف
Positive,رواية ممتعة ولغة بسيطة جميلة .. انصح الجميع بقراءتها ... وتستحق اكثر من البوكر
Positive,ممتاز. النظافة والأثاث ممتاز التكييف كويس الإضاءة ممتازه. السرير قاسي جدا وغير مريح
Positive,"رحلة جميلة . الترتيب والنظافة والموقع. الازعاج بسبب بعض أعمال الهدم والتكسير في المبنى،"
Negative,"قصة مؤلمة جدا جدا.. فالأحداث المأساوية التي فيها تجعل البنت التي لم تقرأ كتاب في حياتها وبالنسبة لها أن هذا الكتاب هو أفضل كتاب بالعالم تجعلها تنهار من البكاء، مع كامل الاحترام لأصحاب القصة الحقيقية، إلا أنهم انجرفوا عن الصواب في جعل قصتهم بيد هذه الكاتبة الضعيفة.. قرأت عمل سيء هو الآخر، وبعد خمسة سنوات ، لم تتطور نهااااااااااائيا أبدا أبدا.. الأسلوب السيء نفسه، الحبكة الضعيفة عينها، اللغة الركيكة هي هي. هل يعقل أن كاتبة بعد أربعة أعمال حسب علمي لا تزال بهذا السوء؟؟. والطامة الكبرى والمصيبة العظمى أن هذه التي بيدي هي الطبعة الخامسة للكتاب، وإن لم يخب ظني فقد طبعت الطبعة السادسة ؟؟. هذا يعني أننا في انحدار في الذوق والأدب والثقافة. حاولت أن أجد جملة بليغة أو حكمة مستخلصة أو حتى سرد ممتع ومشوق.. للأسف فإن دار السلاسل كدار نشر هذا هو مستوى كتبها بشكل عام، كتب رديئة سخيفة تضاهي سخافة كتب بلاتينيوم ونو ا لس.. هذا العمل هو استغلال لمأساة أناس عاشوا ظروفا صعبة، مأساة لم تكتب بشيء جيد لم تعرض بشيء جيد ولم تحظ حتى بغلاف جيد، واللي يقهر أنها تسمي نفسها بالمقدمة الكاتبة علياء الكاظمي يا عزيزتي أنت السالقة ولست بكاتبة، وكتبك كلها مسلوقة سلق."
Negative,مع احترامي الشديد لها هل وضعت قصائد نزار قباني و عكست ما كتب في أمور النسيان ؟. هل تضادت معه ؟. لم أحبذه ابدا
Negative,كتاب أو بالأحرى كتيب لا علاقة له بالاعترافات ولا حتى بالنساء.. اتبعت فيه الكاتبة أسلوب الرمزية والتي لا أفضلها في المجمل فكيف إذا كانت هذه الرمزية غير مبررة وغير متناسقة أصلا مع النص.. لم أجده شعرا ولا حتى نثرا إنه مجرد خواطر قد تكون ستاتيوس على الفيس بوك أو تويت على تويتر ولكن أن تجمع بين غلافين من الكرتون ويطلق على هذه التشكلية اسم كتاب.. فهذا هو الاجرام بعينه
Positive,"جيد حقا. فندق جيد جدا، وبه شاطئ جميل. يستحق الحصول على العلامة التجارية كمبينسكي. الغرف مريحة، وجميلة، ومصممة بشكل جيد. المطاعم، والحانات، وجميع الأماكن التي تحتاجها مثالية؛ كما أن الخدمة ودية وجيدة."
Negative,"الرواية من النوع البسيط الذي تنتهي قراءته سريعا ،. ف طرحت فكرة رفض المجتمع أن يقوم رجل سليم بتزوج فتاة بكماء. أحببت تطرق الرواية لهذاالموضوع. بشكل عام لم تعجبني الرواية ، صاحب قراءتي لها شعور باللاشعور . لم يعجبني استخدام ضمير المخاطب بكثرة. ولادة حبه غريبة وفي الحقيقة أنا لا أعتبره حبا ابدا . لا حب يولد من غير رؤية الوجوه ، لا أقصد بهذا أن أدلل على أهمية جمال الوجه كي يولد الحب ، لكن ليس بمقدور انسان أن يحب شخصا يجهل ملامحه. فهو حب ناقص ركز على جمال عينيها ،. اعتراضاتي :. أولا : لا يمكن أن تحب شخصا تجهل ملامح وجهه ، فهذا أمر أشبه ما يكون بحب خيالي لا يتصور ولا يتم الشعور به حقيقيا . ثانيا : الحب مواقف ولم تجر بينهما أي مواقف عند ولادة حبه الخيالي تبين محاسن أخلاقها أو غيره .. ثالثا : لا يمكن للحب أن يولد باستخدام عوالم افتراضية كالإيميل والسكايب ، وإن تهيأ لأحدهم أنه قد ولد ، فيكون حبا افتراضيا . رابعا : هدية تقدمها المحبوبة له تكون على شكل أن تخلع أمامه الحجاب وتبين محاسنها و تعبر عن حب مطروحة منه البركة ، إنماالحب الطهر ، إنما الحب العفة شعرت بالاشمئزاز في هذه الجزئية"
Negative,"أعترف بأنني لم أقتنع يوما بما يسمى اعجازا علميا في القرآن الكريم أو السنة النبوية الشريفة ما لم يرفق الاعجاز المعلن عنه ببحث علمي موثق وصادر عن مؤسسة علمية معترف بها عالميا وبإشراف فريق من العلماء المتخصصين ذوي الخبرة العلمية. أوافق الكاتب في أن القرآن معجزة بحد ذاتها لا يأتيه الباطل حتى قيام الساعة، إلا أنه ليس مطلوبا منه أن يكون كتابا في الفيزياء والطب والعلوم المختلفة التي لا تستقر على نهج أو رأي. وأوافقه في كون المسلمين يعانون من عقدة نقص تجاه الغرب الذي يبجلونه ويحلم شبابهم بالهجرة إليه، والغرب نفسه أيضا الذي يؤمن بعضنا بأن الله سخرهم لخدمتنا وأنهم خالدون في نار جهنم لأنهم كفرة . وأؤمن بشدة بالمقولة القائلة الدين أفيون الشعوب ، أضف إليه جهل هذه الشعوب، واعتمادها على السمع كمصدر موثوق للأخبار بديلا عن البحث والتحقق من المصادر و التجربة. هذه الخلطة المقيتة كفيلة بخلق تجار الدين الذي يزداد عددهم يوما بعد يوم وتزداد فتاويهم سخافة واستخفافا بعقولنا.. قرأت اليوم منشورا في إحدى مجموعات القراءة على الفيس بوك يقول فيه صاحبه أن إقرأ، الكلمة الأولى التي نزلت في قرآننا والتي نباهي بها دوما، منذ أن تم إضافتها كصفة للأمة الاسلامية أمة إقرأ فقدت قيمتها ودخلنا في صنف الأمم المتفاخرة بما لاتملك، وأنها منذ لحظة نزولها كانت فعل أمر و لاشيء غير الأمر، الأمر بإقرأ وكل ما يرافقها من اعمل عقلك وابحث وجرب وتأمل في مكونات الكون والطبيعة حتى تصل... الكتاب عبارة عن مجموعة مقالات تهاجم تجار الدين وتجارة الاعجاز العلمي الغير المرفق بدليل عقلاني ومنطقي قائم على البحث العلمي بكل أساسياته المعروفة لأي باحث. والنجمتان لأن أسلوب الكاتب القائم على الهجوم والسخرية واستخدام الكلمات العامية في موضوع جدي كهذا لم يعجبني، كما أن تكرار بعض الأفكار كان مملا بعض الشيء. إلا أن الكتاب بشكل عام يسلط الضوء على مأساة أخرى قد تضاف إلى ما لدينا من مآسي عندما يلبس شيخ الدين بالطو المختبر وتناقش العلوم من على منابر المساجد"
Negative,ضعيف. . تعاملات الطاقم سيئه
Negative,فندق غير مريح جدا . لم يعجبني فيه شي. اثاث قديم حمامات ضيقه وغير مريحه روائح في الفندق الانترنت غير مجاني
Negative,لا انصح فيه .. نجمتين حده . لا شي. سويت شيك ان حطني في غرفه انا ماحجزتها وللمدخنين والفرش مستهلك قلت اوكي ماشي ..ودفعت حق ليله بعد ساعات اتفاجا انهم سحبو مره ثانيه حق الليله من الكردت كارد عن طريق الموقع رجعت لهم مره ثانيه قالو هذا تأمين... طيب انتم ماقلتو لي اي حاجه التأمين.
Positive,الكويت . القرب من الحرم وبوفيه الأفطار ممتاز والخدمة جيده. الحجز في أعطيته عدد والفندق أخبرني أقل من العدد المسجل في المقصود بالعدد الأطفال
Negative,مخيب للأمل. الدور الأرضي هو كويس. البلقي ريحتها دخان.
Mixed,"يوجد هناك صراصير في الحمام ازعجتني كثيرا . النوم ، المطبخ ، الصالة ، المساحة. النظافة ، تفوح رائحت المطبخ الخاص بالفندق في الصباح الى شقتي ، وذالك لي وجودي في الطابق ال الحمام ، لقد حصلت في سافرتي التي تتكون من ليالي ، صراصير مختلفة الأحجام .. في كل يوم وحدا وصوت المكيف مزعج لما ينفتح ، فجعني عدة مرات والسلام عليكم ورحمة الله وبركاته"
Positive,جيد جدا. طاقم العمل ممتاز وحريص على خدمة الزبون لهم جزيل الشكر مني الفندق والاثاث ممتاز يحتاج فقط الي اهتمام بالغرف. النظافه للفرش ونظافة التواليت غير جيده
Negative,لنبدأ بان هذا من أسوء الكتب التي قرأتها.. صفحة مضيعة للوقت. . . من الروايات التي تتوقع منها الكثير عنوان جذاب خاصة و أن إل. عنصرية بامتياز: الإسلام هو الدين الصحيح و جميع الأديان الأخرى خاطئة و بصفة مبهمة يؤمن الجميع بفضل الداعية ندى و يدخلون الجنة بالرغم من تربيتهم المتشددة على اليهودية و دفاعهم عنها في البداية ثم لا تلبث أن تراهم و قد تزعزعت معتقاتهم و سلموا أمرهم لله أما كل من يبقى على دينه فيموت.. تبيض و تصنيعا لصورة المسلمين و الإسلام ملائكة على وجه الأرض انحياز تام لدين الكاتبة.. قصة حب ندى و احمد لم تقنعني وكئنها ستتجوز أخاها من حيث لا تدري يختفي احمد و يصاب بفقدان الذاكرة و يبدأ النحيب و معاناة جميع من في الرواية و تتسارع الأحداث و يعود احمد من حيث لا تدري أيضا و ترجع الذاكرة على مراحل. و لم يحصل كل هذا إلا لشدة حبه لندي و غيرته علليها. حتى من لا يفهم علم النفس يعرف أن هذه الأمور لا تحدث بهذه الطريقة أو حتى بهذه السهولة سنوات كاملة لا يذكر من هو حتى انه غير دينه ثم يعود إلى البيت و في ضرف أيام يتغير كل هذا .. سطحيييية قاتلة و في الأخير يتجوز حبيبته التي أحس أنا أنها أخته و يعيش في سعادة و هناء بعد أن كادت تتجوز صديقة. :
Negative,سيئة ومشتته
Negative,أقل ما يقال في هذا الكتاب أنه عبيط .. وتقريبا أستعمل هذه اللفظة للمرة الأولى في تقييم كتاب.. ولكني لا أجد له توصيفا أنسب.. وخالد منتصر ممن أكن لهم كراهية عميقة وهو يزيدها في كل مقال وكتاب عمقا واتساعا وتجذرا
Mixed,حياة بشرية عريبة يمكن تلخيصها فى كلمتين دماء وزغاريد
Negative,"المسلسل التليفزيوني أفضل، الشخصيات والحوارات مملة، من الصعب التعاطف مع البطل"
Negative,احب دبي . لا انصح احد به سي جداا ولايسمح بالضبوف. يقع الفندق بمنطقة بعيده وكلها هنود وافرقيين وتحس بالخوف طوال الوقت وكل شي قديم ورواءح كريحة
Negative,حسسني مثل كتب المدرسة ..
Negative,"هذه الرواية كخيبة الأمل تماما بالنسبة لي .. شدتني العبارات وقد أتقنت الكاتبة حياكتها فظننت أنها قد تروي قصة تشدني تفاصيلها ينفس القدر حتى وجدتني أدور في حلقة مفرغة. تشويه الحب في القصة لارتباطه بأوجه مختلفة للإبتذال مؤسف جدا. الكثير من الحشو و المبالغة في تصوير شخصية البنت، عدى أنها مملة. لا أنصح بها.."
Negative,موظفو استقبال عديمو الذوق . الحلاق محمودمشرف مطعم الفردوس. عدم الرد على الهاتف و قلة ذوق موظفي الاستقبال و قلة الاسانسيرات و الواي فاي لا يعمل في الغرفة و لا اللوبي و الحمام بدون بلاعة فقط يضعون فوطة وجه على ارضية الحمام. التنظيف بالطلب و بعد فترة طويلة....باختصار فندق سيئ.
Positive,تجربة متميزة . الكادر بلكامل يجيد الاستقبال والضيافه.. الغرف واسعه. السرير صغير وغير كافي لشخصين
Negative,كان ينقصه بعض الترتيب والايضاح .. وكأن الكاتب يعتمد اننا ندرك ما في عقله
Negative,لغةالرواية ركيكة و أسلوبها غير فني بتاتا ..شخصية سلوى مستفزة ..والنهاية المفتوحة بدون حل لوضع سلوى المرضي لم يعجبني ..بعض الأحداث كان أقحامها كارثة على الرواية ولا أدري ما الفائدة المرجوه منها.. مثل حادثة غزو الكويت و اسماء اقحمتها لجماعة الأخوان المسلمين بدون اي اضافه للرواية وأحزاب الكويت وو غيرها الكثير .. كذلك أن كل أقرباء سلوى أصبحوا جواسيس يعلمون كل تحركات يارا وسفراياتها .؟ . و ايضا قريبة سلوى التي وضعت مولودها بنفس اليوم مع يارا .. ماهذا السخف ؟ . كل هذه بكفه وملاحقة سلوى ل يارا في كل مكان على رجل هي أساسا لم تكن تحبه .. ف لماذا تلاحقها وتود لو تكون نسخة طبق الأصل منها .. ايضا لو انها أحبته حقا لكانت غيرت من نفسها لأجله .. حقيقة أكره هذا النوع الجاهل من النساء المتخبط في حياته ..يهمه تصحيح رأي الكثيرين ولو في ذلك تعارض مع رغباته وطموحاته ... و لا يستطيع أقتناص الفرص لصنع نجاحاته. الرواية مستفزة و رانيا السعد لم تحب بطلتنا سلوى و أغلب الظن أنها تكره شخصية حقيقية تشبه سلوى والا لما عرتها بهذا القدر
Negative,ارى ان الكتاب لا يستحق كل هذه الضجة... واؤمن ان الضجة كانت بسبب الاختيار الذكي للعنوان ليس اكثر
Positive,"من الأسهل علينا تقبل موت من نحب ، على تقبل فكرة فقدانه، وأكتشاف أن بأمكانه مواصلة الحياة بكل تفاصيلها دوننا ."
Positive,"الإسلام كبديل، الكتاب موجه للقارئ الغربي بالأساس لذا ربما لا يجده القارئ المسلم جديدا أو يحمل شيئا مختلفا ربما في معظم فصوله، لكني أراه يقدم تلخيصا مهما وممتعا ومفيدا عن جوانب مختلفة في الإسلام كالإيمان والقدر والفقه والتصوف والنظام السياسي والاقتصادي والاجتماعي ما يجعله يصلح كمرجع سريع عند الحديث عنها.. كان الفصل الأخير الذي أسهب فيه الكاتب في الحديث عن حرب البوسنة مؤلما حقا شرح فيه أبعاد المأساة وتعامل الأطراف الدولية معها ما يوضح كيف يرى الغرب الإسلام وكيف أن المشكلة تكمن في الشعور المعادي للإسلام في الغرب وليس في سوء فهم الغربيين لبعض القضايا عن الإسلام."
Positive,"نجيب محفوظ نجيب محفوظ دائما وابدا ، اول روايه لنجيب اقراها يتعمق فيها نجيب فى الجانب الانسانى للشخصيه ويقلب فى جوانبها بالطريقه الى تخطف الانفاس ، الحزن البؤس الى عايشه كمال والسعاده ونمو شخصتيه والخجل والتعلق بامه وكل حاجه وتشاء الصدفه انى اقرأ روايه مع فيلم روم واقارن بين العلاقه بن الام وابنها فى الجانبين ، يالله يانجيب لم تقع عينى على ابداع او بمعنى ادق كتابه تضاهى اسلوبك"
Mixed,مرضي. الفندق جيد ومريح.
Mixed,تمسني كل كتابات الإمام أبو حامد عندما يتكلم عن القلب و أحواله. الكتيب صغير و هو أسهب عن الكلام في القلب و أحواله في كتاب إحياء علوم الدين في أول ربع المهلكات أنصح به لمن أراد التوسع في هذا الباب
Mixed,مش عارف كنت متوفعها احسن من كده... بس في جمل كتير اوي اثرت فيه برغم ان الروايه محستهاش قويه
Mixed,اسلوب الدكتور خالد غير شيق بالمره
Positive,"جيد. طاقم العمل كان متعاون، وخاصه مصطفى.. هناك مشكلة في مواقف السيارات بشكل عام في أبوظبي ويجب الانتباه لنوع الرصيف الذي أوقفت السيارة به لأنه أغلب المواقف غير مسموح الوقوف بها أكثر من ساعات أو بعد ال مساء، يوجد بدائل ولكن مزدحمة، وخاصة انه الفندق لا يملك مواقف خاصه.المكان نظيف بشكل عام فقط توجد هناك رائحة التدخين في قاعة الاستقبال"
Mixed,تجربه جيده . الغرف الارضية. رائحه الممرات
Mixed,الموقع جيد والشاطئ جميل . الشاطئ جميل والغرف نظيفة ومناسبة والمطبخ ممتاز. يجب الانتباه لنوع السكن اللذي تحجزه لان هناك شاليهات مباشرة على الشاطئ واخرى ليست على الشاطئ وهذا ليس واضحا اثناء الحجز.ويجب الانتباه لطلبات الاكل في الغرف لان هناك تغيير للاسعار كبير اذا لم تنتبه فقد طلبنا كمثال وجبات بيتزا وسعرها مكتوب ريال وعند حضور الطلب طلبوا ريال لكل منها
Negative,"ان ابراهيم انصرف عنه لحظة ، وعندما التفت اليه مرة أخرى لم يكد اسحاق يتعرف عليه ، فقد كانت عيناه ضاربتين وانتصبت خصلات شعره المهيبة فوق رأسه كما تنتصب خصلات ربات الغضب واطبق بيديه على عنق اسحق ، واستل سكينه قائلا ان كنت تعتقد أنني أفعل هذا في سبيل الله ، ف نت مخطئ ، انا رجل وثني ، وقد استيقضت في نفسي هذه النزعة من جديد وأريد ان اقتلك هذه مشيئتي ، فأنا أسوأ من اي آكل للحوم البشر فلتيأس أيها الولد الاحمق الذي يتخيل انني أبوك ، أنا لست الا قاتلك ، وهذه مشيئتي .. وجثا اسحق ركبته وصاح مستغثيا بالسماء أيها الاله الرحيم ، أرحمني وهنا حدث ابراهيم نفسه قائلا بصوت خفيض هكذا ينبغي أن يكون الامر ، فمن الافضل بعد كل هذا ان يعتقد أنني وحش ضار، وان يلعنني لاني كنت أباه ، بدلا من ان يعرف ان الله هو الذي قضى بهذا الامتحان ، فلربما ضاع رشده حينذاك ، وربما صب لعناته على الله."
Mixed,"هذه هي تجربتي الثانية مع الدكتور. مصطفى محمود. رحمه الله.. فقد قرأت قبل سنتين تقريبا كتابه الشهير:. حوار مع صديقي الملحد. . وأذكر أنه لم يعجبني على الإطلاق وقتها.. هذا الكتاب:. رحلتي من الشك إلى الإيمان. ، هو بلا شك كتاب جميل. يغلب عليه الطابع الروحاني . الصوفي. .. وهو طابع أعشقه وأحبه.. أعتقد أن هذا الكتاب موجه بشكل أساسي. للمؤمنين. ، ثم بشكل ثانوي جدا لغيرهم. فهو ليس بذلك الكتاب العلمي الذي يستند في خواطره وطروحاته على أدلة عملية وفلسفية قوية ومحكمة وعميقة ومفصلة، بقدر ما يستند على الثقل. الروحي الصوفي. عند القارىء، مع استخدام شيء من الفلسفة والعلم الطبيعي كوسيلة ثانوية للاستدلال. ويترك بعد ذلك المجال للقارىء حتى يتعمق في المسائل العلمية والفلسفية من المراجع الأخرى المتخصصة.. قراءة خفيفة وجميلة.. ليست كاملة ومتميزة ... ولكنها جميلة :"
Mixed,رواية جيدة حقا وبأسلوب جديد ... في البداية لم ترق لي كثيرا ولكني أستشعرتها فيما بعد وإسقاطها على الواقع كان مؤثر ومتميز فعلا :
Negative,فندق غير نظيف . لم يعجبني شي. النظافه زيرو اكثر النزلاء هنود وريحه الفندق كله ريحه هنود اتحديك تقدر تنام أنا استاجرت ايام وهربت ماجلست ساعتين ماتقدر تنام او تجلس فيه فندق فقط للعمال لايصلح للخليجيين نهائيا
Positive,الرواية دى انا قراتها بمنتهى التشوق. كان نفسى اعرف عمرو خالد لما يكتب روايات هيقول ايه واسلوبه هيبقى ازاى. والحقيقة مخيبش ظنى كتير. الرواية جميلة ومشوقة جدا. اينعم حسيت ف اوقات انى دخلت ف مود ملف المستقبل. بس المعلومات الى اخدتها كانت وفيرة جداااا. وعرفت كتير قوى عن موضوع التخاطب عن بعد والقدرات العقلية. عجبنى البناء الدرامى والحبكة. وعجبنى قوى النهاية. رواية لازم تتقرا اكتر من مرة عشان تفهمها صح. برافو عمرو خالد
Mixed,"زهر الليمون رواية عن البطل المهزوم، مهزوم سياسيا، ونفسيا، وعاطفيا.. تدور أحداث الرواية في يومين بين القاهرة والسويس، تبدأ وتنتهي في المكان نفسه.. في سطح منزل عبد الخالق المسيري في السويس، وكأنها بذلك تؤكد على الحلقة المفرغة التي يدور فيها البطل.. الشعور بالغربة والاغتراب مسيطر على الأحداث بشكل كبير، البطل عبد الخالق المسيري اغترب عن نفسه ولم يعد يعرفها ويبحث عن نفسه في زمن سابق ولا يستطيع أن يجدها غريبا جاء، وغريبا يعود . وتتراوح الرواية في إيقاع لاهث بين الماضي والحاضر، والانتقالات السريعة تجعل القارئ في حالة يقظة دائمة لملاحقة النص، يتداخل الماضي القريب والبعيد، ذكريات طفولته وحبه وذكريات المعتقل.. أعجبتني قصة شجرة الليمون وحكاية رضا وأم رضا، وانتابني إحساس أن هذه الشجرة تمثل حياة البطل عبد الخالق المسيري بشكل ما، فترات ازدهارها ونضوجها، ثم بعد ذلك ذبولها وتساقط أوراقها الذي تزامن مع شعور البطل بانتهاء الرحلة وقرب الرحيل.. شجرة الليمون كانت دائما هي العلامة والراية، كانت هي العنوان، تبدأ الرحلة وتنتهي عندها . بشكل عام أحببت الرواية، ربما لا تكون من أفضل ما قرأت ولكنها مستني بشكل أو بآخر"
Negative,سى جدا . فندق سى جدا جدا جدا. الفندق سى
Mixed,فندق متواضع . الواي فاي. عدم وجود مواقف طراز الفندق قديم ولايوجد غلاية ماء في الغرفة التي سكنا فيها
Positive,"والده ، والدته ، حياة الفلاحين ، الموت .. الموت .. الموت ... عماد يعيد صياغة المفاهيم السابقة في قصائد .. نثرية .. يصب فيها اهتمامه على الفكرة والمضمون وتطويع اللغة لتأدية المعنى المراد ... بحيث لا يهتم باللفظ البديع أو الجمالي أو الفخيم ... بقدر مايستخدمهم جميعا لتأدية أفضل صورة ممكنة لقصائده ... عماد أبو صالح ، شاعر حقيقي .."
Positive,ممتاز ورائع للاقامه السريعه ليلتان اوثلاث بالكتير . الفخامه والنظافه والامانه حيث نسيت ساعتي الرولكس بالحمام وسافرت الى دبي واتصلت بهم من هناك واخبروني ان الساعه موجوده وتم ارسالها لي عن طريق البريد السريع واشكر مستر بول على متابعه الموضوع واهتمامه. كل شي جميل
Positive,الطريق إلى القرآن. كتاب خفيف قيم روحاني
Mixed,"للأسف النسخة اللي معايا هي الجزء الأول بس وبينتهي عند مقابلته للشيخ امام .. يعني الجزء اللي مش مهتم أعرف عنه أي حاجة ، ده غير انه مكتوب بالعامية بس مسلي الصراحة. إذا الشمس غرقت فى بحر الغمام. ومدت على الدنيا موجة ظلام. ومات البصر فى العيون والبصاير. وغاب الطريق فى الخطوط والدواير. يا ساير يا داير يا ابو المفهومية. مفيش لك دليل غير عيون الكلام . :// . . / = ..."
Positive,استثنائي. ماشاء الله تبارك الله اتمنى أن يحافظو على نفس المستوى.
Mixed,"ماذا يريد العم ساراماغو؟ لا أحد يعلم أمجاهرة بإلحاده؟ لا أعتقد؛ فهذا لا يهم، وغير داخل في تصنيف العمل أدبيا، فهو من ناحية التقنية، مجرم، من ناحية الفكرة الأفكار؟ فهو ... قد تكون قايين هي المعادل الأكثر عقلانية وقابلية للنقاش من آيات شيطانية المكتوبة أيضا بسرد سريع لاهث قصة الخلق بعد تبادل الأدوار، أي،. موجز تاريخ الأرض برواية الشر . هنا، يعيد القراءة، قصة الخلق على نحو مصغر، بسخرية لاذعة، مرحة، مضحكة، وعبقرية لكن، هل الهدف هو؛ هدم، فكرة، الدين، والإله في الأساس؟ قد يبدو هذا لأول وهلة، لكن، لو تأملنا مليا النص الغير مرئي؛ الباطن أو الكابالي القبالي بالمفهوم الصوفي اليهودي ؛ وحاولنا تأويل واستكناه بعض ما خفي من جوهر معنى بدلالة ما روي؛ لوجدنا أن جام عضب الراوي منصب على بني إسرائيل، أو بالأحرى، التوراة، ليس بالضرورة من حيث هي كتاب ديني عرفيا يمكن أن نقول أنها الكتاب المقدس العهد القديم لكن، الواقع هو، فكرة التزييف؛ تصدير الرواية الرسمية الدينية لا لكنه الدين ذاته أو فكرته؛ فهو يروي ما هو مروي في قصص التوراة، فيما حكي عن مواقعة ابنتي نوح له، بعد أن أسقياه الخمر، وغيرها من مرويات بني إسرائيل،. حسنا، التوراة ليست تقع تحت بند التحريف، لأنها ك العهد القديم قد دونها عزرا في القرن الخامس قبل الميلاد عاش بين ق.م بزعم بتأييد من الروح القدس بهذا، أين التحريف، إن.لم. يكن. هناك أصل ، وأن البعض منها، من الأساس، حديث موضوع، والآخر، على راويه؛ حديث موقوف؟. لذا، فالراجح هو، تسليط الضوء بشكل صدامي، على تصدير الرواية الرسمية للدين، والتاريخ، لأهداف سياسية سيطرة ولا مانع من الجنس بالطبع كله عشان البلد أهبه يمكن استغلالها بتوجيه الجموع،. لقد كان لكم في محاكم التفتيش و داعش أسوة لمن كان يريد التثبت أو العبرة أو قرأ التاريخ كثيرا، هذا، والله أعلم"
Mixed,الغرف ليست بمستوى الفندق . الموقع رائع. القيمة مقابل المال ضعيفة
Positive,وسط هذا الكم الهائل من الكتب الجديدة لم استطع مقاومة البدأ بالعابر. وحسنا فعلت..هذه المجموعة القصصية اقرب الي صندوق من جواهر نفيسة تحتار ان ترشح منها الأجمل والأثمن...افكار فلسفية عميقة ورمزية عالية ...ليس هناك سطر سطحي فكل كلمة تحمل معني عميق لفكرة اعمق. اسم العابر مناسب جدا لاني وجدته في كل قصة وليس فقط في القصة التي تحمل اسمه. لا اعلم ما هو سر شعوري بتأثر الكاتب بصورة شديدة بقصة نصف حياة فقد كانت نابضة بالمشاعر والأحاسيس الصادقة. تأثرت بصفة شخصية بأنت عمرى ومواسم للتذكر. كما تفوق الكاتب المبدع علي نفسه في صعود وهبوط كعازف بيانو ماهر ينتقل فوق اصابع البيانو برشاقة عالية وذوق رفيع ليعزف أحلي المقطوعات الموسيقية...كنت انتظر مجموعة رائعة لثقتي في الكاتب..ولكنها فاقت كل التوقعات. رباب ابو بكر كيلاني
Mixed,كم من د.أحمد خالد توفيق هناك؟
Mixed,كتاب غني بالمعلومات عن الأديان السماوية و غيرها من المعتقدات .. استمتعت بقراءته
Positive,كعادة عبد الوهاب مطاوع بيبهرنى بانسانيته. اد ايه بيعرف يقدر مشاعر الناس وبشفافية عالية بيقدر يميز بينها. الكتاب ممتع جدا جدا والامثلة المطروحة اد اية عبارة عن البشر كلها
Negative,أعتذر لقسوة الريفيو. النجمة للغة واللغة فقط لا غير. هدى تمتلك محصول لغوي رائع ما شاء الله ولكنها وقعت في شرك التكلف كثيرا لكن في المجمل لغة لا غبار عليها وأحيي فيها استخدامها للفصحى في زمن العامية الباهتة ولكن للآسف اللغة لم توظف في عمل يستحق. الرواية وقعت في فخ التكرار والمط والتطويل بدون داعي. الحبكة والأحداث رتيبة ومملة جدا. شخوص العمل أكثر رتابة. بطلة العمل استفزت صميم أعماقي أكره المرأة التي تتجرد من كرامتها بتلك البساطة لأجل أيا كان وضحى تخلت عن كرامتها وكبرياؤها ولأجل رجل لا يستحق يالها من فادحة. لم أري في شخصيتها ما يثير الإعجاب على الإطلاق. ما بال أبطال الرواية جميعا؟ . لم اتعاطف معها ولم أتفاعل مع أيا من أبطال العمل. في رأيي الرواية افتقدت للعمق والتشويق والغوص في أعماق شخوص العمل النفسية ربما لكانت جاءت أفضل بمراحل مما هي عليه. أتمنى التوفيق لهدى وأن يكون العمل القادم أفضل بمراحل
Negative,يجب تخفيض السعر ليتناسب مع بقيه العروض
Mixed,مرضي. . الاسره غير مريحه
Positive,رواية أكتر من رائعة رغم النهاية المتوقعة نسبيا بس الحبكة كانت ممتعة و لازم تتعمل فيلم
Negative,"يوسف زيدان يتراجع ، يفتقد في تلك الرواية لغة الفخمة ، الوصف ينم عن جهل شديد بما يصفة خاصة في أول أجزاء الرواية وصف شوارع مدينة أسوان عد شخصية البطل ونورا تفتقد معظم الشخصيات للثقل و أحيانا تبدو كاشباح أو طيف بشري معدوم الملامح والابعاد النفسية. السرد يحوي الكثير من القفزات الزمنية الغير مبررة ، تقطع تواصلة وجود جمل من نوعية سوف يعرف لماذا ... سوف يفهم فيما بعد تحرق الاحداث وتقتل التشويق في السرد لتوقع القأري ما سوف يحدث فيما بعد. العمل الرواي الرابع ليوسف زيدان بعد تقديمة وجبة ثرية من كل النواحي في عزازيل يتراجع في النبطي ويتراجع اكثر في محال"
Negative,لا تستحق ما نالته من شهرة وضجة إعلامية..
Positive,الروايه اكتر من رائعه و تفاصيلها و طريقه سرد الأحداث فيها حلوه جدا و استمتعت بقراءتها جدا
Negative,مو مره . اعجبتني الغرفه وتوفر المغسله والمطبخ كامل. شقق قديمه وجودتها سيئه والمكان سيء ماعجبني بالمره الفندق لا مدخل ولا لوبي
Mixed,"رواية مشوقة ، تنقلت ما بين الثورة ، و السياسة ،. و حنين الوطن بما يتضمنه من حب و حرب ... أغدق الكاتب علينا في هذه الرواية بمعلومات عديدة ،. أدهشتني و غيرت من منظوري ... جميلة ، و مختلفة .."
Positive,قصص هتأثر فيك جدا خاصة اول قصة ابعد من الحدود ..تقريبا بتحصل بحذافرها لحد وقتنا دا برغم انها اتكتبت ف ...حسيت اد اية السياسة قذرة ف استغلالها للقضية الفلسطينية :/ هيجيلك اكتأب بس لازم تقراها عشان دايما محتاج تسمع من حد عايش جوة المأساه واعتقد ان غسان من اروع من كتب عن القضية الفلسطينية :
Negative,بعد ماخلصت الروايه دى باعجوبه لاقتنى غصب عنى بقارن بينها و بين عزازيل بس للاسف مالاقتش وجه مقارنة و لاقادرة اتخيل ان اللى كتب عزازيل بقوتهاا و كل احداثهاا هو اللى كاتب النبطى اللى مالهاش اى لازمه .. اعتقد ان دى هتبقى اخر مرة اقرا فيهاا ليوسف زيدان ..
Negative,عنوان الكتاب أزعجني. والمحتوى رديء
Mixed,"مرضي. النظافه مقبوله ، والطاقم متعاون ،. النوافذ لابد من تنظيفها ،المواقف من المفترض ان تكون مظلله ، وفي الغرفه لاحظت ان حدى اضاءات السقف لا تعمل"
Positive,القصيبي قصة نجاح ومغامرة وطموح يطاول السحاب وذكاء مع مسؤولية والتزام يندر في منطقتنا تحديدا. . من يصدق أن ابن أحد أغنى أغنياء الخليج يدير ظهره للمال والأعمال والتجارة ويستقبل القاهرة ولوس أنجليس و لندن طالبا ..ثم يعود ليكون أحد أبطال التنمية في السعودية ...وبالوزارة تلو الوزارة والسفارة تلو السفارة ..ومع كل هذا الانشغال يكون روائيا وشاعرا ومؤلفا غزير الإنتاج. . وقد سئل عن حياته وهل هو راض عنها فأجاب نعم ولو رجع به الزمن للوراء لتمنى أن يعيش حياته الأولى كما كانت. . رحمك الله
Positive,كل مره اسكن فيه . كل شي. ولا شي
Negative,مخيب للأمل. . سيئ والموظفين يتضاحكون في الاستقبال بشكل مزعج وقهقهة عاليه وعن نفسي. يوجد شخص اصلع آسيوي تعامله جدا سيئ ولا يوجد احترام للنزيل من قبل ذلك الموظف
Positive,"ماذا يحدث عندما تعرف بأنك على وشك الموت؟. أي القرارات ستتخذ؟. كيف ستكون طريقة معاملتك لمن حولك؟. لأحبتك وأهلك؟. كيف سيكون وداعك لهم؟. ماذا ستكون آخر أمنياتك؟. آخر الأشياء التي بودك أن تفعلها؟. كيف ستنظر للأشياء التي تمتلكها؟. وهل ما كان مهما وأنت تعيش حياتك وكأنك ستحيا للأبد. سيكون مهما بعد معرفتك بموتك الوشيك؟. لماذا نعيش كل أيامنا وكأننا سنحيا للأبد؟. غافلين عن قصر بقاءنا في هذة الحياة مهما بلغنا من العمر عتيا؟. ،. رواية مشوقة. وبالذات كلما أقتربت من النهاية،. وجدت نفسي غير قادرة على تركها."
Positive,طريقة مميزة وجديدة للتنقل بين الفترات الزمنية التي تتحدث عنها الرواية عن طريق استخدام اهم الاحداث وعناوين الاخبار في تلك الفترة للتشويق وجذب الانتباه خاصة للذين لم يعيشوا تلك الفترة
Mixed,الكتاب كتحفيز وتوضيح نقاط مفهوم جدا وسهل وطريقته في بني أمور الحياه بالاسلام ممتاز لاكن بعد كل باب استبيان وبكل صراحة كانت بعض الاسئله مبهمه فتركت الاسئله .
Mixed,"ليس سيئا لذلك الحد أقمنا في الفندق في نوفمبر/ تشرين الثاني لليلة واحدة. كان الفندق مجرد محطة لرحلة من دبي إلى أبو ظبي لرؤية الجامع الكبير والكورنيش مع والدي. لكن كانت الصدمة عندما قرأنا الملاحظات السابقة، وتساءلنا إن كان ما يزال مفتوحا حسنا، بلا شك كان مفتوحا، وكل شيء على ما يرام. كانت الغرفة جيدة، مع سرير مزدوج مريح ومنطقة للجلوس، ولا شيء مميز لكن يوجد ما هو ضروري. كانت غرفتنا رطبة، والمكان كئيب، لكنه رغم ذلك يؤدي الغرض. استخدمنا قسيمة الكوبون الخاصة بموقع غروبون وكل شيء جرى على ما يرام. دفعنا درهما إمراتيا مقابل غرفة ووجبة فطور. من الواضح أن الموظفين في مرحلة التعلم فالفندق افتتح قبل أشهر . بالإجمال، أردنا تصحيح بعض الملاحظات السابقة. لم يكن الأمر كابوسا بالتأكيد."
Positive,نهاية فايت كلاب دي ماأبهرتنيش :
Positive,روعه . الفندق مريح وقريب من الاماكن الحيويه وخصوصا قربه من مترو صلاح الدين والريف مول والغرير مول وقربه من عدد كبير من المطاعم بيتزا هت كنتاكي تشيليز ناندوز ....... الوايرليس مجانا وسريع النظافه جيدة جدا طاقم العمل متعاون. النايت كلب
Negative,اشياء لم ارضى عنها . وجود مكواةوجود جلسة استراحةوجود منشفة الملابسكثرة مفاتيح الكهرباء. الاضاءة خافتةعدم وجود جل الإستحمامقلة النظافةالانترنت في الغرفة الساعة ب درهم بالرغم من انه فندق خمس نجووم عدم وجود قناة ابوظبي
Negative,إسم الرواية أحلى من الرواية نفسا . ما بكفي يكون الموضوع حساس لتكون الرواية مؤثرة ... أنا لقيت الأسلوب عادي جدا والرواية مختصرة زيادة عن اللزوم .. أغلب الريفيوهات عم تقول أنو الرواية مؤثرة بس بصراحة ما حسستني بشي ولا أثرت فيي أبدا :/
Negative,زباله . زفت. الموقف زباله
Negative,"تجربة سيئة . . أسوأ فندق سكنته ولا يستحق خمس نجوم، مع ان موفنبيك دائم مميز الا موفنبيك المدينة لم نتسلم الغرفة التي حجزتها، الحجز غرفة رباعية مطلة والموظف يقول ما عندي رباعية مطلة هذا خطأ من بوكينق النظافة والأثاث دون المستوى بكثير، وأول مرة اتحسس بسبب عدم النظافة"
Negative,"أخيرا تخلصت منها . .. على غير ما توقعت تماما جاءت هذه الرواية التي أجلت قراءتها طويلا ليقيني وثقتي أنها ستكون الأجمل . .. ما علامات الرواية الجميلة؟ . أن تتماهى مع شخصياتها. أن تحب تفاصيلها وتستمع بها. أن تجرك إلى عالمها فلا تريد الخلاص منه. أن تلتهمها بسرعة لتلاحق أحداثها. أن تنصح بها الناس كلها أو ترشحها لهم. .. للأسف لم أجد هذا مع أنا عشقت .. بل أكاد أقول أني لم أحب هذه الرواية، فلم يعجبني منها إلا أول فصلين مثلا ، إذ سرعان ما تسرب الملل إلي عبر تفاصيلها والحكايات التي أصبحت تفرض نفسها على الرواية وأراها نسخا من أفلام عربية وحكايات تقليدية لفتاة يستغلها أستاذ جامعي مرة، أو بنت تهرب من وطأة زوج أمها لتحترف الدعارة؟ كل ذلك وهناك بطل ساذج غريب يدور بين هذه العوالم رغما عنك مجبر على متابعة ما ستنتهي إليه هذه الحكايات، لتفاجئ بنهاية أكثر سذاجة وسطحية . .. .. الشيء الوحيد الثابت والراسخ في هذه الرواية هو قدرة المنسي قنديل العالية على السرد، وهو أمر مفروغ منه لكاتب متمرس مثله، ولكن أحداثا كثيرة بل وربما فصولا جاءت حشوا زائدا فيما أرى عن حاجة النص. ثم أن العنوان لا علاقة له بالرواية أبدا، حتى وإن كان ذلك البطل الساذج قد هام عشقا ب ورد ا. والشيء الأكيد بعد ذلك أني لن أنصح أحدا بقراءتها : . .. . .. وأعود لأنظر إلى تعليقات الأصدقاء على هذه الرواية فأتعجب ... ويظل الأمر الثابت أيضا أنه لولا اختلاف الأذواق لبارت السلع. هناك بعض التعليقات على الرواية أجمل منها بكثير، بل وقراءات ذكية جعلت من كل هذا العبث .. أمرا جميلا ومقبولا .. إنها عين الرضا. :"
Positive,سوف اشتاق لك يااتانا . نعم. لا شي
Mixed,للاسف . الفندق هادي وجميل جداا جداا..... موظف الاستقبال شخص عربي ..يوم عرف اني عربي يتحرا ياي اطلب الغرفه ببلاش..أسلوب خرا يرجى تعليمهم أسلوب الاحترام....لانهم يعرفون انك حجزت وماتقدر اتكنسل الحجز مشكله اني حاجز بالبوكنج والا كنت نفس الوقت بكنسل الحجز..
Negative,رأي النهائي بعد ان قرأت عدد لا بأس به لهيفاء البيطار انها ليس الا حفنة تبريرات لا نهائية العد والحصر للعهر ولم يقف الامر عند هذا بل يمكنني التكهن ان ف الاصدار الجديد للكاتبة ستنادي به حقا مشروعا وستناضل من اجله. غروب وكتابة . مثله مثل سابقاته ممل للغاية ومثير للامتعاض .
Mixed,باولو كويللو و صفعته من جديد في رواية جديدة مليئة بالفلسفة؛ فلسفة الحياة و الآخر الذي يقطننا و الحب و الحلم و اختيار طريقنا .. رواية تؤثر في قارئها إلى درجة كبيرة و تحثه على الخروج من رتابة الحياة إلى التأمل و السمو بالنفس لترتقي إلى التواصل مع الله الذي يملأ حيواتنا بالمعجزات التي لا نلحظها لانشغالنا بسجن ذواتنا في الآخر الذي يركض وراء وظيفة أو زواج أو مال لن يحسن من حيانتا بل سيزيدنا بعدا عن الله و عن تحقيق الأحلام التي تصبو إليها ذواتنا الحقيقية.. للحظات عديدة في الرواية شعرت ان كويللو يتحدث عني و أقتبس:. أنا تائهة في ظلمات نفسي و أدعو الله أن أتغلب على الأخرى داخلي التي تقتلني
Mixed,بصراحة عيشت جوه الروايه اووووي و اندمجت فيها جدااا و انفعلت اووووي اوووووي للي حصل لادم و بتول و بنتهم. لما قريت المقدمة و بعدين اللي حصل لادم قلت اكيد هو حيكون دا و هو اللي حيعمل كداا. كنت مؤيدة ليه جداااا و معاه خطوة بخطوة مستنيه انه يخلص انتقامه و متوقعتش النهايه خاااالص و صدقت فعلا اللعبه اللي عملها بجد نهايه جامدة و مش متوقعه و محبوكه صح. الروايه و انا بقراها فكرتني بفيلم اجنبي شوفته عن واحد و مراته حصل معاهم حاجة شبه كدا بس مش من نفس النوع و هو قرر ينتقم برضو و عمل كدا بس مكنش بياكلهم حقيقي مش فاكرة اسم الفيلم حبقي ادور عليه. بس الروايه كتوتل حلوة و اسلوبها مشوق جدا و بيبتزك عاطفيا يخليك منفعل جداااا للي بيحصل بس ضايقني اني حسيت انها متاخد فكرتها من فيلم مع اضافه الحبكه المصريه مع الاسلوب و النهايه
Positive,ان تقرأ كتاب كهذا...و تزور شارع المعز لدين الله...قلب القاهرة النابض و درة تاج الآثار الأسلامية....لهي تجربة روحية فريدة...أن تقف أمام عمارة بقيت لأكثر من ألف سنة و تسمع قصتها بصوت شيخنا الغيطاني لهي لحظة لا تعوض.... رويت عن المقريزي و ابن اياس ...و لم نرتوي بعد يا شيخنا.... أكثر من رائع...
Negative,الاسلوب ممتع
Mixed,"رواية مسرحية من الدرجة الأولى، رغم أني لم أستطع أن أتلمس أطراف الحكاية، و لم أستطع أن أدرك أين البداية و النهاية و الحبكة و ما إلى ذلك، لكن أعجبتني، باتساق شخصياتها، بأحداثها التي تقبض القلب، فإذا كانت الكآبة هي المسيطرة على الرواية في فصل معين أجدني كئيب ضيق الصدر و العكس صحيح، شخصية الطبيب التي تلخص القذارة رغم كل القذارة التي في فلسطين، ياسين و سليم و أم الوليد و أبو الوليد و الشخصيات الأخرى... كل ذلك لا يسعه إلا أن يكون مسرحية جميلة، كل مشهد تخيلته على المسرح استشعرته أمام الجمهور و هم يحبسون أنفاسهم مع مقتل نمير و تعتلي صفاراتهم و صقفاتهم مع القبلة للفتاة... استطاع بسهولة أن يجذبني لأحداث الرواية، و لكن مشكلة الرواية أنها كانت سردية من الدرجة الأولى، فقد سردت أحداث تلو أحداث تلو أحداث لكنني لم أجد الرواية في أي من طيات تلك الصفحات... قضيت مع الرواية قرابة الشهر، و حزنت لأني هجرتها كثيرا إلى أن أنهيتها أخيرا لأنتقل لما هو بعدها... تعلقت بشخصيات الرواية جدا، لكن أحداث لم تستطع أن تنال مني بتاتا... فلسطين الضيق و الهم و الضجر و الوحدة و الكبت... الكم المهول الكبير من الرمزيات في الرواية، الطائرات الورقية عرجة سليم التي ورثها من ياسين و ورد الزنبق... حيث يوجد الورد يغمرك السلام، ازداد تعلقي بالورد بفضل ياسين، جمال أم الوليد، اندفاع نعمان، و طفولته هو و نمير... لكن الأحداث المتشابكة للرواية جلعتني ملتبس، لا أدري أين الماضي من المستقبل، أين الخيال من الواقع، و كأنها ليست رواية بتاتا... شعرت أني أريد أن أجلس مع أحدهم قرأ الرواية ليشرحها لي و يخبرني هنا حدث كذا و كذا و هنا صار كذا و كذا، و يضربني على مؤخرة رأسي ليفهمني كم كنت أحمقا و أن الرواية كانت أجمل بكثير مما ظننت و لكن فهمي القاصر جعل رأيي في الرواية ناقصا... بالمناسبة شكرا للرفيقة زينة"
Mixed,الكتاب عرض كل صحابي وما تميز به لكن ما يؤخد على الكاتب تحيزه لعلي وأصحابه في المعركة بينه وبين معاوية ووقوفه مع طرف ضد آخر ...ولاشك انها فتنة عظيمة ولا ينبغي الخوض بطرف دون آخر ..وكلا الطرفين له اجتهاده وكلا الطرفين من الصحابة الكرام والكبار
Mixed,مرضي. وجود كوفي شوبوجود إنترنيت ولاكن ضعيفوجود أشخاص يستقبلون ويرشدون للئماكن المطلوبه. وجود أصوات الغرف المجاورة عدم وجود قائمة بالاطعمه في الغرفهمكان الانتظار في الاستقبال صغير
Positive,"أقامة جميلة . طاقم العمل جدآ راقي ...وبالخصوص الأخ ألي يداوم في شفت الصباح للأسف ما أعرف أسمه لكن يبدو انه من الجنسية المصريه ،صراحه قمه في الذوق والأحترام حتى سجلي الدخول في الصباح. المواقف صعبه نوعآ ما"
Negative,صفر . لم يعجبني شي ولن اعود لهذا الفندق. وجود الحمام وصخ الوساده وصخه لا يوجد كنب نظيف لا توجد نظافه لا يوجد موقف جيدا للسياره ازعاج بمعنى الكلمه
Mixed,الطبعة من دار الجيل الجديد سيئة جدا ومليئة بأخطاء الطباعة.. التقديم والمقدمات منها صفحة . ولبدأ قراءة محتوى الكتاب أبدأ من صفحة .. في بداية الكتاب أعجبني السرد التاريخي للرومان والأغريق والامم السابقة وصولا للاسلام والعصر الحديث.. في نهاية الكتاب حسيت بالملل من السرد للعاصر ونوعا ما إعادة الأفكار.. في العموم الكتاب ممتاز ولكن يعيبه سوء الطبعه.. خالص تحياتي
Negative,ربما تأملت من هذه السلسلة من الكتب أكثر مما يجب.
Positive,هذا الكتاب هو درة المحبين
Negative,اثارت ضجة في مساحتي فيها ادق التفاصيل عن حياة مخفية بين الجن والإنس احسستها قريبة للجنية لغازي القصيبي أنهيتها في اقل من ساعة مشوقة الأسلوب لكن روتين في الحوار
Positive,مع الكتاب ده هتروح فى رحله من الكوميديا الساخره المضحكه المرعبه و بشده. مرورا بمحطات عبعزيز ومصيلحى وكفر السحلاويه. حاله ضحك هيسترى مرعب تعيشها مع الكتاب المميز ده. كتاب من نوع الرعب الساخر. حسن الجندى اسلوبه مميز وفريد
Mixed,جيد . الاشجار والبحر. الاثاث قديم
Mixed,حتى التكييف إجباري تشغيله وان أغلقته امتلأت الجدران ف الغرفه بالرطوبه قطرات الماء . شيء سوى الموقع. كل شئ سوى الموقع
Negative,اخيرا خلصته .. الكتاب جيد الحقيقة لكن عيبه الاساسى اللى خلانى اديه نجمتين هو التطويل... التفاصيل الكتير فى النص الاول من الكتاب كانت ممتعة و غير مملة خالص لكن معرفش ليه على النص التانى بدأت ازهق واتخنق من كمية التفاصيل و الوصف و الحوارات و خلافه... كان انطباعى الاول عن الرواية هو الانبهار كنت منبهرة فعلا بلغة الكاتب و جديته و اهتمامه بالبحث و المعلومات زى ما كان واضح بقوة و انا بحترم اللى بيعمل مجهود كان اضح اوى فى الجزء اللى كان بيتكلم فيه عن سينا ودى احد الاجزاء اللى استمتعت بيها فعلا... والفكرة ان الرواية دى قريتها بعد رواية تويا لاشرف العشماوى و هى رواية بلهاء و على النقيض تماما فكانت رواية معتمدة على افكار مسبقة و دارجة عن افريقيا.. وده غير اللى عمله احمد صلاح سابق فى روايته... ... مش عارفة بصراحة ايه اللى حصل بالضبط خلانى اقفل من الرواية و ازهق معرفش اذا كان التطويل و لا تغيير مسار الاحداث تماما ولا كمية الاحداث و صيغ المبالغة الموجودة .... بس هو الاكيد ان احمد صلاح سابق كاتب واعد جدا .. ومتحمسة اشوف اعماله القادمة. تبقى مقولة بديعة فى معلقة معايا:. كل يوم قضيته طليقا هو يوم غلبتهم فيه. كل وجبة طيبة اكلتها هى وجبة لم ينتزعها منى احد. كل نفس استخلصته من الهواء هو نصر سلبته من الدنيا.
Mixed,ايتنا من حجما سلميني . الفطار غير مجاني كم قالو في العروض ولا تصتطيع اخذ الفطور الى غرفتك للعلم عندي اوسره كبيره و عجز. التدخين نريد يسمح به في مكان في الكفي
Mixed,"جيدة ورائحتها طيبة، ولكن تشبه عطور تانية لكن ما انا متذكر،"
Negative,:. يتحدث العمري في هذا الكتاب عن كيد الشيطان للإنسان وفي الجزء الأخير يتحدث عن حب الغرب وعبادة الغرب وأفتتان الشخص المسلم بهم.. كتاب لتنبيه الناس من نزوات الشيطان حينما يغفلون ولا يدركون إلا حينما يموتون. ..
Positive,راحة البال . ماشاءالله فندق جدا جميل على القيمه والأكل جميل جدا والحلو في تنوع. موقع
Negative,اباحيه مبالغ فيها.. بيدخل الدين فى اى حاجه والسلام .. بيدخل بردو السيايه فى اى حاجه وبيذكر احداث غير مؤكده.. اسوأ كتاب قرأته فى حياتي
Mixed,مقبول. . مخيب للأمل ولا يوجد خدمة أنترنت في الغرف بصراحه غريييييبه فندق ستار ومافيه .
Mixed,"تتحدث الرواية عن مجموعة من الأصدقاء من أديان و طوائف مختلفة فرقتهم الحرب في لبنان و عادوا ليجتمعوا بعد ربع قرن ليستعيدوا ذكرياتهم معا ... أحسست هذه الرواية صالحة لكل زمان و مكان و هي تصف مشاعر ومآسي كل واحد من أبطال الرواية وقصة حياته و تيهه الشخصي سواء بقي في لبنان أم هاجر بعيدا عنها. و وصف حالة الحرب التي يعيشونها.. رأيت فيها سوريا و أبناءها و مست أعماقي في أماكن كثيرة.. أصبح وقعها بطيئا في المنتصف بعد أن كان الإيقاع سريعا في البداية .. كنت أريد أن أعطيها نجوم لكنني أنقصت نجمة لأن النهاية كانت مزعجة جدا . مما راق لي مما قرأت منها :. يثير غيظي للغاية أولئك الذين يسألونك و في عيونهم هلع مصطنع: أتصدر علي حكما؟ أجل بالطبع أصدر عليكم حكما و لا أكف عن الحكم عليكم. و لكن الأحكام التي أصدرها لا تؤثر في حياة المتهمين. أمنح احترامي أو أسحبه، أحدد جرعة دماثتي، أعلق صداقتي بانتظار الحصول على المزيد من القرائن، أبتعد، أقترب، أنتحي جانبا، أمهل، أعفو عما مضى أو أتظاهر بذلك و معظم المعنيين بالأمر لا يتنبهون حتى لذلك. لا أعلن أحكامي لست واعظا و تأمل الدنيا لا يثير لدي سوى حوار داخلي و مناجاة مع نفسي لا نهاية لها. . إننا نجد بسهولة العزاء لفقدان الماضي؛ ولكن ما من شيء يعزينا لفقدان المستقبل فالبلد الذي يحزنني غيابه و يؤرقني ليس ذاك الذي عرفته في شبابي؛بل ذاك الذي حلمت به و الذي لم يقدر له أن يبصر النور أبدا . لكل امرئ الحق في الرحيل، وعلى وطنه أن يقنعه بالبقاء، مهما ادعى رجال السياسة العظام عكس ذلك.. من السهل قول ذلك حين يكون المرء مليارديرا، أما حين لا تستطيع في بلدك إيجاد وظيفة، و لا تلقى الرعاية الصحية، ولا إيجاد المسكن، ولا الاستفادة من التعليم، ولا الانتخاب بحرية، ولا التعبير عن الرأي بل ولا حتى السير في الشوارع على هواك فعلى وطنك أن يفي إزاءك ببعض التعهدات، أن تعتبر فيه مواطنا عن حق، وألا تخضع فيه لقمع أو لتمييز أو لأي شكل من أشكال الحرمان بغير وجه حق، ومن واجب وطنك وقياداته أن يضمنوا لك ذلك.. الوطن الذي بوسعك أن تعيش فيه مرفوع الرأس. تعطيه كل ما لديك. حتى حياتك. أما الوطن الذي تضطر فيه للعيش مطأطئ الرأس فلا تعطيه شيئا. فالنبل يستدعي العظمة. واللامبالاة تستدعي اللامبالاة. والازدراء يستدعي الازدراء. ذلك هو ميثاق الأحرار. ولا أعترف بميثاق آخر. . ماذا تفعل حين يخيب صديق املك؟ لا يعود صديقك ماذا تفعل حين يخيب البلد املك ؟ لا يعود بلدك وبما انك تصاب بخيبة الأمل بسهوله سوف تصبح في نهاية المطاف بلا أصدقاء بلا بلد . هناك أشخاص يفرحون لسعادة الآخرين و إن لم يشاطروها إلا مشاطرة وجيزة وبصورة مجتزأة جدا و من الخارج. و هناك أشخاص آخرون يشعرون بأنهم يتعرضون للاعتداء بسبب سعادة الآخرين"
Positive,الروايه ادهشتني جدا .. فهي تنقلك لعالم الحزن و الكآبه و تهوي بك عميقا في الظلام حتى تصل الى القاع .. و بعدها تجد نفسك تخرج للاعلى و تتنفس من جديد و تصبح للحياه معنى اخر ... روايه كئيبه لدرجه الاستمتاع بالكآبه
Mixed,أنتم طيبون. مافي ذلك شك. لكنكم تخشون بعضكم البعض. ولا تخشون الله
Positive,"تلك الثورة في المشاعر التي لفت الفؤاد مع حالة من السكون الخارجي أيضا . تتداخل الذكريات والقصص والصور .. تتشت ثم تتجمع وتذهب لتستقر في زاوية ما من الفؤاد والعقل ... وأما بقية المساحة فهي لعالم آخر مؤقت ،عالم الرواية أو بالأحرى عالم السجن الذي أدخل به ما إن لمست يداي صفحاتها . لن أخوض في السياسة فمن يجهلها اليوم غير من أراد جهلها طوعا ؟. لكن سياسة الرواية أعجبتني كثيرا ... ربما سجن جسد الشاعر خلف القضبان لكن روحه بقيت ترفرف في سماء الحرية .. ربما منع الكاتب من القلم لكن الكلمات لم تمنعك من أن تحفظها وأن تكتبها وأن تنسجها ... هل يفعل طعم الظلم والقسوة بالإنسان هكذا ؟ هل يجعله شاعرا أو كاتب بقلب يتدفق وينبض كلمات ؟. ..أما عن أكثر ما أحببته فهي الخلوة مع النفس والتأمل الطويل وصحبة الكتب. ..... ... .. مرة أخرى شكرا لأنك كتبت وتكتب .."
Mixed,مرضي. قربة من الحرم ووجود التوصيل للمطار ووجود بقالة بداخلة والاستقبال كانوا متعاونين. الصعدة متعبة قليلا خصوصا لكبار السن والتنظيف بالطلب ورائحة الغرف والحمام اعزكم الله كريهه
Mixed,جيد . قريب من الامارات مول. الاثاث قديم والشقه صغيره والنت مايشبك الا بالصاله وصوت ازعاج بسبب السيارات
Positive,رواية من الطراز الرفيع الحبكة جيدة تقنية السرد ممتعة الفكرة وراء الرواية فريدة..... يا حيذا لو تخلص أحمد السعداوي من يعض المشاهد الإيروتيكية ثم لم كل هذه الخمور في رواية واحدة؟ من الويسكي إلى قنينات العر .. الجزؤ الذي أعجبني أكثر هو تسجيلات الشسمه.. رد الله العافية على عراقنا. و الله لوبنا وياكو.
Positive,من أحد أبرز أسباب ثباتي على الرغبة في النجاح..
Positive,"على إختلاف أجناسهم، كل البشر يريدون حياه كالجدول الصافى الهادئ ويخافون أن يعكر صفوه حجرا ضخما يسقط فيه فيسد مجراه ويقطع تدفقه،وحينها ربما يفكر الإنسان فى الموت فيرى العالم مجردا من ثوبه والحقائق عاريه والكلمات بلا معنى. وعندما يشعر الإنسان بالموت يقترب أكثر يصدم من حقيقة أنه لا هارب من الموت وربما توهم أن الحجاره التى يسقطها الله فى جدول حياته إنما ألقاها شخص آخر إلى أعلى لترتد إلى جدوله. عندئذ يصبح ليس بداخله إلا الكره والبغضاء. بطل المسرحيه،المؤرخ الذى هو إسقاط لشخص يوليوس قيصر. وكليوباترا راقصة ملهى الطاووس الذهبى..قرر المؤرخ أن يسدد من خلالها ضربته للعالم قبل أن يتم تنفيذ حكم العالم عليه بالموت فى خلال شهور قليله. إذا كان العالم لعب به لعبة الموت،هو الأستاذ الجامعى، المؤرخ المحترم وقرر الأول أن ينفيه من حياته بالإشعاع الذرى، فلا بأس سيلعب هو الآخر نفس اللعبه وسيسدد للعالم ضربه مفاجئه. خطط لكل شئ،وقرر أن يكون كل شئ كما يريد، سيرمى لها أولا بالطعم هى من جنس البشر ذا فطعمها هو المال ،وليكن، سيدفع به إليها فى وصيته وينتظر أن تسوقها رغبتها فى المال لتتخلص منه سريعا ثم تصدم أنها كانت لتحصل على كل شئ لو انتظرت قليلا ولن تكون جنت حينها إلى جريمه تنتهى بها حياتها. وبذلك يكون المؤرخ فجر قنبله فى مصير إنسان ردا على العالم الذى يتسارع فى تفجير قنابله. فإذا كان العالم سببا فيما لحق به من أذى بسبب الإشعاع الذرى فهو الآخر سيكون سببا فى نسف إنسان آخر له نفس أطماع البشريه. ولكن كما أن ما توصل إليه المؤرخون من حقيقة تاريخ حياة الملكه كليوباترا قد يكون محض استنتاجات غير وافية الدلائل، فقد يكون حكم المؤرخ على الراقصه كليوباترا استنادا على أنها من جنس البشر محض هرف أيضا. وكعادته الحكيم،ينتقل بك من المثال الفردى إلى المثال الجماعى. فما العالم كله إلا نفوس مشوهه تحمل الخوف من الموت والفناء داخل كيانها فتتسابق إلى القضاء على بعضها لتفوز هى بفرصة البقاء وتنظر إلى كينونتها من منظور ضيق وترفض أن ترى ما حولها بعين الطمأنينه والجمال"
Positive,أبو عبداللطيف . الشقق نظيفة مع اهتمام طاقم العمل بالنزلاءالإضاءة داخل الشقق مميزةالتكييف ممتاز جدادورة المياه نظيفة رخاميةالرائحة العطرية في الشقة. إزعاج معدات الحفريات صباحا حيث تجري أعمال حفريات في الشارعين اللذين يحدان العمارةصغر مواقف السيارات السفليةإصرار الإدارة على أخذ مبلغ تأمين عند الوصول
Negative,ضعيف المستوى لا يليق نجوم . الهدوء. السعر الخدمات الترفيه
Mixed,تجربة لن تنعاد . الغرفة نظيفة و السرير مريح. أشياء كثيرة أولها سوء تقديم الإفطار و الزحام الشديد في المطعم و سوء خدمة العملاء و الانترنت و قلة برامج التلفزيون ووووووو
Negative,رواية لا استطيع تحديد خط سيرها ولا فك رمزيتها. لا هي واقعية بشكل مقنع ولا رمزية باسلوب راقي. قفز حول التفاصيل وثقوب في الوصف والشخصيات ضبابية متهلهلة. يا ريت البساطي استمر في كتابتها كقصة قصيرة وتجاوز الانتفاخ الادبي. على اي حال أخذت مني ثلاث ساعات قراءة
Negative,مكان مقبول . نظافه الاسرة نوعا ما بالمقارنة بالفنادق الاخري نظرآ لبعد الشديد عن الحرم. المكان بعيد جدا عن الحرم ويوجد رائحه في الحمامات
Positive,أسطورتها أنها هي.. . لا أعرف كيف أوصف علاقة رفعت وماجي ولكني أعرف جيدا أنهما الأفضل..
Mixed,بغض النظر عن كميه الأيحائات و التجوزات الكتير جدا و أنى مفهمتش لحد دلوقتى هو أيه و ليه و امتى :
Positive,جيده . الافطار ممتاز. لا شئ
Mixed,رواية تحفة و ممتعة جدا و جذابة جدا بس اظن ان كان لازم يكون ليها جزء تاني
Positive,كتاب مسخره بجد دمه زى العسل الالش اللى فيه دمه وفرغلى ده فقر واحلى قصه القصه الاولى هييييييييييييه هنولع هنولع هنولع الحته دى فطستنى ضحك حسن الجندى الش كام الشه حلوين فى الكتاب ده
Positive,مريح هادئ و نظيف وذو موقع متميز . تعاون فريق العمل لراحة الزبون.
Positive,الهدوء . اعجبني كثيرا الهدوء والراحه وتعامل طاقم العمل وكما اشكر الاخ احمد والاخ عبدالعزيز ال شيخ ل اهتماهم الزايد واخلاقهم العاليه ولا يهون باقي الموظفين. لا يوجد
Positive,"اكل مميز ولذيذ جدا ، عيبه قلة كمية الاكل وارتفاع الاسعار"
Negative,الفندق يحتاج الي نظافه . لم يعجبني الفندق نهائي فندق يحتاج نظافه واهتمام اكبر. الفندق لايستحق المبلغ الذي تم دفعه نهائي
Negative,الكليشيهات مجتمعة في رواية واحدة و الجذام بكتيريا و ليس فيروس
Positive,معبر كتبه رحمه الله بخطاب أبوي. وعظ البنات حتى لا يندموا مستقبلا على تساهلهم. أنصح البنات بقراءته قصير جدا
Negative,لا اعرف لماذا اردت قراءة هذه الرواية ربما من عنوانها. وايضا لا اعلم لماذا اكملتها بالرغم من انني لم احب شخصياتها. اكثر شخصيتين اعجبوني و لم يكونو مثل باقي الشخصيات. جرهام وكرم دوس . وكل شخصية نالت ماتستحقه في النهاية. النهاية المأساوية التي قلت عندها. احسن هذا ماتستحقونه . لم يعجبني ف الرواية وجود الكثير الكثير من الكلام. الذي لا فائده منه ربما اذا لخص لحذف نصف الكتاب
Mixed,مرضي. النظافه والراحه. تاخر الاستجابه عند طلب اي خدمه وكذلك التاخير في تسجيل الدخول والخروج
Negative,كويس وقريب من الخدمات . لا يوجد فيه شيء اعجبني. عدم المصداقية والغرف عكس ماهو منشور بموقع بوكينج
Positive,مناسب للاقامة نسبة لقربه من الحرم النبوي من اتجاه الروضة الشريفة وباب السلام . . الاهتمام والتأكد من ان الغرفة نظيفة قبل بدء اجراءات الدخول
Mixed,لابد من التطوير في الفندق ليوا كب فنادق الخمس نجوم . السرير مريح. خدمة الغرف
Positive,طاقم عمل لطيف تشيك ان سريع موقع الانترنت . تعامل الطاقم استاذ حازم كان هو وزملاؤه لطيفين تشيك ان سريع الموقع والانترنت. لا شي
Negative,مخيب للأمل. نظافه العامل الذي يقوم بتنظيف الغرف وحسن خلقه. مطافه مطعم. وخاصة اثناء وقت الافطار وجود حشرات طايره. علي الأكل المكشوفازعاج جدا وقت النوم بصوت الموسيقى منبعث من البار نت بطي. جدا
Negative,مخيب للأمل. قربه من الموقع. الفندق ما يصلح لاى شي الا النادى الليلى مدير الفندق سئ جدا فى استقبال العملاء طرد عميل قدامى
Positive,استجمام . كل شي. لايوجد
Positive,زوجان ناطجان مع طفل . كل شي. شي
Mixed,كتيب يسيط ومفيد
Positive,راحه نفس وجمال المكان . الإفطار لم يجرب .. السرير مريح جداا. لاشي لم يعجبني كل شي كان جميل ..
Positive,يبدو أنني وجدت العمل الذي يتحدث عن قضية البدون كما أريد ... أتمنى ألا أخذل
Positive,كتبت عن هذا الكتاب الرائع على المدونة على هذا الرابط:. :// . . / / / ...
Negative,الكتاب فكرته لطيفة بس كان هيبقي افضل لو فضل مدونة ع النت ميستحقش يبقي كتاب وطباعة وتكاليف
Mixed,مرضي. جدا عادي .. ميزته الموقع فقط. السعر غالي جدا جدا عليه وعلى الفندق .. بالسعر اللي اخذته كان ممكن اخذ نجوم وافضل منه بمراحل ..ولا عاد افكر اسكن فيه ..
Positive,قمه الراحه والفخامة . المكان هادئ وموقعه استراتيجي. لايوجد
Mixed,يعتبر قريب من المتوسط بس معاملة الموجودين مقبوله . الافطار جميل. الاثاث قديم سوء النظافه
Positive,من أجمل ما كتب د/مصطفى محمود حيث يوضح حال العرب البائس و مدى خطورة اليهود و العداء على الاسلام.. الكاتب لا يخشى فى كلامه الا الله. يبسط ما يدور فى العالم من بروز للمادة. الصراع الحقيقى الان هو صراع قيم و مصالح و حكاية الارهاب هو تدليس لتغيير وجه القضية.
Positive,جيد جدا. . قيمة الضريبة عاليه
Mixed,لا اوصي به . فقط الموظفين العاملين باستقبال السيارات والحقائب.القيمة مقابل الاستخدام.مديرة المناوبة كانت رائعة حيث تقدمت بشكاوي وكانت في غاية الابتسام والود والمساعدة واعتذرت عما بدر من موظفيها.. استقبال سيء جدا وموظفات الاستقبال لا يبتسمن وكأنك ضيف لديهم وليس زائر بأموالك.لا يوجد عازل للصوت حيث انك تسمع جميع الاصوات بالممر ادرجة انك تسمع طرق الجرس على جيرانك.الحمام به خلل وتم اصلاحه. الروم سيرفس بطئء جدا عند طلب اية حاجة ويدخلون عليك مباشرة دون طرق الابواب.انا حجزت عن طريق بوكنج دوت كوم وطالبت بعمل ابجريد وموظفة الاستقبال قالت لا يمكن ابدا يجب ان تحجز عبر بوكنج علما اني طالبتها اني على استعداد لدفع فارق السعر واجابت بكل غلظة لا يمكن ذلك على الرغم بانني قمت بعمل ذلك في معظم الفنادق التي زرتها عبر العالم.من تجربة وليس اساءة للفندق : الفندق جيد ولكن بحاجة الى تأهيل طاقم العمل لديهم.عند الحجز السعر يغريك باختيار الفندق ولكن تكتشف بانك اقمت بفندق مستى نجوم على اعلى تقدير وجهة نظر شخصية .تقيمي ليس اساءة للفندق ولكن يحمل المصداقية حتى يستفيد غيري قبل الحجز.
Positive,كنت مصر انى اديها نجوم لحد ما انتهيت من من الرواية بس الاحداث اللى فى اخر من الرواية بجد خلوها تستاهل ال نجوم بجدارة .. اسلوب الرواية جيد جدا و المبادئ اللى اتلعب عليها فيها تشد القارئ ليها .. رواية جيدة جدا
Negative,"ربما شيء غريب ان قلت انني لم اسمع عن هذه اللعنة من قبل ،. الكتاب اعطاني معلومات جديده لم اكن اعرفها من قبل ،. وهذا شيء مفيد جدا ومهم جدا ،،. وبس :"
Mixed,مكان الفندق رائع قريب من المسجد النبوي . قرب من المسجد النبويبوفيه الغداء كان ممتاز. واجهتنا مشكلة في الدخول حيث أن السعر الموجود لديهم كان يختلف عن السعر الحقيقي مما تطلب الأمر لطباعة الفاوتشر.
Mixed,شكرا على جهود العاملين بالفندق . النظام شي جيد. النظافه بالفوط
Mixed,الكتاب جيد جدا فر التعريف بالسطان محمد الفاتح واجداده وكيفيه فتح القسطنطينية وإن كان الجزء الخاص بفتح القسطنطينية لا يوفيها حقها على الاطلاق . ليه نجوم لكثره الاسهاب فى الكلام والصفات الخاصه بكل شخصية موجوده بالكتاب وإن كان هذا متعمد من الكاتب لدحض كل الأكاذيب والإفتراءات على السلاطين العثمانيين والسطان محمد الفاتح بالأخص. كتاب جيد جدا للمهتمين بالتاريخ العثمانى وحديثى القرأه عن التاريخ العثمانى مثلى اتمنى من الجميع الاطلاع عليه
Mixed,"بعض الشخصيات تحتل وتأخذ حيز وانشغال كبير منك فيها لم تثيره من تساؤل وحيرة والغاز وفضول لطبيعة هذه الشخصية وحالها والوقوف على احوالها.... تقلقك طبيعتها وتهزك اعمالها ويثيرك تمردها وخروجها عن ما هو مألوف. وتتوه وتتشكك فيها فلا انت معها ولا انت ضدها فقد تعارض افكارها واهدافها وما تصبو اليه لكنك ستحمل اعجاب ما لهذه الشخصية. قرة العين. للطفولة وللعائلة وللتربية الجانب الاكبر في صقل الشخصية وميولها وتنميتها. وهذه قرة العين ولدت وسط عائلة عريقة النسب عميقة العلم والمعرفة واسرة من اشهر. اسر قزوين ومن اكبرها اسرة الحاج ملا صالح البارقاني وكان لهذه الاسرة مراكز عالية في هيئة العلماء وشهرتها في الفقه الاسلامي. اسماها والدها فاطمة وناداها اهلها واقاربها بأم سلمى واطلق عليها كاظم الرشتي قرة العين ومنحها بهاء الله لقب الطاهرة ولها اسماء اخرى مثل زرين تاج او ذات التاج الذهبي ولقبت ايضا ب النقطة وب الزكية. شغفت قرة العين واهتمت على غير عادة قريناتها بالعلم والمعرفه وعلم الكلام وكانت تستمع لدروس والدها من خلف ستار وقيل ان اباها خصص لها معلما لاشباع شغفها ونهمها بالعلم وكانت تجادل وتناقش باسلوب عميق مقنع لمن تحادثهم بادلة واضحه وبراهين دامغه تلقيها عليهم. فكانت حادة الفهم سليمة الفكر بعيدة النظر هادئة الخلق وذات شجاعة فائقة. وقد قال فيها والدها لو كانت هذه الابنة ذكرا لاصبح رب المنزل ولأخذ مقام والده بين فضلاء القوم. وقال ايضا من المؤسف انها لم تولد ذكرا والا لكانت قد احتلت مكانتي بين علماء الامبراطورية المشهورين. اما اخوها فوصفها بقوله : اننا جميعا من اخوة واولاد عم ما كنا نقدر ان نتكلم في حضرتها لان علمها كان يرعبنا واذا تصادف وتكلمنا عن مسألة فإنها كانت تتكلم عنها بكل وضوح واتقان على البداهة حتى نعلم انا اخطأنا السبيل ونتركها متحيرون. قصتها مع البهائية. كان اهل قزوين منقسمين الى فرقتين متنازعتين بشت سري اي شيخيين وبالا سري اي خصوم الشيخيين. وكان هذا الانقسام موجود في عائلة قرة العين فوالدها وعمها الاكبر من خصوم الشيخيين بل كانوا يكفرون شيخهم احمد الاحسائي لانه قرب الفلسفة من الدين وخالفهم باعتقادهم بالقيامة بينما عمها الاخر من الشيخيين. وقد نشأت قرة العين في هذا الجو الفكري المفعم بالجدل وقيل انها تعرفت على الاحسائي والرشتي من خلال ابن خالتها اذ عثرت في مكتبته على مؤلفات الشيخ الاحسائي واخذت تطالعها متشوقة وتقرأ بها وابهرت بكتاباته وراقت لها اراؤه واشتغلت بشكل موسع بمسألة الباب وكانت تفكر بظهور المعلم الجديد ورغبتها في ان تكون اول امرأة تخدمه عند ظهوره ورغم معارضة والدها له بل واعلانه بتكفير الشيخيين الا انها كانت تحادثه وتجادله باراء الاحسائي بينما هو اي والدها يقابلها بالسب والشتم والتأنيب وانها اضلت السبيل بينما هي تجيبه انها استبطت من مؤلفات الاحسائي معاني لا حصر لها في مسائل القيامة والوعد والوعيد وظهور حضرة ويزداد ولعها بالعقائد الشيخية وتعلقها بكاظم الرشتي الموضوع حتى ضاق بها والدها لعدم قدرته على دحض حججها. واخذت بعد ذلك تكاتب كاظم الرشتي وتستخبر منه عن جل المسائل الالهية المعضلة وقد قال فيها انها ازاحت الستار عن وجه مسائل الشيخ الاحسائي.. تزوجت قرة العين من ابن عمها وكان معارض للاحسائي وقيل انه ذهب برفقة قرة العين. الى كربلاء طلبا للعلم والمعرفة وكانت قرة العين متشوقة لرؤية الرشتي الذي كان يبشر بظهور الموعود لكنه كان قد مات قبل عشرة ايام على وصولها. ومن هناك اخذت قرة العين في التبليغ عن ظهور الموعود وتترجم لاتباعها احسن القصص ووضعت مصنفات ومنظومات في الغزل وفي الروحانيات فعرفت بطلاقة لسانها وقوة بلاغتها. وحينما انتشرت اراءها وما تدعو اليه رفع بعض علماء كربلاء شكوى ضدها لحكومتهم ووضعت الحكومة دارها تحت المراقبة ثم تم ترحيلها لبغداد وهناك اتخذت لها مسكنا واخذت بتبليغ ونشر اراءها وزاد الاتصال بينها وبين اهالي بغداد وذاعت شهرتها وكانت الطاهرة في اخذ ورد مستمر مع العلماء الذين يباحثونها فكانت تقنع كل من حادثها ومن جهة اخرى فقد اضطرب وهاج بعض القوم والعلماء ضدها فاجبرت الحكومة ان ترسلها لبيت مفتي بغداد ابن الآلوسي ولما اشتد الهجوم عليها ونقدها رحلت الى كرمانشاه ومنها لهمدان ثم عادت لبلدها قزوين. وفي قزوين قتل عمها الملا تقي المعارض لها وللشيخ الاحسائي ووقعت الفتنة ووقع القوم في خصام ونزاع لا فكاك منه فالقت الحكومة القبض على الباببين وقتلت بعضهم وارسلت بعضهم الى طهران وقيل انها هي من امرت بقتله وروايات اخرى تقول ان احد البابيين قتله لانه امطر الاحسائي وابلا من السباب والشتم والطعن واللعنات. اما قرة العين فقد استطاعت الوصول لطهران بمساعدة الجمال المبارك وسكنت في سراياه في طابق علوي وهيئ لها كل ما يلزمهاالا ان البحث عنها لم ينقطع. الى ان نقلها المبارك لبدشت وكان هناك بما عرف للبابيين فيما بعد بمؤتمر بدشت. وهناك دخلت قرة العين سافرة الوجه وصاحت قائلة:. ان هذه لنقرة الناقور ونفخة الصور وان الظهور الكلي قد اعلن . وقع الكل في ارتباك وحيرة واخذوا يتصايحون كيف نسخت الشرائع وكيف خرجت سافرة. فرد جمال قائلا اقرؤوا سورة الواقعة فقرأها احدهم. ففر بعضهم ودب الروع في بعضهم وبقي بعضهم وكان الظهور الكلي. ارتبكت الطاهرة واشتد قليقها في بدشت والقت الحكومة القبض عليها وارسلوها لطهران وهناك تم قتلها والقاءها في البئر ومنهم من قال انه تم حرقها. . قرأت هكذا قتلوا قرة العين ولم يكن لي خلفية عن البهائية. فرجعت لبعض الكتب التي ذكرها الوردي وخاصة الاجزاء التي تتحدث عن قرة العين. كمطلع النور والقرن البديع وقرأت كتاب بكاء طاهرة الذي جاء فيه بعض رسائلها. اضافة الى مقدمة عن حياتها وما كتبه الوردي. .................................. اطلعت على تأثر الادباء بها وأنها أول امرأة تقتل من اجل المساواة ونزع الحجاب. كالزهاوي وقاسم امين وغيرهم ومع ذلك من خلال قراءتي لم أرى ان نزعها للحجاب. كان مطالبة لتحرر المرأة بل ربما كردة فعل كامرأة شغفت بالعلم والاجتهاد. ولم تبلغ او لم يسمح لها لكونها امرأه بنيل الالقاب والمكانة والدرجات فيما لو كانت رجل. اضف لذكائها وسعة افقها وطموحها وولعها بمسألة الباب. ومع ذلك لا يقلل هذا من جرأتها وشجاعتها في مجتمع كان يحرم على المرأه الخروج والسفور. ومواجهتها وصلابتها لمعارضيها وتأثيرها باتباعها وعلماءها وبالعلماء. من مخطوطاتها. من اشعارها. إن ألقيت عليك نظرة، وجها لوجه، صورة بصورة،. لشرحت لك كل أحزانك، نقطة بنقطة، شعرة بشعرة.. ففي سبيل رؤيتك، هببت مثل نسيم الصبا،. من منزل لمنزل ، من زقاق لزقاق ، هائمة في الدروب.. تسيل الدماء من عيوني إثر فراقك ،. نهرا في نهر، يما في يم، عينا وراء عين، غديرا في غدير.. تحوم البراعم والزهور ، والزنابق بعطورها الفواحة، حول ثغرك العنبر الرقيق،. برعما فبرعما، وزهرة في حضن زهرة، وزنبقة بجنب زنبقة،. راقصة رقصة النور.. اصطادت حواجبك ، وشامتك طيور القلوب ،. قلبا بعد قلب، شفيقة، رحيمة، رءوم.. . الرسومات كما تخيله الفنان البريطاني البهائي"
Negative,بصراحه عجبتنى اولها واسلوب الكاتب اللذيذ ال حسسنى اى هشوف مغامراته مع الشيخ وعالم تانى ال بيحكى عنه... وبعدين بيحكى عن يوم الجمعه والبرامج التليفزيونيه والتعريف بيها منكرش انه رجعنى لذكريات حلوة ف الايام دى بس بردو فين الفايده ف انه يحكى عن التليفزيون والممثلين والموسيقى والساوند تراك لكل برنامج جاى منين...؟. فجأه لقيته قلب على فيلم ايميلى روز وطرد الارواح الشريره والقسيس وكل تفاصيل الفيلم بنفس الحكايه ال جات فيها..حتى الاب مارين زى الجزء الثالث من الفيلم اغلب المشاهد. فين الجديد؟. عاوز يقول ايه من الروايه..؟ بصراحه محستش باى متعه غير انى لقيتنى بكملها عشان مراهنه نفسى انه هيغير احداث الفيلم بس لقيته هو هو. للاسف روايه مش لذيذ خالص
Positive,تصوير مختصر ورائع لحياة قائد ومحارب عظيم كالإسكندر ... علي الوردي كان يقول بأن سر العبقرية هو تجمع المتناقضات في شخصية الفرد بطريقة يصعب فهمها وتفسير الصلة بينها .. ولهذا كان الإسكندر عبقريا من نوع فريد.. فقد امتزجت فيه نذالة الأساليب بنبل المقاصد .. والقسوة البشعة بالرحمة التي تحنو على العالم أجمع وترغب في خلق وحدة عالمية الكل فيها إخوة سواسية
Mixed,لطالما أكد باولو أن مكتوب ليس مجموعة من النصح إنه بحق مجموعة من التجارب الحياتية و الخبرات التي حتما واجهت أو ستواجه كل شخص في مسعاه الروحي .. لم أجد معظم التجارب و الخبرات جديدا بمضمونه لذات السبب الآنف الذكر لكن هذا لا يمنع أبدأ من اعتبار هذا الكتاب مساعدا حقيقيا لكل أولئك الأشخاص على الدروب الروحانية..
Mixed,حسن. مساحة الغرفة. الموقع غير معروف وتكثير فيه الجالية الهندية
Negative,جربت صب واي في الكويت وكان لذيذا جدا..رجعت الرياض واتجهت بحماس بناء عن تجربتي السابقه ولكنني تفاجات جدا الخبز مختلف وسئ ومع طلبي للتسخين تاتي السندوتشات بارده..
Mixed,فندق....في قمة الروعه فندق حلو بصراحه فيه خدمات ومرافق متكاملة وخدمات أمنيه على مستوى عال وطاقم على أعلى مستوى .. أتمنى لهم مزيد من التقدم . بس في م حظه عليهم أن يعملوا على تطوير هذا الصرح العظيم بنادي رياضي وبعض الخدمات التي تنقصه والتي من خلالها يوصل إلى مصاف الفنادق العالميه ... وشكرا
Negative,اهرب من الفندق هذا لانه حرام تضيع فيه فلوسك . لايوجد الا الموقع المطل والا باقي الخدمات والعاملين والمبنى سيئ.. تعامل الموظفين وعدم الإحترافية الفندقية المعهودة بالفنادق.اي طلب لمخدة اوبطانية تؤخذ رسوم ؟؟الفندق كئيب جدا.
Negative,آقامة جيدة . بالبداية بالجناح الملكي كنت لوحدي مافي ازعاج يصلح للعوائل محافظ جدا الحمام السباحة للآطفال استمتعوا فيه الاطفال. صار ازعاج عندما سكنوا بجانبي عائلة وكل سوالفهم اسمعها وضحكهم والواي فاي ضعيف
Mixed,في الحقيقة السرد كان اشبه بالقصص التي تعرض في المنتدايات و لم تلق اعجابي جدا لكن اقيمها /
Negative,"نجمة واحدة لطريقة السرد الجميلة فقط . رواية لإضاعة الوقت فقط ، لا تحوي على رسالة جميلة او فكرة قيمة على العكس تماما ، فهي من هذه الناحية رديئة .. قرأتها عل مضض ."
Mixed,بغض النظر عن ان اسلوب الكتابه مش عجبنى لانه يمتاز بالضعف الشديد الا ان عجبنى افكارة والمقصود من ورا المقالات دى لان فى مقالات كتيرة اوى فيها عجبتنى جدااا اهم حاجه نفهم ايه المقصود من وراها قصص انسانيه جدا اتاثرت ببعضها جدا وبعضها شفته عادى جدااا. بس عموما لا باس بها
Mixed,". السرير ، الواي فاي. اللي ما عجبني الحمام الله يكرمكم المروش خربان يطلع مويا حار بس ، الغرفه كانت بزياده صغيره يالله اصلي فيها ، الفندق مايصلح ابدا ل اثنين توهم متزوجين ، الفندق يناسب للناس العمليين اللي جايين عندهم شغل ويمشون ، وبس"
Mixed,"لقد مضى شهر تقريبا منذ أن أنهيت هذه الرواية وقد أرجأت الكتابة عنها على أنها ظلت تدور في مخيلتي بين المرغوب به والمرغوب عنه.. أحداث الحكاية الخارجية بسيطة تدور في يوم واحد من الزمن تكثف لحظاته عبر التذكر والعودة إلى الوراء وقد شعرت بأن هذا الشكل أكثر أناقة من الموضوع، الموضوع الذي ولا شك قد أعلى من أسهم الرواية إذ لا زلنا نعيش في عالم يتهافت لكتاب يتناول العلاقات الجسدية على تنوعها ويفتح لمؤلفه أبوابا كادت تغلق للأبد، وفي رأيي لا يشفع لها التحدث عن واقعية القصة وأنها كانت محض ساعي بريد قد أوصل هذه الرسالة السرية لعوالم الرواية والقراء، كان بوسعها أن تدافع عن أحقيتها كروائية بتناول هذا الموضوع الشائك وانتهى الأمر . تثير هذه الرواية القرف الحميد جراء وصف المشاهد الجنسية أو وصف الفقر والبؤس ويكاد يرسم صورة ممتازة في مخيلة القارئ وهذا يسجل لها.. لكنها وبرغم كل الدقة التي توختها وكل المهارة في وصف المطارادت والليالي والخطوات عجزت أن توصلني لاستنشاق رائحة القرفة فقد ابتذلتها لدرجة كبيرة، وكأنما قد أودعت مهارتها في التفاصيل الأخرى ووصلته منهكة القوى.. لم يخالجني شعور بالندم بعد إنجاز القراءة لكنها كانت صعبة وقد غالبت نفسي لأكمل صفحات معينة، رواية جميلة في نهاية الأمر تفتح باب التساؤل التالي:. ماذا سنجد لدى سمر لاحقا؟"
Positive,أول ما تكمل الرواية .. تنتابك رغبة ملحة أنك تذهب تقبل أمك. و تعتذر عن كل الحماقات التي قمت بها. و تشعر بالامتنان أنها موجودة ..
Positive,"كتاب مفيد جدا، وموجز ومركز .. وقد كفتني المراجعات الأخرى ذكر موضوعه وعما يتحدث .. لكن لا يفوتني ذكر ثلاثة أمور:. أولا: وجدت أن من سلبيات الكتاب: عدم ذكره المراجع ومصادر المعلومات التي يذكرها والأقوال التي ينسبها، فلم أجد في الصفحات هوامش بذلك، ولا في نهاية الكتاب ثبتا بالمراجع .. وأتمنى أن يستدرك هذا في طبعات أخرى. ثانيا: لا شك أنني أختلف مع الدكتور عمرو شريف في إيمانه بنظروية داروين بعد تعديلها إلى مفهوم التطور الموجه أو التطوير الإلهي .. وأرى أن محاولته ومن نحا نحوه التوفيق بين تلك النظرية الكفرية وبين الوحي المعصوم قرآنا وسنة = هي محاولة فاشلة يحرف فيها القرآن تحريف معنى باسم التأويل ، وهو من سنن اليهود والنصارى في تحريف كتبهم وتكذب فيها السنة الصحيحة وترد جهرا .. وهذا من الضلال المبين. ومفيد في هذا الجانب قراءة كتاب:. الداروينية المتأسلمة. وهو كتاب قيم صغير الحجم، للأستاذ عمرو عبد العزيز .. ويناقش فيه منهج الدكتور وأقرانه في أسلمة تلك النظرية الكفرية، والخلل في منهجهم ذلك. ثالثا: عند ذكر المؤلف لنشأة الإلحاد في العالم الإسلامي، ذكر أن أحد أسباب نشأته هو شيوع النزعة المادية التي تمجد العقل وترفعه فوق قدره، وقد نشأت تلك النزعة نتيجة لانتشار الثقافة اليونانية مع حركة الترجمة في القرن الرابع الهجري ... ومن المعروف عندي أن أصحاب تلك النزعة هم المعتزلة. ثم عاد المؤلف ليقول أن خير من تصدى لشيوع الأفكار الإلحادية هم المعتزلة أصحاب المدرسة العقلية في الفكر الإسلامي .. وهنا موضع العجب"
Negative,لا يوجد اي خدمة . لا شي. كل شي
Negative,يعتبر كمرجع لا يقرأ من أوله الى اخره. النجمتين لخطة القراءة للاطفال فقط..به اقتراحات لكثير من الكتب الجيدة
Negative,سيئه لا انصح به ابدا معامله سيئه . خدمه سيئه وتعامل سيء.
Mixed,عمق الكلمات وتناغم المعاني
Negative,من اسواء رحلاتي الى المتجعات . الافطارجيد والسرير جيد. المطعم بعيد يوجد الكثير من حركه السيارات المطاعم سيءه جدا وغاليه السعر بدون مبرر ولاتقدم طعام متنوع الخدمات غاليه الجي تي سكي يسبب الإزعاج للزوار بالاقتراب من الفلل الطاقم المسؤول عن الخدمات غير متعاون اداره الاستقبال لاتقدم النصيحه وليس لديها ألطريقه الصحيحه للخدمة والاستقبال
Positive,اعجبني . يجود باص يأخذك للحرم في كل صلاة مجانا خدمة رائعة.
Positive,كتاب ثري ما يميز هذه السلسلة هي أنه لا يقص السيرة بل الصفات والجوانب المختلفة من الشخصية.. عمر في بيته عمر كسياسي عمر كمثقف وغيرها.. لا أخفي أنني أحببت عمر رضي الله عنه أكثر بعد هذا الكتاب.. قرأت نصفه قبل عام والان أكملت نصفه الاخر. لكن ذلك لم يضر إذ أن كل فصل فيه مستقل بذاته عن باقي الفصول.. ... أنصح به بعد عبقرية محمد وسأكمل بقية عبقرياته إن شاء الله.
Negative,مخيب للأمل. . الموقع المواقف قليله جداانسداد حنفية المغسلة كانت الليله ب بدون افذار وتعتبر غاليه جدا حسب موقعه وخدماته ومبناه القديم
Negative,نجمة للغة التى صيغت بها الرسائل. ونجمه اخرى لبعض محتواها
Positive,الكتاب به بعض المخالفات الشرعية ؛لكنه فى المجمل صادق و موجع جدا بداية بالمقدمة الغير عادية و كل اليوميات بالكتاب ؛ أول كتاب اقرأه كاملا لنزار و لست اظنه الأخير فقد عبر عن المرأة بأفضل ما تعبر هى عن نفسها
Negative,كتاب جيد ممل نوعا ما. كان ممكن يعرض المحتوى بطريقة أجمل. عموما جميل أنه تطرق لموضوع التعليم بالبلاد العربية والابداع
Negative,ما لاحظته أن المحطات التي وقف عليها الكاتب لم تتغير رغم أنه زارها منذ ما يزيد عن أربعين سنة
Negative,حاجه مؤرفه . ولا شيء. كل شيء
Positive,حبيتها جدا لأنها زي كده رباعيات صلاح جاهين في جمالها والكلام اللي يبان بسيط لكنه أبدا مش بسيط .. ولو اتقرا مية مرة مش هتزهق منه. عجبتني:. نعيش زي الفلاسفة تعساء. ونحاول نفهم الفولة. واللا خلينا كده. بلهاء .. سعداء. بالدنيا المجهولة .؟. . حبة هوا. طيروا الورق كله. ياللا مش مهم. هوا ايه إللي كان في الورق. أحلي من الهوا .؟. . غرقانين..؟؟ . وإيه يعني غرقانين ... حتي فرصة نعيش مع السمك .. هاديين... بلا مشاكل ... بلا خناقات... بلا بواخة بني آدمين. . . مات من الضحك. وفارق الحياه. مع إنها كانت نكتة. مش عاجباه . . وزي ما نمنا. زي ما صحينا. جرادل طحينة. واقعة علي جرادل طحينة. كلنا واقعين. من بعض... علي بعضينا . . لا مش انا اللي أبكي. ولا أنا اللي احكي. ولا انا اللي اشكي. ولا حتي اللي اتفلق. أنا اللي باضحك لغاية. ما بتخنق . . إيه قيمة أبقس حصان جميل. بس مربوط. أو نسر عظيم محنط.. محطوط. لا يا عم .. خليني زي ما انا. قرد مجهول.. بس مبسوط
Mixed,مفهمتش النهاية خالص : . يعنى كدة الراجل اللى فى الاخر كان بيعملهم سحر اسمر فعلا وهى البت دى اللى هى بتاعة برج الحوت اتجننت : . ولا ايه يعنى ؟. طب فعلا مفيش ايمان بالابراج بس ازاى كلهم ماتوا بسبب الابراج . مش فاهمة : . والاخيرة بتاعة برج الحوت مصيرها ايه ؟ . انا باكره النهايات المفتوحة. انا عندى النهاية تبقى ماساوية احسن مرة من انها تبقى مفتوحة :
Negative,"من الروايات اللي كنت عايزة اخلصها لمجرد اني اخلصها ومش علشان شداني ولا معجبة بيها . شخصية القاتل كانت واضحة جدا ومعظم الأحداث رغم اني مش نبيهة اوي كانت متوقعة بشكل يخلي الرواية مملة من كتر ما الموضوع بديهي وواضح. في شوية تناقضات في الاحداث وده تقريبا علشان الرواية مترجعت كويس ده غير ان الكاتب بيكشف عن شخصية القاتل في الفصل اللي قبل الاخير وده حاجة بعتبره عيب في النوع ده من الروايات لأنها اكيد كانت هتكون احسن لو أتأخرت شوية، الوراية ناقصها عناصر كتير لكن مجهود الكاتب اكيد يشكر عليه... شكرا لعمرو الجندي"
Mixed,حسن. . عدم احترام النزيل وقيام موظف الاستقبال من الجنسية المصريه بالتلفظ ورفع الصوت وتشغيل الموسيقى وعدم الانصياع للنصيحه
Mixed,حسن. بشاشة الموظفين فقط وغير ذلك كله سيء . رائحة الممرات سيئة إفطار لايليق بفنادق ماريوت أثاث قديم ورق جدران مفكك ستارة سيئة لاتعمل بإختصار فندق لايليق به حمل أسم ماريوت
Mixed,الكتاب الرابع الذي أقرأه لبثينة العيسي. تقريبا فاضلي كتابين واخلص كل كتبها. هو اول كتاب لها فمن الطبيعي ان يكون الاقل في المستوى. العنوان هو اجمل مافي الرواية. الغلاف لا يعبر اطلاقا عن محتوى الرواية. القصة عادية جدا فتاة كويتية تقع في حب رجل بدون. فكرة كان تناولها في رواية ساق المامبو اكثر عمقا واكثر تأثيرا. تحليل قضية البدون في الكويت ومنه مباشرة الى تحليل معنى الوطن. الى تحليل مأساة العرب منه الى وضع العرب في العالم. منه الى الكثير من الامور من وجهة نظر الكاتبة في رواية من صفحة. اللغة مدهشة اجمل مافي هذه الرواية واجمل ما في بثينة لغتها. الرمزية في المواقف واسماء الابطال ومعنى الاحداث كان موفق. كنت انتظر رواية اكثر عمق واحداث اكثر تشابكا. ولكنها تبقى في النهاية احدى كاتباتي المفضلات بثينة العيسى
Negative,خدمات دونى المستوى . . الخدامات غير مناسبة ولا ترقى لأسم الفندق
Negative,مخيب للأمل. . صوت المكيف
Mixed,عمري ماهنسا سيجارة فشل الحمار. او الاستاذ الاعمي
Positive,جيد. . وسائد النوم لم تكن مريحة
Positive,تفسير عصري بالفعل. يجعلك تنظر للأيات التى قرأتها مرارا بصورة جديدة وتفكر فيها بطريقة مختلفة بعد قراءة هذا الكتاب
Mixed,"إستغرقتني قراءة هذه القصة حوالي ساعات، و بصراحة لست نادما أبدا، فكل ثانية تستحق عن جدارة أن أقضيها للنفاذ من هذه الرواية المذهلة. أمتعني أسلوب الأستاذ أحمد خالد توفيق كثيرا في سرد الأحداث، عدا تلك المعلومات الشيقة عما جرى في مصر و يمكن أن يستمر حدوثه في المستقبل. بغض النظر عن النهاية التي يمكن أن تكون حزينة للبعض، و لكني أراه مناسبة جدا لمجريات الأحداث في القصة كلها. في نفس الوقت، لا أنصح أحدا أن يقرأ هذه الرواية إذا كان من هواة النهايات السعيدة"
Positive,ممتاز. منظر المضمار رائع. تسريب الماء من حوض الاستحمام .. عند مفتاح التصريف
Negative,رواية جميلة. عشت معها بكل جوراحي. حتى بعد أن أتممتها لبثت حينا أفكر بها. أحببتها . لكن النهاية كانت سبب في تقييمي بنجمتين فقط
Mixed,"الرواية من النوع الخفيف، التي ما أن تبدأ بقراءتها حتى تتركها وقد أنهيت قراءتها دفعة واحدة.. يحسب للمؤلف عدم إثقال الرواية بالتشبيهات والجمل الأدبية الخالصة وعدم ا كثار من ذكر التفاصيل التي تشتت القارئ أيضا.. أعتقد أنها تناسب من أعمارهم دون العشرين.. الرواية بشكل عام لم أندم على قراءتها مطلقا."
Positive,رائعه ومريحه جدا جدا . الشقق فسيحه وذات اطلاله جميله ووجود شرفه ذات موقع مميز بالشقه وطاقم الموظفين ودودين ومحترمين وخدمتهم سريعه جدا جدا ووجود مطاعم وكافيهات وممشى يمكن الوصول اليه بسهوله يعني الشقه باختصار ممتازه من جميع النواحي. لايوجد
Mixed,كعادتى مع روايات د.يوسف زيدان. لكنى لى عتب بسيط فأنا أشعر أنها ربما روايه لم تكتمل أو كتاب لوصف الأنثى لم يكتمل. وضعنى الكتاب بكثير من التشويش. لكن بالمجمل إستفدت منه من ملومات لم أكن أعرفها مسبقا
Positive,تجربة فيمه . موقع ونظافه واستقبال .قمه في الروعه. لاشي
Negative,ضعيف. . انقطاع الماء وضعف كميه الماءعدم وجود اواني للطبخ عدم النظافه
Positive,ممتاز وخرافي . الفندق هادي جدا ويستحق الزياره مره اخرى.
Negative,عادي . . خدمة الغرف سيئة جدا جدا
Negative,"انا من اعيش في لبنان تداعيات تلك الاحداث او الحرب الاهلية او ليكن اسمها ما يكون في. المجتمع اللبناني، وان كنت لا اخالف امين معلوف ببعض افكاره التي طرحها ما بين السطور. الا اني لم استمتع بالرواية ، كما فعلت في روايته سمرقند وليون الافريقي. تناولت الرواية موضوع الهوية والغربة والحرب الاهلية وتداعياتها على شباب المجتمع اللبناني. وانقسام الشباب بين باق في البلد ومهاجر منه. وان كانت الهجرة صعبة فالعودة اصعب وخاصة للم الشمل"
Mixed,"وتتوالى صدماتى ف الروايات التى تضمها القائمة القصيرة لجائزة البوكر ،، فبعد صدمتى من قراءة رواية فرانكشتاين ف بغداد وعلمى بوصولها إلى القائمة القصيرة ، تكررت صدمتى مرة آخرى فى رواية طائر ازرق نادر يحلق معى وإن كانت اقل من سابقتها .. الرواية مبنية ع موضوع حيوى وهام ألا وهو معاناة المحبوسين ف السجون المغربية متمثلة ف عزيز الذى القى القبض عليه واتهامه بمحاولة قصف طائرة الملك وإلقائه ف السجون لمدة تزيد عن عاما بعيدا عن زوجته التى تحاول ع مر الرواية البحث عنه .. بالرغم من اهمية الفكرة الرئيسية للرواية إلا ان الكاتب لم يتمكن من معالجتها بشكل ادبى جيد ،، لا انكر ان اسلوب الحكاء اعجبنى ، فلم يقتصر السرد ع لسان عزيز او زوجته فقط بل امتد إلى لسان السجان ورفيقه بل ولسان كلبة الحراسة ايضا ولكن شعرت بالملل كثيرا نتيجة الاطالة ف بعض الاجزاء دون داع لها ، كما ان الكاتب لم يتمكن من جعل الرواية عمل روائى بحت او عمل ينحدر تحت بند ادب السجون فوقع ف خطأ محاولة التوفيق بين هذا وذاك ولكنه فشل من وجهة نظرى .. الرواية ف مجملها العام جيد ولكنها ليست بالجودة التى تؤهلها لجائزة البوكر .. ملحوظة : لمن يقرر قراءة تلك الرواية ستشعر ف اليدء بملل قاتل ولكن بمجرد الانغماس ف التفاصيل ستتناسى ذلك وإن كان هناك اطالة بعض الشئ ف عدد من الفصول دون داع لها ع الاطلاق"
Mixed,قصة حزينة جدا وفي ثنايها احداث تعزف على اوتار حساسة لمايواجه الانسان في عصرنا لم اتوقع نهاية الحزينة لعصام
Negative,غلطة العمر . المنظر العام واليحر. خدمه التوصيل وسوء معامله العمال.والتاخير في اداء الخدمه .الديكور والاثاث غير لائق بفندق نجوم المسبح وعدم تغيير الماء..رائحه الغرف والحشرات
Mixed,في هذا الكتاب ستعرف سبب قول الله عز و جل لعن الذين كفروا من بني اسرائيل علي لسان داود و عيسي بن مريم . كتاب يفضح الخطط الدنيئة للصهاينة و يوضح للاسف مدي انجراف الحكومات الحالية لخططهم دون علم. من البروتوكولات تستطيع تفسير الثورات والانقلابات و الخيانات و الجواسيس و العداوات التي تغطي الصداقات السرية. تجد اليهودي يري الأممين علي انهم حيوانات يتقرب الي ربه بقتلهم و ذلهم و سرقتهم. . المقدمة طويلة الي قدر كبير و لكن مهمة لكن ليس بالقدر الذي يستدعي هذا الاسهاب. ترجمةالبروتوكولات شعرت بأن لغتها صعبة بطريقة كبيرة. الحواشي كثيرة جدا لكن يمكن امرارها من باب الامانة العلمية. لكن. كتاب خطير
Positive,استثنائي. كل شي رائع. لا شيئ
Positive,قمر فضولي على الاطلال. يضحك كالغبي. فلا تصدق أنه يدنو لكي يستقبلك. هو في وظيفته القديمة مثل اذار الجديد. أعاد للأشجار اسماء الحنين. واهملك
Mixed,"جيد لكنه يحتاج لبعض المزيد. الفندق ممتاز لرحلات العمل. غرفة نظيفة، يتميز بالسرعة في عمل اجراءات الوصول والمغادرة، خدمة إنترنت جيدة في الغرف، خدمة احترافية، إلخ. أما اذا كنت تنتوي المكوث فيه مع عائلتك، فهو يحتاج لكثير من التحسينات. على سبيل امثال، وجبة الإفطار يجب أن تكون متنوعة أكثر؛ والمراحيض ودورات المياة يجب أن تصمم بطريقة بحيث يكون لكل منهم باب دخول منفصل؛ يجب أن تتوافر شبكة الواي فاي في كل غرفة لشخصين، توفير معلومات عامة عنالمطاعم المحيطة، إلخ. وبشكل عام، هو مكان جيد للإقامة إذا كنت لا تنتظر الكثير."
Negative,"لو كان ينفع اديها ربع نجمة كنت عملتها ، نادمة جد على الفلوس والوقت اللي ضاعوا عليها :"
Positive,كبداية للكاتب. رواية جميلة جدا بعيدة كل البعد. عن الملل اسلوب راقي جدا. مشوقة جدا انصح الجميع بقرائتها. وبانتظار جديد الكاتب
Mixed,فاذا لم نحقق الكمال النهائي اذا ماغدت الامور أسوء من ذي قبل اذا ماعجزت الحقيقة عن الشموخ بقامتها فوق نصف الحقيقة إذا ماثبت أن الصامتين على حق كحراس للوجود وإذا ما ماتداعى الامل الواهن الذي لا يزال يداعبنا مفسحا السبيل للصمت المطلق فإن المحاولةتظل جديرة باجتراحها حيث أنك لا ترغب في العيش على نحو ما انت مجبر على ان تحيا طيب اذن لم توجع اللوم إلى الآخرين لالتزامهم الصمت فيما تظل صامتا بدورك؟
Positive,مكان رائع . كل شيئ. لاشيئ
Negative,"أسوا فندق يمكن أن تجده لا تقم هنا. خدمة سيئة للغاية بما في ذلك الإفطار الذي كان مهزلة حيث لم يكن هناك أي احترام، والموظفين يتعاملون بفظاظة، ولا يوجد أي شيء يقدم مجانا. بل وسيتعين عليك شراء الشامبو الخاص بك، ويتقاضون منك مبلغا باهظا نظير استخدام الإنترنت الذي هو أبطأ من الاتصال بالإنترنت عبر الهاتف. خلاصة الأمر تجنبه إذا استطعت"
Mixed,"ثلاثة من عشرة . قربه من الحرم. استاجرت جناح تنفيذي وفوجئت بكون التكييف عطلان يشتغل ساعة ويخرب، كلمتهم اكثر من عشر مرات كل مره يحي المهندس يصلحه وبعد ساعه يخرب رفضو يغيرون الجناح التعامل سيء جدا من موظفين الاستقبال وكاني ساكن بالمجان قمة الاهانه اخر مرة اسكن واوصي الجميع بعدم السكن"
Mixed,انها محاولة جيده لمزج فن الشعر والرواية .. لغة قوية محكمة .. لكن الرواية لها ابعاد اخري لم يتناولها الكاتب وهي نمو الشخصيات خلال الأحداث الحبكة ولكنه عمل جيد يستحق القراءة
Negative,ضعيف. لاشيء. رائحة مدخل الشقق رائحة أكل .. الأثاث قديم والتلفزيون مرتفع جدا .. الواي فاي ضعيف جدا ..
Mixed,كتاب لطيف بالنسبة لي عامل زي المقبلات او فواتح الشهية : بين الروايات الدسمة بس مش واقعي اوي. بس انا مستغربة لاني قرات من سنتين يوميات زيها كده بالظبط مع اضافات بسيطة بس التفاصيل زي ما هي بالظبط وبردوا كان اسمهم عمر وسارة. بس كان اسم الكاتبة واحدة تانية.
Negative,كتاب مفيد لكن لكن لعمر مراهقة فقط ومعلومات مكررة جدا بكتب سابقة أجمل فكرة هي. لايدخل الشيطان قلبك إلا إذا دعوته أنت وفتحت له الباب
Negative,"خفيف متنوع يحمل اوراقا جميلة، الا انه ممل نوعا ما لتكرر الافكار بين صفحاتة"
Mixed,كتاب لطيف يجمع عدة مقالات للكاتب احمد خالد توفيق. المقالات بعضها فيه تكرار لدرجة ملفتة للنظر مما أصابني ببعض الملل. و البعض الاخر جذاب للغاية و ملئ بالمعلومات المفيدة فعلا. في المجمل كتاب جيد و ان كان ليس بأفضل كتب د. احمد
Mixed,مقبول. . الاثاث قديم وديكور مزعج وقديم
Mixed,السعر لفندق نجمتين مرتفع . موظفه الاستقبال تعاملها جيد المواقف متوفرهالانترنت متوفر. سعر الفندق مرتفع مع انه نجمتين
Positive,يعني احمد مطر ظاهره بصراحه يعني نجمات قليله بحق هذه المجموعه
Negative,"جيد ويصلح كمدخل للمبتدئين، ويعيبه اعتماده على مصدر واحد فقط من الكتب، ولايحلل إنما يعرض الخطوط العامة لآراء بعض المفكرين ولكن أحيانا بتبسيط مخل"
Positive,ممتاز جدا . كل شي كان ممتاز والافطار من افضل الفنادق التي سكنتها. الخروج الساعه الظهر واذا كلمتهم قالو لك الى الساعه الواحده فقط والفنادق الاخرى الى بعد صلاة العصر
Positive,رائع. الفندق مريح جدا وعائلي. لا يوجد
Negative,سيء . لاشيء. ازعاج بالغرفه المجاورة والشقه ضيقة زيارة لن تتكرر
Mixed,"متوسط الحجم. رواية تحكي سطوة الحضور الذكوري على الأنثوي. خاصة عندما يكون مدعوما من الأناث أنفسهن لسبب واحد فقط أنه ذكر و خاصة عندما لا يمتلك ذلك الذكر مقومات السيادة ... لم أحب أبدا تبادل الرواة فيها، و لا كثرتهم المبالغ فيها ، مع ذلك، لم يسلبني ذلك الاستمتاع بتسلسل الأحداث ... برأي بدأت الكاتبة الرواية ببساطة تعبير يحاكي براءة أحداث الرواية، ثم أصبحت تنضج أكثر بالمفردات والتشبيهات مع نهايتها .. أحببت ذلك"
Negative,ضعيف. التكييف. ا فطار سيئ . الشاي والشبشب مو موجده لاازم تطلبهاالسرير مكسور .عشان تسوي دخول لاازم تمر مكتب حجوزات بعدين أستقبالالقيمة مقارنتا بالخدمات
Negative,اختيار غير موفق . . زحمة على المصاعد .. أيام بلا تنظيف للغرف .. الكهرباء فالغرفة ضعيفه او لا تعمل .. المكان على صعده لايصلح لكبار السن .. سيء
Negative,شاورمر كان من أفضل المطاعم السريعة عندي وكان يعجبني فيهم تنوع الشاورما عندهم لكن اليوم جتني صدمة وأنا أكل تنوري تخيلوا لقيت شعره قاسية والله تقرفت قمة الوساخة
Negative,نجمتين علشان الفكرة .. غير كده تقريبا باقي الرواية مواعظ مردتش على الاسئلة اللي طرحها الكاتب في مقدمة الكتاب ولا حتى قرب من الرد
Mixed,حكاية جميلة لغربية تصور اندماجها في حياة البادية .. ربما الخطأ الوحيد هو ان تقرأ الكتاب بترجمة عربية .. فلم تكن الترجمة بتلك القوة
Negative,هل من المعقول ان تتدنى ذائقة مؤسسة زايد لتصبح هذه الرواية ضمن قائمتها ؟
Negative,ضعيف. . خدمة سيئة وتعامل رديء وغير نظيف
Mixed,"من أروع الروايات التي قرأتها واستفدت منها ،الكاتب يحملك إلى الجهة المقابلة من العالم إلى نيوزيلاندا حيث كان يتلقى العلم هناك، سرد وقائع وأحداث عايشهابنفسه ونقلها لنا بأسلوب قصصي ماتع"
Mixed,مرضي. الافطار مجاني ممتاز بس المكان مفتوح و لا يصلح للعوائل المحافظة. حارس امن للمواقف
Negative,رائع لولا بعض الشطحات الصوفية
Mixed,"أحب الروايات التي تنقلني إلى عالم آخر لا أعرف شيئا عنه. أحسست أنني عشت ثلاثة أيام في واحة سيوة، هي المدة التي استغرقتني قراءة هذه الرواية. أحببت أسلوب تسليم الشخصيات مهمة رواية القصة ليصبحوا رواتها وأبطالها، وهي أول رواية أقرأها بهذا الأسلوب.. لا أستطيع تصنيفها من الروائع، ربما لأني كنت أتوقع الكثير. ولأنني لا أحب الروايات التي تتنتهي بالانتحار أو محاولة ارتكابه، وأعد اللجوء لهذه الوسيلة ضعف حيلة وتمنع إنهاء الأحداث بطريقة منطقية. وربما لهذا نفرت في الآونة الأخيرة من قراءة روايات الأدب العربي حتى فتحت شهيتي من جديد رواية عزازيل وأفضت بي إل رواية الكاتب بهاء طاهر."
Mixed,شعراء كبار رغم سنهم الصغير : . كل نص كان بيخليني اتعجب ان المعني دا يطلع من طفل .. جميلة جدا التجرية دي
Mixed,اقامة لمدة يوم فقط. . المستوى العام مقبول..
Negative,في كلام كتير قذر :/. ما انصحش حد يقرأه .. بيقدم مضمون حلو بس شوهه
Positive,استثنائي. النظافه التكييف الهدوء قربه من الحرم النبوي. الافطار غير متنوع وماهو على القيمة اللي اندفعت توقعت يكون اكثر تنوع وارفع مستوى المواقف جدا تعبنا وحنا ندور مواقف بكل مره نطلع فيها اتمنى يوفرون مواقف لجميع النزلاء
Positive,رائعة بهاء طاهر.
Mixed,"كتاب بسيط لا بأس به ، شعرت وكأن صديقتي تقص علي تجربتها ،أعجبني ولكن ضايقتني الفصحي التي تتخلل العامية التي تغلب علي الكتاب ."
Mixed,"الواحد كان فاكر الي بيحصل في سجون مصر من ايام عبد الناصر الاسوء، لكن اتضح ان العسكر في كل الانظمة العربية بيتنافسوا بينهم وبين بعض على المركز الاسوأ، وان الانظمة العربية بتعامل شعبها على اساس انه هو العدو الحقيقي، كمية ظلم وذل وقسوة وغل وكفر تعجز الكلمات عن وصفها"
Positive,"مرة قالي صديقي الإسلامي، اللي بيقرأ من التيار الإسلامي لنجيب محفوظ، يا بيحبه حد الإفتتان، يا بيناصبه العداء، وكل على حد حبه للحرية والجمال.. ويسخر من أصلي الكريم قائلا:. من جدك الراوي؟ أنا جدك الحقيقي، واهبك هذه المرأة الجميلة التي تمتص قذائف غرائزك الشريرة.. فأقول له:. جدي من رجال الله.. فيقهقه قائلا:. نحن رجال الله حقا، الله المنتقم الجبار خالق الجحيم والزلازل، انظر إلى هؤلاء مشيرا إلى معسكر المتشردين إنهم رجال الله، صورة منه في جبروته وانتقامه.. أزمة نجيب مع الإسلاميين، إنه بيتكلم ويفكر مع القارئ، بيدخل جوه دماغه ويتشبح فيها بإيديه ورجليه ويوسع له عضم الجمجمة، وبمجرد ما بيطوي العمل، بيكون شاف الصورة من زاوية عمره ما كان يتخيلها وأتيجي في دماغه.. لتمتلئ الحياة بالجنون المقدس حتى النفس الأخير."
Negative,"إن حبكة هذه الرواية الخيالية بشكل لا يعقل وجدتها مثيرة للسخرية... لقد أردت في البداية أن أتركها وأبدأ برواية أخرى لغيوم ميسو لكني تحاملت على نفسي وأكملتها.. تلك المطارادات التي حصلت بحثا عن الكتاب الأخير، وقصة كارول وميلو وتحولها السريع والغير منطقي، العثور على النسخة في نهاية الأمر، وانكشاف قصة بيلي بالنهاية. كل هذه الأحداث جعلتني أعتقد بأن هذه الرواية تصلح لفيلم هندي : . أما بالنسبة للترجمة فقد كانت جيدة، وهذا هو أساس تقييمي للرواية، أعتقد بأني قد أسأت اختيار هذه الرواية للبدء بقراءة أعمال غيوم ميسو، أتمنى حقا أن لا تكون الأعمال الأخرى مشابهة لها."
Negative,كنت بفعد اعيد كتير في الصفحات عشان افهم بس ماكنتش بفهم حاجة وبتلغبط
Positive,"أي علم هذا الذي لم يستطع حتى الآن أن يضع أصوات من نحب في أقراص ، أو في زجاجة دواء نتناولها سرا عندما نصاب بوعكة عاطفية بدون أن يدري صاحبها كم نحن نحتاجه."
Mixed,مرضي. الفندق جميل بصفه عامةقريب من بوابة النساء. الحركة في مواقف السيارات تستلزم الحذر الشديد.دورات المياه تحتاج بعض الصيانة وجود اعمال انشائية بالقرب من الموقع
Negative,كتاب يدعو الى التلون وعدم الشفافية بالاضافة الى الملل بسبب ذكر حروب واسماء غريبة وغير واضحة
Negative,"لولا بعض المعلومات الفرعونيه كانت الروايه دى ماستحقتش ولا نجمه . مفهمتش ازاى دكتور مصطفى محمود بيكتب عن ما يسمى ب علم الارواح ، يعنى الارواح من امتى كانت علم . التركيز على الجانب الفلسفى اخد جانب كبير من التعبير فى الكلام لذلك الكلام معظمه غير علمى بالمره ، زى اطلاق كلمه عالم روحى على بعض الدجاليين و غيرها من المعلومات المكتوبه اللى مينفعش تتكتب نظرا لان قرأ دكتور مصطفى محمود اعتقد من جميع الفئات العمريه و العقليه. على مستوى الروايه : الانتقال فجأه من احداث الارواح و الدجاليين للفراعنه و معلومات عن الفراعنه و فى الاخر ربطك ده ب ده ب ان كانت الروح هى اللى بتلهمه يكتشف كل ده ، اعتقد ان هنا مفيش حبكه للروايه دا غير ان انتقال الاحداث و ربطها ببعضها غير منطقى بالمره."
Positive,جيد . موظف الاستقبال.
Negative,غير راضي جدا . . الفندق غير متعاون مع العملاء و اسلوبهم مستفز بطرح المنتجات و طلبنا منهم اعواد ثقاب و منعونا و الغرفه رديئة مستهلكمه و غير نظيفه و كذلك الحمام و ادوات الاستهلاك قديمه وطلبنا غرفه مع بلكونه في موقع ولم يوفروا لنا طلباتنا انا جدا جدا مستاء
Positive,جيد. نظافة المكان .. أثاث جديد .. قربه من المول. عدم وجود أشياء بسيطة يجب توفرها مثل سرير أطفال و شباشب حمام و مناشف
Mixed,مختارات القصيبي أفضل بكثير من الشعر الخاص به. ومختارات العرب تتفوق على المختارات المترجمة بمراحل
Negative,"أسوأ أسوأ أسوأ أسوأ أسوأ أسوأ فندق في العالم وغير نظيف وسلوك سيئ أيضا يا إلهي كان هذا الفندق قذرا جدا ذكرني بالعصور القديمة ، حتى في العصور القديمة كان الناس نظيفين وجيدين. كل شيء قد قيل عنه حيث أن الفتاة الفلبينية الصغيرة التي تعمل بالفندق كانت وقحة وبلا معنى تماما كالفندق الذي تعمل به. وكان هناك رجل هندي أصلع يعمل في الاستقبال كان يعطي رقم هاتف النزيل للنزلاء الآخرين ، نحن نثق بهم ونعطيهم بياناتنا وهم يبيعونها للآخرين هاتف غرفتي يرن باستمرار وعندما أقول لهم سأشتكي عليكم يردون بأن موظف الاستقبال هو من أعطاهم الرقم وعندما قلت لموظف الاستقبال الهندي لماذا تعطي أرقامنا السرية ما كان علينا أن نثق بالفندق من البداية بسبب غرفه القذرة من الداخل، كما قلت له سأقابل مديركم غدا عندما يأتي في الثامنة لكنني كنت مسافرا وقلت لنفسي من المؤكد أن مديرهم مثلهم وأنهم جميعا في نفس العصابة. لا أنصح أي شخص بأن يحجز هنا وحتى إن حجز فبمجرد أن يرى موقع الفندق من الخارج والمنطقة الفقيرة حوله سوف يهربون منه أنصح الناس بأن يحجزوا في فندق الحبيب أو أجنحة لاندمارك أو هاميلتون إنها فنادق ممتازة في النظافة والتعامل الجيد والخدمة ساعة ويحاولون مساعدتك في كل وقت أنا حقا أحبهم إنهم أذكياء وليسوا متخلفين ، بارك الله فيهم أصدقائي."
Negative,مخيب للأمل. الصحون لم تكن نظيفه. رائحة المكان كانت سيئة
Positive,شرير جدا الكتاب ده : . ملحوظه هامه: الترجمه اللي إسمها الإنسان الصرصار أكثر من سيئه مش عارفه لو في ترجمه تانيه أحسن. أول مره أقرأ لدوستويفسكي و مش ح تكون الأخيره
Negative,الأسلوب أكثر من رائع ومميز للغاية. لكن الفكرة والحبكة سيئة. الكاتب للأسف يحاول اختزال مجتمع كامل يتكون من مليونا في أسرة صغيرة جدا مكونة من أفراد فقط. وهنا حدث الخلل. فهل يعقل أن يجتمع اللواط والسحاق والسفاح والزنا والفاحشة والإرهاب وكل هذه الأمور في أسرة واحدة؟ . هذا امر غير منطقي. لو أنه تحدث مثلا عن حي. فيه أشخاص. كل واحد منهم يعاني من هذه المشاكل. لكان ذلك مقبولا. أو لو مثلا اختزل المجتمع في عدة عائلات تسكن عمارة واحدة كما فعل الأسواني حينما اختزل المجتمع المصري في عمارة يعقوبيان. بالإضافة إلى ذلك مزج الكاتب بين الروائي المشارك وبين الروائي العليم. فكيف للروائي المشارك أن يعلم بخبايا الأمور التي تدور في صدور غيره من الشخصيات. كما قلت في البداية الأسلوب أكثر من رائع. واللغة مميزة. لكن الكاتب لم يحسن استخدامهما حين ضاعت الرواية وسط أحداث مملة. والله لو كانت هذه الأسرة في لاس فيغاس ما كانت تعاني من كل هذه الأمراض الأخلاقية والاجتماعية والنفسية. فكيف بها وهي في مجتمع شرقي محافظ. قرأت حتى الآن طشاري وهذه وفرانكشتاين. وفرانكشتاين هي أفضل الأسوأ
Positive,استثنائي. . رائحه المجاري مع تشغيل التكييف
Positive,كتاب مميز فعلا مما يحتوي من مقالات تمس واقعنا و حاضرنا .. هوا أكثر من مجرد رؤيه .. ينصح بقراءته :
Negative,ضعيف جدا. . الخدمت ليس موجود كما رايت في البوكنق
Positive,استثنائي. الفندق راااااااائع بما تعنيه الكلمه الطاقم الاثاث احترام الخصوصيه المرافق رحلتي القادمه لن تكون الا فيه. الواي فاي مجاني لكن للاسف ضعيف
Mixed,جميل بالموقع . . طلبت طابق لغير المدخنين و بالاخير اشم رائحه التدخين بالطابق
Negative,"خدمتهم كويسه وتوصيلهم سريع، سعرهم مقبول. اكل نظيف بس اللحم فيه طعم غريب. ماعجبني"
Positive,فكرة الرواية عجبتني جدااااا الاسلوب كان متوسط. ومش صعب الفهم بس الرواية محتاجة تركيز علشان. نقدر نفهمها ده اول عمل اقرائه لاحمد خالد. توفيق وبصراحة عجبني جدااا وانصحكم بيه. الحبكة كانت عالية اوي ودقيقة. تقيمي ليها من . لكن الرواية كا. فيها كام. جزء. كانوا. مملين شوية لكن ده ميمنعش انها تحفة
Negative,"هذا الريفيو هزلى غير محايد ،غير موضوعي،وغير واقعي وإن أي تشابه بينه وبين الواقع لهو أغرب من الخيال ... هذا الريفيو للقراء فقط إن كنت بتتكسف من القراية ..ما تقراش الكتاب دا وقوم اقفل صفحة الجوود ريدز ..قفلته؟ قفلته خلاص ؟ مساء الفل"
Mixed,الرواية لم تعجبنى .... بتفتقدعنصر التشويق ... و وصف الشخصيات غير كافى لتخيلها ... الانتقال من حدث لى حدث يحتاج لتركيز كبير ... تناقش عدة قضايا اهما المرأة فى الاحياء الفقيرة ... والتحرش والاغتصاب وقد كان موفق فى طرح هذة القضية ... وتناقش ايضا الفقر الاحداث والشخصيات ... والبلطجة .. والمخدرات والتجارة بها .. تتكلم عن الفقر وسوء المعيشة كانت سبب فى قيام ثورة يناير .. ولكنه لم يتكلم من جانب سياسى .. ولكنه اكتفى بدمج احداث الرواية بوقائع سياسية .... كان موفق فى الربط بين السنجة السبحة السيجة السرنجة السرجة ..وربط كل كلمة بحادث مؤثر فى حياة عفاف من شخصيات الرواية ... ولكن الوراية لم تعجبنى ...
Positive,من أفضل الكتب اللي قرأتها لنجيب محفوظ
Positive,رائع. طاقم العمل. درج المواقف
Mixed,مرضي. . الاستقبال في طابق رجال الأعمال عندما وصلنا كان سئ من قبل شخص لبناني صغير في العمر جديد علي العمل كما قال ... لم يقم بعمله كما يجب وأخطأ أكثر من مره .. ثم أتت امرأه اجنبيه زميله له واعتذرت لنا وقامت بالعمل لإستكمال الحجز بدلا منه ..بسببه أخذنا أكثر من دقيقه تأخير ..
Mixed,جيده بس كنت أتوقع انه افضل عن ما شاهدته على الطبيعيه حيث كان تقيمه فوق وهذا لا يستحق أكثر من . الموقع جيد وبجانب الفندق مسجد ومناسب للعائلات. لايوجد احد يتكلم العربية غير واحد في بعض الأحيان
Positive,رائعة بكل ما تحمل الكلمة من معانى. مشوقه جدااا أحداثها تخليك تبتسم وتضحك وتزعل و تبكى بس نهايتها باجتماع رغد وليد كانت احلى حاجه فيها. اسم الرواية ذكى جداا و اسلوب الكاتبة و اختيارها للألفاظ أكتر من رائع
Positive,كلمة حق المطعم مميز بكل ما تعنيه الكلمة من معنى لكن عليه ملاحظات : الجلسات محدوده وضيق شوي .. يحتاج مكان وسيع وشرح .. ثانيا كانت اسعاره افضل من كذا طبعا هو ما رفع الاسعار لكن صغرت الصحون بشكل ملحوظ .. وهذا شي ما أوافقه عليه .. وعليه الغلا شوي خصوصا المشويات .
Negative,الدين أفيون الشعوب. إن دخل العلم من الباب فرت الخرافه من الشباك. لكل المريضين ويحتاجون لدواء حقيقي. أنصحهم بقرائه. الإنسان الحائر بين العلم والخرافه. للدكتور عبدالمحسن صالح. والتخلف الأجتماعي. للدكتور مصطفى حجازي. ولكن قبل تلقي العلاج يجب أن يكون. الإنسان له قابليه للشفاءوتصميم. وشجاعه. ملاحظه : المعجزه وهم نحن صنعناهاونستلذ بها. كما المخدر نعرف أضراره ومدى جلبه للهلوسه. ولكننا نستسيغه للفرار والنشوه
Positive,"مشوقة جدا وفكرتها حلوة... أكثر شيئ مرعب فيها هو مزج الرواية بشخصيات حقيقية زي إليزابيث.... لما تعرف إن إليزابيث كانت سفاحة فعلا وأحداثها المذكورة في الرواية حقيقية حتشعر إن الشيئ دة ممكن يكون حقيقي.. لم يعجبني طريقة سرد الرواية، مبحبش طريقة إن كأن في واحد بيحكي الرواية، أفضل لو مكنش في راوي.. أيضا طؤيقة استباق الأحداث في آخر المشهد كانت بالنسبالي بتحرقلي المشهد القادم أكثر من كونها بتشوقني لقراءة المزيد.. اتمنى متكونش مقتبسة من حاجة أجنبية لروعتها. طبعا حجيب الجزء الثاني."
Negative,"من يجب أن يحكم ؟ وكيف يجب أن يحكم ؟. هاتان المتلازمتان يبرطان الكتاب كله من أوله لآخره ، وأعتقد ان الكتاب يغلب عليه تناقض واضح جدا في آرآء كارل بوبر الفيلسوف الانجليزي الشهير ، كتاب خلاصة القرن هو مرور سريع على احداث القرن الماضي ، فلحسن الحظ ان بوبر عاصر أهم فتر من تاريخ العالم وأعتقد أن هذا ما أهله بشكل ما ليخرج لنا يهذه الرؤى . معظم حياة بوبر كرست الماركسية ونفي مفهوم الاشتراكية والديموقراطية السائدين . فيقول كارل بوبر : من المؤسف أن الديموقراطية تعني حكم الشعب لأن كل فرد من أفراد الشعب يدرك جيدا أنه لا يحكم . يؤسس الكتاب لفكر دولة الحق الأدنى ويؤسس لمبدأ اللاعنف وهذا يكون اول نقده للماركسية كما نقده لجون ستيوارت ميل حين قال : إن الغاية الوحيدة التي تسمح للناس بصفتهم افراد وجماعات للحد من حريثة واحد منهم هي الحرية ، فهي غاية وحيدة في ذاتها تسمح بصفة ضشرعية باستخدام القوة .. وينتقد بوبر هذا الرأي ويذهب إلى أن: مبدأ مل أقبله تحت الصيغة التالية : كل واحد حر في ان يكون سعيدا او شقيا كما يحلو له . شريطة الا يعرض هذا شخصا آخر للخطر ، فالدولة مسئولة عن واقع المواطنين الذين ليسوا على علم .. يعاب على بوبر شيء خطير جدا داخل هذا الكتاب المثمر والمغري بالقراءة :. أنه يميل الى نزعات تطرفية جدا توضح مدى انتمائه الى اليمين السياسي ويمكن ان نتصيد من خلال قراءتنا للكتاب اكثر من راي يحاول ان يدعم بها الديموقراطية الغربية بقولها انها احسن الديموقراطيات في العالم ، هجومه على اهل المعارضة الإعلاميين الذين يبينون مساوئ الحكم بقوله ان هذا افتراء وانه غير صحيح ان ينكروا الديموقراطية الغربية لانها احسن الديموقراطيات وهذا يوضح اصولية بوبر الذي لايمكن ان يتخيل وجود شكل اخر من الحكم يمكن ان يوسع الحرية على اكبر نطاق من الشعب بدلا من الديموقراطية الغربية ، كل الاراء الواردة في آخر الدراسة الأولى توضح يمينية بوبر وولائه للبلاط السلطاني. يقول المترجم في هامش آخر ص : من الواضح أن بوبر ينسى مهمة العالم ليصبح ايدولوجي ليبرالي محافظ حتى النخاع بل حتى التدين .. . خلاصة :. من يجب أن يحكم ؟. سئوال تنازع فيه الفلاسفة والحكماء على مر التاريخ ولم يخلصوا الينا بنتيجة قاطعة فعلى سبيل المثال قال :. سقراط : لا أحد يجب ان يحكم . اعرف نفسك . واعترف أنك في غاية الجهل .. افلاطون : الفلاسفة هم من يجب ان يحكمون لأنهم أكثر وعيا وادراكا وعلما .. ماركس : البروليتاريون الجيدون الذين لهم الوعي الطبقي .. هتلر : الأمر لايحتاج لدراسة فالإجابة بسيطةعند هتلر وواضحة أنا . . بعض منظري الديموقراطية الأثينية القديمة : الأمير الشرعي بواسطة العناية الالهية .. . وبعد مرور سريع على التاريخ ، والأراء التي تتضارب معظمها ، أخلص الى رأي لايقدم اي حل واقعي ، بل يضيف الى السئوال الأصلي سئوال أصليا آخر نتناساه ، من أصلا الذي يحق له أن يجيب على هذا السئوال : من يجب أن يجيب بالأساس ؟"
Mixed,شهادتي في رفعت اسماعيل مجروحة. مهما كان مستوى الكتيب فأنا من عشاق الشخصية وأسلوب الكاتب. شعرت ألا جديد في الرواية ولكنها تظل ممتعة على أي حال.
Positive,استثنائي. انصح به لكل زوجين جدد .. جميل ويبيض الوجهقريب من المطار .. نظيف .. جديد .. راااااااقي .. هدووء.
Positive,استثنائي. بصراحه ابداع هذا الفندق كل شي جميل ومرتب قريب من الامارات مول الطاقم محترم بصراحه قضيت فيه افضل الايام وباذن الله كل رحلاتي لدبي راح اسكن فيه.
Negative,ما أجمل البياض قبل أن يتوسخ بحبر الكتابة
Positive,هدوء وراحة . الفندق جدا هادئ الممرات معطرة ونظيفة الغرفة مناسبة وحجمها ممتاز.المطعم جيد متنوع والمرافق ممتازة.. المواقف كانت متوفرة بسبب عدم ازدحام الفندق لكن وقت الزحمة أعتقد لاتكفي والدخول لها لأي شخص لانها مواقف خارجية مضللة وليست بالقبو . تم خصم قيمة الحجز قبل وقت الجحز صباحا مع ان الحضور الظهر وبالعادة الفنادق تقوم بخصم المبلغ في حال عدم الحضور او في حال كان الحجز غير مسترد واحيانا اذا كان الفندق ممتلا ويوجد انتظار لكن الفندق كان شبه خالي وحضوري كان ظهرا والحجز كان ممكن التعديل والإلغاء.
Mixed,برغم من انها قصص قصيرة بسيطة من الواقع قد تخلو احيانا من الحبكة فان اسلوب بهاء طاهر الجميل الشفاف يضفي عليها سحرا من نوع خاص و يجعلها أشبه باضاءات لتفاصيل حياتية صغيرة تحمل معاني انسانية واسعة لكن لا تظهر في كل السطورعلى نفس السوية ...
Negative,"سلبيه هتان جعلتنى اتقزز م تكمله الروايه ،ع اى حال انا لا اؤمن ان. الحب يصنع المعجزات ولكن كنت انتظر م الكاتب ان يبرر لى لماذا تخلى عن محببوته بهذه السهوله"
Positive,جولتي مع نفر من الجن . من رمال الصحراء يبدأ الكاتب رحلته في صراع الحق والباطل والخير والشر مصطحبا معه كل وعينا وأعيننا التي تجول سطور الرواية بكل حصافة وحرص كي لايفوتها حرف واحد .من سطورها الأولى التي استنطقت رمال الصحراء وعزفت اناشيدها ورتلت بلحن شجي اناشيد الرياح وتهادت لها طربا أجساد الإبل وسكنت لها جوارح القارئ لتلك السطور شعرت أن هذه الكلمات لا تأتي إلا ممن عاش دهرا طويلا في رمال الصحراء وخبر دروبها ومفارقها فحدثنا عنها بما رأت فيها عينية وسمعت أذنية فلم أملك إلا أن أقول سبحان الله ذو الفضل العظيم .. من القسم الأول وصفحاته الأولى بدأت اتنقل من مشهد إلى آخر ولبرهة حسبت اني افتقد للإتزان والرابط بين تلك المشاهد إلا أنني تابعت القراءة فكشفت عن الرابط بينها . نعم فالكاتب لم ينس وهو ينقلنا من مشهد الى آخر أن يبقي أعيننا مفتوحة على ما يجري من براهين الخير والشر في النفس وإن اختلف المكان والزمان والمشهد .. في الصحراء رأينا بتلك السطور مكابد الحياة وشرور النفس وطمع الإنسان وفجورة وتذوقنا مع من ذاق مرارة الظلم وكابدنا مع من كابد قسوة الحياة ومرارة العيش .. وبطبيعتنا نعشق ما عجزت أعيننا أن تراة وأيدينا أن تطولة فسحر الكاتب بتلك العفاريت والجن لب عقلي وأشعل فتيلة الفضول في نفسي لمعرفة ما في السطور القادمة فرحت التهم السطور بلذة من يأكل حب رمان بارد في عز الظهيرة .. في الصفحات الآخيرة وجدتني اسبح مع رضى على ظهر شروف في الصحراء فتلى ذلك أن عرج بنا الكاتب الى السماء لنشهد معه سمو الروح وصفاء النفس ولذة التفكر والتخلص مما يثقل كاهل الجسد المتعثر بشهواته وهفواته ونزواته . شهدت مع رضى تلك الآيات الموحدة لله المسبحة بحمده وجلاله ونسيت لبرهة أني في زاوية غرفتي أقرأ في سطور رواية فقد عرجت مع السطور الى السماء قليلا ثم عدت لكي أقلب الصفحة التالية .. أخذتني السطورعائدة من السماء الى الدهماء وشهدت مع من عاش في زمن لا أعرفه توالي السنين التي حملت معها القوة والتمكين والجوع والمرض والقحط والجدب والكوارث والفرج بعد الشده واليسر بعد العسر ...كل ذاك في مشاهد ملحمية أراها بين تلك السطور بعفاريتها وجنها وإنسها . كم تحسرت في نفسي على نفسي وعلى هذا الإنسان كم ينشب فيه من الغرور والكبر وما أسرع ما ينسى ويجحد النعمة وينكر الفضل ويهوي بنفسة في سحيق العذاب بغفلتة وتمادية في طغيانه وظلالة وما مسعود وسيده الأول عايد إلا من بني البشر نسجتهم مخيلة الكاتب في سطورة في زمن ما وهم في كل زمن وكل مكان إلى أن يرث الله الأرض ومن عليها .. في سطور القسم الثالث تساءلت أين جبروت فرعون وكنوز قارون وغرور أولي القوة والبأس الشديد من مسعود وجبروته ومكنوزه وغروره ؟؟ . تابعت القراءة وأنا لا زلت أجهل الزمن الذي أعيشة فوجدتني بتلك السطور أشم رائحة الذهب الأسود ووقفت متأملا تلك الكلمات كان هذا السائل الأسود قد أضيف إلى السواد الأعظم الذي منيت به الدولة .فبالإضافة إلى الحاكم الأسود والكلب الأسود وآسيار هاهو يطل برأسه من جديد ليضيف عرضا جديدا من أعراض الدنيا السوداء في أيدي السلطان . أعدت قرائتها ثلاث مرات وقلبي مقبوض منها فقد رأيت فيها توصيفا لزمننا الأسود .. على امتداد الزمن بتلك السطور لم يزل الإنسان غارقا في الغرور والحسد والجهل والطمع غافلا جاحدا على عينية غشاوة وران على قلبه فأنى له أن يفقه أو يتوب ؟؟. تكتم السطور في الصفحات الأولى من القسم الثالث على انفاسي ويزداد المشهد هولا وملامح وجهي تتغير كلما استرسلت بالقراءة في ذاك الفجور والطغيان والظلال وأتسائل أي مخرج لنا الآن من هذه المحن ؟ فيأتيني الجواب بكلمات شعرت أنها تربت على كتفي مطمئنة إياي بحقيقة أؤمن بها في قول الكاتب إنما يأتي الروض البهيج من قطرات متتابعات متشابكات يسبق بعضها بعضا إلى أن يزرع نفسه في الأرض فيأتي بخير على قدره ثم تضيف إليه قطرة أخرى خيرا آخر ...وهكذا حتى يمتد الخير فيعم .ولو أن كل قطرة فكرت أن تنعزل أو أن تمتنع عن الهطول لظلت الأرض جدباء شوهاء. .. قلبت صفحات أخرى تعج برائحة الموت وأنهار الدماء وبريق الذهب الأصفر صفرة الموت ولم أرتاب الآن أن هذه السطور هي في زمن اليوم وما يجري فيه من استبداد الإنسان وطغيانه وأكل بني البشر بعضهم بعضا .. كنت مسترخيا فعدلت من جلستي بعد قراءتي لتلك السطور أيتها الريح لا تنوحي ..أيتها الأشجار حافظي على أوراقك الخضراء من أن تسقط ..أيتها الجبال دعي الحجارة في مواضعها تقر هانئة ..أيتها السماء لا تبكي كثيرا . أيتها الريح والأشجار والجبال والسماء : لاتحزني أن جيل التغيير قادم وإن طوفان الحق غالب وإن فجر الحرية عما قريب سيولد .. انتظمت في صفوف الثائرين ولحنت معهم نشيد الحرية واجتمعت معهم في سهول حوران ودربني أحد الجن في خيالي واستعدينا لمعركة خالدة يصفها الكاتب انها دائما ما تقوم بين قوى النور والظلام والعدل والظلم والدنيا والآخرة .. احتشد الطرفين جيش النور وجيوش الظلام ثائرين بلباس أبيض وجيوش بلباس أسود وانطلقت العاصفه ونشبت الحرب حتى كأن الأرض برميل من المتفجرات قد أوقدت تحته النار كما يصورها الكاتب .. اشتد لهيب المعركة وتوالت أحداثها وعيناي تتبع تلك الصور ترصد مع الكاتب تلك الأحداث وفي أعماقي صوت يقول أليس الصبح بقريب .. وبعد خمسين يوما من الإبتلاء العظيم فجاء نصر الله العظيم وجاءت الطير الأبابيل وجاء الحق وزهق الباطل إن الباطل كان زهوقا ولكن المعركة الأخيرة لم تأت بعد ..... أنهيت قرائتي بحمد الله متمتما وفوق كل ذي علم عليم . وهيب العماري
Negative,مش ع قدر التوقعات بالمرة : / .......الأسلوب عادى جدا مش واو خالص وكذلك اللغة....مش ع قدر مكانة الكاتب المفروض .....حتى فكرة الرواية مش جديدة ....بس دى ممكن تتعوض بقالب كويس يعوض الحتة دى ......بس حتى ده برضه مش موجودة .... يعنى مألوف لأبعد حد و ف قوالب أحسن بكتير كانت تتحط فيه الفكرة.
Negative,ضعيف. . سعر غالي جدا بالنسبة إلى مستوي الغرفه
Positive,اثرت فيني هذه الروايه بشكل خيالي. افكارها عميقة كتابتها بسيطه. بها الكثير من الحديث الى النفس لايسر بها الانسان لمن حوله
Negative,لا تأتي لهذا الفندق . لم يعجبني شي. طاقم العمل لا يأتي بسرعه
Positive,"أحزنتني . ذكرتني بمزرعة الحيوان ولكنها كانت أكثر إيلاما .. يحدث أن تعطي كل شيء تملكه ، كل حياتك، وأن تحصل على اللاشيء.. مسكينة إبساك . أم بائسة في عالم الحيوان، كم من أمهات مثلها في عالم البشر .. القصة تصلح أن تكون للأطفال أكثر .. ولكنها قصة جميلة ."
Mixed,"بعد انتهائي من قراءة هذا الكتاب الطريف للعملاق الجاحظ لا يسعني سوى ان أعزي نفسي على اهمال اللغة العربية فالكتاب غني بالكلمات الفصيحة إذ أنني في عدة فقرات لم أكن أفهم شيئا مما يقول الكاتب و كأنه ليس باللغة العربية لذلك فالكتاب ليس في متناول الجميع ، لكن عموما كانت تجربة جيدةحيث استمتعت في فقرات كثيرة من الكتاب وهو يحكي عن أحوال البخلاء وطرائفهم و حججهم كما أن الكتاب يصور لك تلك الحقبة الخالية والاوضاع الاجتماعية التي كانت سائدة في تلك الفترة."
Mixed,الرواية بناءها من البداية يجذب القارىء بين فصولها خاصا فى القسم الخاص بالفلبين..المكان غريب على القارىء العربى..نجح السنعوسى فيه بجدارة حقيقى..حتى فى طريقة الكتابة والسرد....اما الجزء التانى او القسم الخاص بالكويت فقد هرب من الكاتب..لاكثر من سبب...شعور البطل فى البحث عن الوالد كان خيط يسحبه الى البحث عن والده والعودة الى الجنة الموعودة الكويت لكن للاسف موته او سبب الموت والذى كان خيط لعودته..لم يحالف التوفيق فيه للتشويق فى القراءة...المعروف ان تصوير المشاكل والذى واجها البطل عند عودته لاهل ابيه متوقعة..كنت ابحث عن شىء بين السطور خاصا فى الكويت...لم اجد...كان فى شعور بالملل فى نهاية ختام الاحداث..كان من الممكن ان يترك الكاتب موضوع موت او البحث عن راشد متروكة للقارىء..كانت هتكون افضل لفرض سياق من التفكير لدى القارىء يخلق معه شعور فى التفكير...الرواية موفقة وتستحق القراءة خاصا فى القسم الاول فى الفلبين
Negative,لو كان ينفع اشيل النجمة دي كمان كنت شلتها روايه سخيفة منحدره المستوى لأقل درجة و لا حتى تصل لروايات عبير للمراهقات.. اسفه على ضياع وقتي فيها.
Mixed,"القرأة الأولى لمحمد الرطيان أنهيته في ساعات معدودة و لكن أخذت منه ما يكفي لساعات عمري القادمة. لا تنقصنا الحكمة بل العقل ، يمكن أن تأخذه كفرد من عائلتك كلما إحتجت إلى النصح"
Negative,بصراحة احترم ذكاء الكاتب جداااا في اسم والرواية وصورة الغلاف لانهم دول اللي خلوني اقرا الكتاب وابني عليه توقعات كتير
Negative,عندما احب ان أقرا كتاب ابحث دوما عن الكتابات الفصحى وقليلا ما اقرأ بالعامية لكن كتابات استاذة دينا مختلفة بتعجبنى فيها سلاسة الاسلوب والأحداث وكمان ماشاء الله عندها مقدرة كبيرة على الابداع المتواصل. و كتاب تحت سقف واحد ان كان يفتقر الواقعية فى بعض احداثه وانى من الشخصيات التى لا تحب النهايات التقليدية. لكن فى المجمل الكتاب جميل واعجبنى وفى انتظار دايما كتاباتك المتميزة. واتمنى اشوف باقى كتابات فى كتب باذن الله وخصوصا ان لحضرتك قصص اقوى من تحت سقف واحد بكتير
Mixed,افتقد الحياء في الحب . لست في مزاج يسمح لي بالاستمتاع فيه ربما لو كنت في حالة مماثلة لعذرتها. ..فان هذه الخواطر ..دون عقدة ونهاية لا تستهوني
Negative,"ما كنت أعلم أنها رواية إباحية وهذا خطأي بالتأكيد، لم أكملها."
Mixed,تجربة جميلة . الهدوء وطاقم العمل متعاون جدا. النظافة الخاصة داخل الغرف ليست جيدة حيث ان الامطار دخلت الى الغرفة وتركت روائح كريهة جدا وايضا اشتركت بخدمة واي فاي داخل الغرفة ولكن ضعيف
Mixed,"لم أستمتع بالجزء الأول، وظنى أن لن أستمتع بالثانى، فالكاتب يجيد القص واللزق من الكتب الأخرى، وليس لديه مايقدمه سواء كوجهة نظر نقدية في السيرة، أو وجهة نظر تحليلية لما وقع من وقائع"
Negative,"أظن أني ارتكبت خطأ حين قرأتها قبل أن أقرأ أحببتك أكثر مما ينبغي حين وجدت من القراء هنا أنها تكرار للأخيرة،لكن على أي حال أعجبتني كتابة أثير لها سلطة على ما تكتبه وعلى ما تريد أن توصله لنا،لكن بعض الأحداث كانت مهترئة بعض الشيء من ناحية إمكانية وقوعها أو حتى ردات الفعل المبالغة المترتبة عليها ويلزمني أن أقول كم أنت ساذجة ضعيفة يا جمان وكم أنت وغد ومعتوه يا عزيز"
Negative,"هي مذكرات الكاتب تركي الدخيل؛ عن حياته السابقة؛ عندما كان سمينا، ويسرد من خلالها المشاكل؛ التي يواجهها السمين؛ خصوصا في عالمنا العربي؛ كما في صعوبة إيجاد الملابس المناسبة، ناهيك عن مشكلة الحصول على مقعد في الطائرة؛ دون أن يتم تحميلك قيمة مقعدين."
Mixed,"حوار مع صديقي الملحد كتاب أكثر من رائع بالفعل. أجاب على كثير من أسئلتي حول القدر والتسيير والتخيير، فتح عقلي ووسع مخيلتي إلى آفاق بعيدة. ألهمني هذا الكتاب فأصبحت أريد أن أحقق هدفا وأبني معنى لحياتي، لكثرة تحدثه عن السبب وراء خلقنا وبعثنا، وأن الله لا يخلق أي شئ عبثا وأن هناك حكمة من وراء كل شئ. مصطفى محمود رجل رائع يستحق الاحترام والتقدير، كلي شوق لقراءة إبداع آخر من إبداعاته وأنا أنصحكم جميعا بقراءة هذا الكتاب."
Positive,موقع و سعر ولا أروع من كذا . الموقعالموقعالموقع. الأدوار العلوية أخبرونني بأنها للصيانة طبعا الكلام ذا غير صحيح هما يغلقونها في الايام غير الموسميه ياليتهم في هذه يصدقون من النزلاء.السعر كان يشمل بوفيه فطور وعشاء طبعا للأسف كان الفطور كارثي ولا أنصح به أزدحام وضعف خدمة وسوء للبوفيةوبالرغم من ذالك السعر مقابل نظافة الفندق وموقع يغطى هذا العيب
Mixed,أول كتاب أقرآه لعز الدين شكرى. عجبنى أسلوبه جدا فى السرد و الحديث عن أدق التفاصيل الجذابة اللى تخليك تستمر فى القرآه عشان تعرف النهاية و لكن على عكس المتوقع تأتى النهاية صادمه بس فى مجمل الرواية هى شيقة و ممتعة. و من اجمل الشخصبات اللتى أعجبتنى درويش لقمان و ماريك داوود
Mixed,مرضي. الموقع. الزحمه للمصعد
Negative,"جيد لكن لا تتوقع بمجرد أن تفرغ من قراءته ستشعر بالطاقة والثقة بالنفس ، ربما يرجع فتقاد الكتاب الحلول والتمارين وإن وجدت فهى لم تف بالغرض"
Negative,مالمعنى من الرواية ؟. لا شيء
Negative,"قبل أن أقرأ هذه الرواية، أو الجزء الذي قرأته منها، كنت أعتقد أن كل هذا الإعجاب المهول الذي حازته والذي قادها للكثير من الجوائز حتى من بعض الهيئات الإسلامية التي لا تقدر الكتب الأدبية عادة، كنت أعتقد أن هذا التقدير سببه الأوحد أن هذا الكتاب يطعن في صلب العقيدة المسيحية طعنا سديدا شديدا بأسلوب أدبي لذيذ مضافا عليه بعض المشاهد الجنسية المستعارة من مقاطع البورنو باحتراف وخفة يوجبان رفع القبعة للكاتب.. ولكن بعد أن قرأت الرواية زال كل شك في هذا الأمر وتأكد لي يقينا أن التهليل لهذه الرواية لا يزيد عن كونه تصفيق الجمهور المتعطش لدماء الأقلية الدينية المسيحية والذي وجد ضالته في هذه القطعة الأدبية/الإباحية.. وأحب أن يسأل كل معجب بالرواية نفسه: هل لو كان بطل القصة مسلما وتدور الرواية حول الفظائع التي ارتكبها المسلمون في العلماء والفلاسفة المختلفين عن المعتقد السائد، هل كانت الرواية ستلاقى بكل هذا الترحاب؟ أم الاستهجان والمنع والملاحقة؟ كفاكم نفاقا يا مدعي الثقافة . بالطبع أنا ضد طريقة الدين المتطرفة في إبادة كل فكر مختلف عنه، ولكني أيضا ضد نفاقكم وجهلكم"
Negative,كتاب مقالات .. وأنا أكره كتب المقالات. الكتاب يجمع مقالات الكاتب في فترة الثورة المصرية يناير جميلة لكن أنا لا تعجبني كتب المقالات وعندي تحفظات عليها
Mixed,"كتاب جدا رائع كالعادة وصف شبه دقيق لما يحصل في هذا الزمن من انقلابات والخ.، و وصف حل الثورة حل ساذج لكي يحدث التغير لابد من الشخص ان يتغير بنفسه اولا."
Negative,"حزين . ماعجبني شي . الغرفه والحمام كل شي فيها خربان ومتشقق، و طاقم العمل سيئين الاسلوب"
Mixed,لابأس . إطلالة الغرفة.
Negative,"انا كملتها لآخرها عشان عندي أمل فيها، بس إجمالا الرواية ركيكة ، وصبغتها الإسلامية مبتذلة جدا."
Positive,جيد جدا ومريح نوعا ما . يطل على الكعبه المشرفه الهدوء النظافه. المصعد نمر بعده مصاعد قبل الوصول الى الحرم تضيع لا يوجد ارشادات ماعدا النزلاء انفسهم
Mixed,"تساؤل.... . إذا كانت كل الأشياء تنكمش في الشتاء.... من شده البرد، لماذا يشذ الحنين عن هذه القاعدة...؟ ويزداد اتساعا مع كل ليله بارده...."
Positive,كتاب رائع جدا..انصح به
Positive,أجندة حلو فعلا.. لأني شخصيا باحب كلمات زاب أوي.. والمواضيع جميلة ومختلفة.. بس أكتر حاجة مش عاجباني انه خلص بسرعة أوي.. : من كتر ما عجبني كنت مش عايزاه يخلص.. واخراج الكتاب من جوة ناقصه شوية فن.. مش حاساه مترتب صح يعني لو كان في نقوش او رسومات او تخطيط يملأ شكل الصفحات الفاضية.. كان هيبقى رائع أوي.. بس هو في كلا الأحوال ياخد : . من
Mixed,جيدة . . حجزت ودفعت المقابل المالي لاحد الاشخاص وعند وصوله لاستلام الغرفه اعلموه بانه مافي اي حجز بهذا الاسم وذهب لموظف اخر ليعتذر بان السيستم عطلان خدمه سيئة في الحجز ماعدا ذلك كان جيد
Negative,"شعرت أني خرجت من هذا الكتاب بفكرة واحدة فقط و هي أنه سيكون أول و آخر كتاب أقرأه لهذا الكاتب.. كتاب جعل الدم يغلي في عروقي لكثرة الأخطاء الإم ئية الفادحة سيما في الهمزات.. مع أنني عادة أعزي ذلك لأخطاء مطبعية أو سهوات، لكن هذا الكم من الأخطاء ينفع معه أي تبرير..... هذا عدا أفكار الكتاب التي حاول الكاتب شرحها بطريقة هجومية متناقضة مع الفكرة المراد شرحها .."
Positive,النبضات الكهربية هى ما يتحكم فى العقل البشرى. الأفكار والعواطف والمخاوف هى أختلافات فى تركيز الصوديوم والبوتاسيوم. عبر غشاء يصنع فارقا فى الجهد الكهربى مصدرا الاشارة العصبية. تجربة قارئ الأفكار للدكتور بودون خبير فسيولوجيا الأعصاب. من أجل التحكم والسيطرة على مشاعر وأفكار البشر لكن بلا مبادئ فينقلب العلم عليه فى النهاية. ليتحقق لانتقام الالهى بنفس السلاح.. لكن معركة الخير والشر لن تنتهى
Positive,من اروع ما قرأت قصيدة في عينيك عنواني
Positive,أ يعقل ان يكون نفسه ذاك صاحب في ظلال القرآن و معالم الطريق . اهو نفسه ذاك الرجل القوي ...و اللهجةالمتحدية الذي كتب لماذا اعدموني ؟. نعم يعقل جداآآآآ..... . ..داخله روح .... اهداء مميز.... استرسلت في القراءة دون ان أشعر و من عادتي ألا اطول في قراءة الروايات و احب ألا أقطعها.... استغرقت ساعتين ..و باندماج تام.... غلب عليها وصف الصورة و التعابير ...اكثر مما يقوله الطرفان. و في كل سطر كنت ارى كاتبا لا يحدثنا إلا عن نفسه.... و استيقنت حين تاكدت انها قصة خطيبته. لم يكن طغيان الوصف عليها إلاآ.... شعورا مكبوتا كان الكاتب يريد ان يدقق شرحه لقارئيه... علهم يعذروه.... و رغم ذا لم اعذره بتاتا.... اولا في نوع حبه لها...الساذج السيطري..... ثانيا على تجازوات سامي الاخلاقية مع : سميرة مهما كانوا منفتحين و بتحفظي على هذه الكلمة..كان يجب أن يساير ما تربي عليه ...لا ما أصبح يفرض عليه..... اما عن محتواها..... و الذي تمحور حول. مصارحة سميرة لسامي ...بشأن حبها القديم ..... و كل الأخظاء التي ارتكبتها.... و كيف عاش هو في صدام بين حبه لها و تلك الحماقات التي ورثت فيه شكوكا. لا بستطيع الزمن ان يمحوها من ذاكرته.... رأيت سميرة ..امرأة كبلتها البيئة المتحررة التي تعيشها.... تعشق السبطرة في حبها ..و مستغلة لمشاعر خطيبها تجاهها. رأبت سامي لارجلا في شهامته. كان لا بد الفصل من اول الامر في حكابته.... حتى لو عانى. الويلات بعده.... ...استفدت منها ادبيا ..بروعة عبارتها ..سلاسة الاسلوب. و الوصف الابداعي للشخصيات بما في ذلك مشاعره. ....
Positive,كان يوم جميل جدا . شكرا لكم خدمات ممتاز. الموقع
Positive,المجلد الثانى قمة فى الامتاع..الشخصيات تكاد تكون حية امامى..شخصيات من الحياة..فى سلاسة و تسلسل بلا رمزية أو تعقيد..شخصيات من قلب الحياة... من شقاء الفلاحين إلى خداع الاقطاعيين..إلى فقدان الهدف و المعنى للحياة... نماذج لرجال ونساء أعرفهم ويعرفوننى... الرجل المعلب أكثر ما أعجبنى فيها... قصة الكلبة كاشتانكا عبقرية بشكل خاص
Negative,جدا سيئ في النظافة اهمال
Negative,"لست هلاليا بل إتحاديا ،،،. الكتاب عبارة عن الهلال والحب في آن واحد"
Negative,"مش قادرة أكمله بصراحة : ملل غير طبيعى. أنا ابتديته يوم و من يومها و بحاول أجى على نفسى عشان أكمله بس مش قادرة ، جلال عامر مقولاته جميلة جدا جدا لكن مقالات و ورا بعض كمان لأ صعب. غير انها وقت حكم مبارك ، هى صحيح فكرتنى بحجم المأساة اللى كنا فيها و ان أكيد انهاردة أحسن و فى مقال عجبنى جدا كان بيوصف حيحصل ايه لو الأخوان وصلوا الحكم و اللى قاله هو اللى بيحصل حاليا فعلا : . كفاية صفحة من هذا الكتاب و شكرا :"
Mixed,مقالات اقل من المتوسطة تقريبا رغم جودة بعضها .. حلمي لازم يعيد النظر في موضوع الكتابة ده تاني . وبالنسبة لل نجوم ف هم عشان الكتاب خيري بس :
Negative,لا انصح فيه . المكان فقط. ريحه الشقه غير مقبوله نهائيا الحمام الرشاش لا يعمل التلفزيون لا يعمل طلبت شارج للهاتف ولم يتم تلبيه الطلب مع اني كنت في أمس الحاجه
Mixed,حسيت اني بتفرج علي فيلم عربي او مسلسل رمضاني. الروايه كقصه مش جديده وكنت كتير وانا بقرا بتوقع الاحداث. غير كم الوجع اللي اعتصر قلبي طبعا. نجوم لاني بحب كتابات نور عبد المجيد. والروايه اعتبرها عمل مسلي لكن لم يضيف لي جديد. اتمني صولو تكون احسن وانها تستحق الخمس نجوم
Mixed,من روأع النثر لفاروق جويدة لكن تأثر عليه الافكار القومية .
Negative,هل يقاسي الذي ينتظر دائما أكثر من الذي لم يجرب الإنتظار ؟
Positive,كتاب جمييل جدا استمتعت بقرائته وعشت معه عوالم رائعة متشوقة لقراءة الجزء الثالث
Mixed,مرضي. السعر مناسب بالنسبة للمكان ومساحة الشقه. الطاقم تعامله نوعا ما غير جيد
Positive,رباه أشياءه الصغرى تعذبني فكيف أنجو من الأشياء رباه. هنا جريدته في الركن مهملة هنا كتاب معا كنا قرأناه. مالي أحدق في المرآة أسألها بأي ثوب من الأثواب ألقاه . أأدعي أنني أصبحت أكرهه وكيف أكره من في الجفن سكناه. وكيف أهرب منه إنه قدري هل يملك النهر تغييرا لمجراه ... أحبه .. لست أدري ما أحب به حتى خطاياه ما عادت خطاياه
Negative,بعد اول مرة تعبت منه بشدة وبعد ذلك عرفت انه تم اغلاق المحل من قبل بلدية الخبر بسبب النظافة والله اعلم ولكنه بوجه عام من وجهة نظرى سئ جدا جدا جدا ولن اكرر الزيارة له ابدا
Positive,كتاب رائع يروى مقتطفات من حياة النبى عليه أفضل الصلاة والسلام نستنبط منها طرقا للعيش فى سعادة ...ولسوف يجد القارىء متعة وسعادة بالغة عند قراءة الكتاب واستكماله إلى نهايته.
Negative,مخيب للأمل. عادي.
Positive,"رواية رائعة. أرهقتني كثيرا لمقدار الحزن الكبير فيها ، أشعر حقا أنني قد عانيت معاناتهم ، كثيرا ما بكيت وبت الآن أحمل بقلبي هما ، ما حدث بالرواية واقعي جدا لذلك سأحاول جاهدة أن أحمي نفسي وكل من أحبه من أن يغزو ذاك الفكر المتطرف عقول أي منا ، أحببت ليلى وحزنت على عمر لدرجة كبيرة ، كان بالنسبة لي بطلا حقا ، مثقف وصادق وقلبه طيب والأهم من ذلك ضحى من أجل حبه ، أظن أن هذه الحياة بهذا الشكل ، فهي تعاقب الشخص الغشيم تعاقبه كثيرا لأنه لم يتوخى حذره جيدا ، راق لي ذاك الحب الذي ولد من رحم داعش ، برأيي إن لم نعاني يوما بسبب الحب فنحن لم نحب أصلا رغم المعاناة إلا أن الأمل واللهفة لم تغيبا أبدا ، فهذا هو الحب ، الرواية واقعية لأبعد الحدود ، هي صورة لمجتمعنا الذي يقوده الجهل والظلم إلى جهل وظلم أكبر كداعش ، أتمنى حقا أن نمتلئ بالوعي حتى لا نصبح عرضة لتلك الثغرات في مجتمعاتنا ، الرواية لم أستطع أن أتركها ، فانهيتها في جلسة واحدة ، لغة الرواية سهلة سلسة والأحداث متسلسلة مترابطة ، وليس هناك ذلك الذكاء في اللغة الذي يشدك لقراءة الكتاب والاستمتاع به ، ولكن الأحداث شدتني لدرجة كبيرة ، والكاتبة ما زالت في البداية وأنا أتطلع لقراءة جديدها بإذن الله ، والنهاية مع أنها كانت حزينة ومؤلمة ولكنها برأيي عادلة وواقعية فأنا لا أحب النهايات الكاذبة ،"
Negative,ضعيف جدا. لا شئ. كل شيئ
Positive,"جيد. التعامل الراقي، والحرص على واحة الزائر، تنظيف الغرف باستمرار.. الأكل كان متنوع ولكن بارد ولا يوجد تغيير في الأصنام خلال السبعة أيام، الأصنصيرات غير منظمة وصعبة الوصول."
Negative,ضعيف جدا. لاشئ. خدمة الغرف لاتتوفرعلى مدار ساعة خدمات الفندق محدودة من ناحية الشبكة الاتصال وبطاقات الشحن البوفيه الافطار مكرر ونفسه لمدة ليالي قدمت شكوى بخصوص نزلاء قامو بالتحرش فيني وقمت بالشكوى ولم ارى اي ردة فعل او متابعه من الاداره.. لن اكرر السكن في هذا الفندق مرة اخرى
Mixed,"مقبول. الغرفه مستوى جميل وراقي. ازعاج جدا، سكنا في غرفه لغير المدخنين ولكن الرائحه رائحة دخان"
Positive,جيد جدا. الموقع والاطلالة. السعر مبالغ فيه خاصة بعد الضرائب
Negative,"سيء للغاية لا عجب في أن صناعة السياحة الأسترالية في مأزق بعد محاولة حجز غرفة في فندق شيراتون سيدني أون ذي بارك يوم اغسطس . اتصلت بهم تليفونيا وقاموا بالرد ثم وضعوني على الفور قيد الانتظار مع رسالة مزعجة ومرتفعة تعلن عن شيء ما ليس له علاقة بالأمر. تحتاج إلى إبعاد الهاتف عن أذنك كما لو أن هناك أصوات انفجارات. ثم تستمع إلى عدد من الأصوات المختلفة كما لو أن هناك شخص يحاول التقاط المكالمة ولكن اختار ألا يفعل ذلك وتظل قيد الانتظار لمدة دقائق. وفي نهاية المطاف، يلتقط شخص ما المكالمة ويسألك عما تريد فأجبته الحجوزات من فضلك . وبعد الانتظار لحوالي دقائق أخرى والاستماع إلى المزيد من نغمات الاتصال الغريبة، يتم تحويلك في النهاية إلى مشغل الحجز المركزي والذي يبدو كما لوكان في مركز للاتصال في سنغافورة. تتحدث إلى آنسة في سنغافورة تفتقر إلى مهارات الاستماع الأساسية ولا تفهم لغتنا الإنجليزية الغربية جيدا وتتحدثها بشكل ضعيف، كما أن التأخير في التحدث والاستماع يعني أن يقاطع كل منكم الآخر باستمرار. الخط غير واضح. يبدو أن الأمر يستغرق أبد الدهر حتى يفهم المشغل طلبي. لقد قررت أن فندق شيراتون أو ذي بارك لا يستحق الإقامة فيه خلال عملي وقمت بإنهاء المكالمة. إذا كانوا لا يستطيعون إجراء الحجوزات البسيطة بشكل صحيح، فإن بقية الخدمة ستكون مثيرة للإحباط ورديئة. لن يكون هناك أي تعامل مرة أخرى أبدا مع فندق شيراتون أون ذي بارك. روس بي كينيدي"
Positive,فندق جميل . الموقع ممتاز وغرف واسعه واثاث راقي وتقنية تكنولوجيا جيده وخدمه العملاء جيدة. الاسعار مرتفعه و الادوات الصحية في الحمام تحتاج الى اهتمام
Negative,الكتاب تصميم غلافه حلو وألوانه واسمه وبدأ بداية كويسه ودمها خفيف لما اتكلم عن رأي الناس في العشوائيات عن كتاب الرجال من المريخ والنساء من الزهرة وعلشان كده قيمته بنجمه باقي الكتاب بقى ممل وفيه أفكار أي حد عارفها ده غير الأسلوب الركيك اللي اتكتب بيه حقيقي حسيت بغثيان من الكتاب ده وأسلوبه مش فاهمه ازاي فيه واحد رافض ان المرأه تتعلم وشايفها مشكلة في العصر اللي احنا عايشينه. فيه كمان تناقضات كبيرة في الكتاب ده وفيه وصف لتفكير عدد كبير من الذكور المحسوبين علينا رجالة
Mixed,حسن. الموقع اللوبي. الازعاج ليلا المسبح صغير جدا
Mixed,كتاب لذيذ لم يهدف الكاتب منه كما قال فى البداية سوى السخرية من بعض المواقف كتاب خفيف لكنه لا يخلو من روعة اسلوب د/احمد خالد توفيق
Negative,ضعيف. النظافه والترتيبحسن الاستقبال التعاون يبعد عن الحرم تقريبا دقائق سيرا على الاقدام. السحور جدا غالي الفرد الواحد فقط ب لايوجد مطاعم قريبه من الفندق
Negative,لن اذهب الى هذا فندق مرة اخرى . . موقع فندق لا يناسب مع مكان لانه موقف حافلات امام فندق مم يشكل زحمه سيرا
Mixed,من الكتب الرائعه التاريخه التي تصلك لعالم اخر لم اكن اعلمه من قبل :
Positive,المسرحية رائعة واستمتعت بالموسيقى الى فيها. جذبنى فى بداية المسرحية فكرة ان الكلمة ممكن تقتل و عملتلى فلاش كده علا حلاج اخر فى عصرنا الحديث الى كان مؤمن بالحب والكلمه هو الاخر. فى البدء كانت كلمة الرب الاله . خلقت حياه والخلق منها اتعلموا. فإتكلموا. الكلمة ايد الكلمة رجل الكلمة باب. الكلمة لمبة كهربية فى الضباب. الكلمة كوبرى صلب فوق بحر العباب. الجن ياأحباب مايقدر يهدمه. فاتكلموا . بعد كده الصراع الى حاصل ما بين السلطه والشعب. على حقوق الشعب ..والى بيتحاول من صراع فقر وغنى الى صراع ايمان وكفر. مش فاهم باى حق حد يفتش فى ايمانك ....ولما يتاكد انك مؤمن يسألك عن طريقة الايمان. ويلغوش على حقوقكك. الواقع الان. المشكلة الانسانية لاخرى على طريقة تعامل الانسان مع الاله الى بيعبده .....فى ناس ما بتعرفش تتعامل الا بالحب ايه المشكلة لدرجة ديه الحب شيىء مرعب لبعض الناس. من اجمل كلمات الحلاج فى المسرحية. خالوا الدنيا الفاسدة المتهرئة. ودعوا أحلامكم تنسج دنيا أخرى. . ليس العدل تراثا يتلقاه الأحياء عن الموتى ..أو شارة حكم تلحق باسم السلطان اذا ولى الامر..كعمامتها او سيفه. مات الملك العادل..عاش الملك العادل. العدل مواقف. العدل سؤال أبدى يطرح كل هنيهة ... إذا ألهمت الرد. تشكل فى كلمات أخرى وتولد عنه سؤال أخر ..يبغى الرد. العدل حوار لا يتوقف بين السلطان وسلطانه. . عاينت الفقر يعربد فى الطرقات. ويهدم روح الانسان. . الفقر هو القهر. الفقر هو استخدام الفقر لقهر الروح. الفقر هو استخدام الفقر لقتل الحب وزرع البغضاء. الفقر يقول لأهل الثروة. اكره جميع الفقراء. فهم يتمنون زوال النعمة عنك. ويقول لأهل الفقر. إن جعت فكل لحم أخيك. الله يقول لنا :. كونوا أحبابا محبوبين. الفقر يقول لنا :. كونوا بغضاء بغاضين. اكره ..اكره ..اكره
Mixed,حكي ممتع .. تقاطعت أفكاره مع كثير من أفكاري.. استوقفتني الفوضى في أرجائه.. لم أنتهي من خلاله إلى فكرة محددة.. ربما لتعدد عنوانيه وأقسامه.. وربما كذلك لتباعد فترات الكتابة وتعددها.. بداية مبشرة وكفى.
Positive,الحقيقة الكلام الحلو على الرواية دى يبقى حاجة قليلة اوى بصراحة انا شايفة انها كان لازم تترشح للبوكر وتاخد الجايزة كمان أو تترشح لآى مسابقة ابداع عربية وتستحق المركز الاول بكل جدارة انا معرفش شريف ثابت وأول مرة اسمع اسمه واسمع عن الرواية دى اصلا بس حبيت اجازف واتعرف على ادباء جداد والحقيقة وانا بشتريها كنت بدعى ربنا تطلع حلوة هى مطلعتش حلوة لا هى طلعت رائعة ورهيبة بجد وقد إيه للأسف لو كان فى فرصة كان ممكن تبقى حقيقة بشعة واقعية فى حياتنا والحمد لله إن الفرصة مش موجودة أنا بشكر الكاتب جدااا من كلقلبى الحقيقة أنا معرفتش اسيب الرواية وخلصتها على يومين من كتر جمالها وبحى فيه روح الابداع اللى عنده واتمنى له روايات ناجحة تانى زى دى كدة إن شاء الله :
Positive,رائع . الضيافه والنظافه ونوع الماكولات لانني اميل للاكل الهندي. كان في سوء فهم بالدخول ولكن سرعان ما تم تداركها والاعتذار
Positive,"مع الكتب أتقنت القراءة البصرية ،، إلا أنني في الشعر أتمهل وأقرأ بلساني وقلبي وروحي . . أنا لم أكن أدري. بأن بداية الدنيا لديك ... وأن آخرها إليك ... وأن لقيانا قدر. . عصفورة. عصفورة سقطت. على أغصان قلبي .. وارتمت. وجناحها المكسور في عيني بقايا. لملمت أشلاء الجناح فغردت. أسكنتها قلبي ... ونامت في الحنايا. علمتها دفء الحياة .. فرفرفت. أيامها فرحا ... وطارت في سمايا. شربت من العمر الجميل ... وسافرت بين الضلوع. بريق صبح في دمايا. كانت تطير على جبيني نسمة. عذراء تشدو ... كل أحلام الصبايا. وصحوت يوما ... لم أجد في العش شيئا. غير أصداء الحكايا. ونظرت في الأفق البعيد ... فلم أجد. غير الغصون تعيد في حزن ندايا. في أي عش. تعبثين الآن يا قلبي. وتلقين الشظايا. لملمت ريشك. كي يطير جناحك المكسور ... ثم تركت لي. قيدا ... يعربد في خطايا. . :// . . / / ...."
Positive,ممتعة . موقع الفندق وخدماته. ملحف السرير كان مثقوب الا انه كان جيدا
Mixed,"مآساه الحلاج صلاح عبد الصبور. الحقيقة اني قبل ما أقرأ العمل ده مكنتش اعرف اي حاجة عن الحلاج غير كومنت عابر من صديق عن صلب الحلاج وده جهل مني اكيد. وشوفت الكتيب الصغير ده بيباع علي الرصيف ادام محكمة النقض في القاهرة فاشتريته علي طول وركنته كالعادة لحد ما يجي وقته. المهم قريت عن الحلاج بشئ من الحيادية ولا ادعيها فمفهمتش حاجة برضه. كالعادة خلاف بين ما يطلق عليهم الأصوليين و التنويريين والأوائل مسحوا بيه الأرض والتانيين طلعوا بيه السما الساتة. مبدأيا التصدير اللي اورده صلاح عبد الصبورفي كتابه ده قال. وماسينيون ينسب الحلاج إلي الحنابلة . ويجعل الشيعة ومنهم كان الوزراء وكبار الحكام عدا الخليفة هم الساعون في دمه . وذلك بعد تحقيق تاريخي مسهب . وأورد عبد الصبور ايضا. يحدثنا ابوالعلاء المعري في الغفران من ان هناك قوما في بغداد ينتظرون خروج الحلاج . ويقفون بحيث صلب عن دجلة يتوقعون عودته . وقد مات المعري بعد صلب الحلاج بمائة وأربعين عاما. وهو ما يؤيد وجهه نظر اللي مسحوا بيه الأرض. فمما اخذ عليه. لما ذهب به إلى القتل قال لأصحابه : لا يهولنكم هذا ، فإني عائد إليكم بعد ثلاثين يوما . فقتل ولم يعد . كان يقول بالحلول والاتحاد . أي : أن الله تعالى قد حل فيه ، وصار هو والله شيئا واحدا . تعالى الله عن ذلك علوا كبيرا.. وهذا هو الذي جعل له القبول عن المستشرقين النصارى لأنه وافقهم على الحلول ، إذ إنهم يعتقدون في عيسى عليه السلام أن الله تعالى قد حل فيه . أما عن المؤيدين فقد ارتفعوا به والناس ما اختلفوا في رجل غير ذي بال، وإنما كان الاختلاف على من أثاروا فيهم دوافع الفكر، وبواعث إعمال العقل بما قالوه، وبما أتوه من فعال، فالناس في أوهامهم سادرون كالسكارى، فإذا نابهم شيء من اليقظة ضجوا وهاجوا، وثارت فيهم دوافع العدوان. يروم الناس استقرارا على ثوابتهم هو أقرب إلى الموات، ويخشون كل ما يخالف ما ألفته أذهانهم؛ وكأنه معول صلب يوشك أن يهدم متهافت معارفهم، وسقيم علومهم، فكان ديدنهم أن يصموا كل صاحب فكر مخالف بالكفر، إراحة لعقولهم في مواتها المقيم. . وأيضا كان الحلاج ممن يرى التصوف جهادا متواصلا للنفس، بالابتعاد بها عن متع الدنيا وتهذيبها بالجوع والسهر، وتحمل عذابات مجاهدة أهل الجور، وبث روح الثورة ضد الظلم والطغيان، ويؤكد ذلك ما تناقل عبر روايات عديدة من اتصاله بالزنج والقرامطة، وهما من الحركات الثورية المعروفة في عصره. . عموما بقدر منا شايف ان الإختلاف حاجة صحية إلا إني بكره جدا لما اشوف حالة زي دي يمكن تناولها بشئ من الرفق بعيد عن الإفراط والتفريط فيجي فريق يمسح بيه الأرض عشان يوافق فكره وهواه ...ويجي فريق تاني يمجده عشان يبقي متصالح مع فكره ...فلم يكن الحلاج في رأيي والله أعلم بالعلم والحكمة التي جعلها له مريدينه ...ولم يكن بالكفر ولا الإنحراف الذي وصمه به كارهيينه ...والله أعلم .. ويكفيني انا. سمعت الحلاج يقول: النقطة أصل كل خط، والخط كله نقط مجتمعة. فلا غنى للخط عن النقطة، ولا للنقطة عن الخط. وكل خط مستقيم أو منحرف هو متحرك عن النقطة بعينها، وكل ما يقع عليه بصر أحد فهو نقطة بين نقطتين. وهذا دليل على تجلي الحق من كل ما يشاهد وترائيه عن كل ما يعاين. ومن هذا قلت: ما رأيت شيئا إلا رأيت الله فيه. . و لا يخفى ما بهذه الجملة من فلسفات وحدة الوجود التي ترى توحد الخالق بمخلوقاته . ومع ذلك نجد ان في فكره شيئا من الحلول والاتحاد ولكن من تعمق في فكره وتراثه يجد مقولات كثيره تبرئه من فكر الحلول والاتحاد ، ولذلك نجد الإمام البحر شيخ الإسلام عبدالقادر الجيلاني الذي لم يختلف اهل العلم فيه قال الإمام عبدالقادر الجيلاني في الحلاج : عثر الحلاج ولم يكن في زمانه من يأخذ بيده .. ولو أدركته لأخذت بيده. وقال عنه الإمام أبو الحسن الشاذلي : اكره من العلماء تكفير الحلاج ، ومن فهم مقاصده فهم مقصدي . . وفي تصدير صلاح عبد الصبور رأي ابن سريج الفقية الشافعي العظيم ...رأي ابن سريج في كراهيته محاكمة الانسان في تفاصيل عقيدته . وأنا مستريح للرأي ده. . مأساة الحلاج اول حاجة ليا مع صلاح عبد الصبور ...من حيث انها مسرحية فمجملا كويسة. ومن حيث انها مسرحية شعرية فالألفاظ مجملا حلوة ...سهلة وتخلص بسهولة في ايدك...وانا مش بتاع كده خالص ...اني امسك الكتاب مسيبوش إلا لما اخلصة ...وده حصل هنا علي غير العادة...فده إن دل دل علي إنها جيدة جدا ومثلما قال عبد الصبور هذه هي المحاولة الأولي .ولا شك أن المسرح الشعري سيطور عروضه . في العشق الإلهي لو صح المسمي : فأنا شايف ودي وجهه نظر شخصية ان ربنا مش واحد صاحبنا نتكلم عنه زي ما احنا عايزين. الواحد لو له واحد بيحترمه كاتب او شاعر او ممثل او عالم او شيخ ...إلخ بيتكلم عنه بينه وبين نفسه وبينه وبين اصحابه وممكن كمان يقول اسمه بلقب ...ويضايق لو حد اكلم عنه بإستهتار وسخرية. ولله المثل الأعلي ...وده ربنا .... و في بعض الحاجات كده معجبتنيش ومستظرفتهاش خالص ...وحسيت فيها بأفورة نبيلة عبيد في النص التاني من فيلم من فيلم رابعة العدوية . باقي كمان القصة معقولة والفايدة موجودة..وفي المجمل جيدة جدا ، ومشكور كعمل انه خلاني ادور....وأستمتعت أحيانا كثيرة وأنا بقراه. . . :// . / / . . :// . / / / /مأساة ا.... . :// . . / /الحسين ب..."
Mixed,من . مساحه الغرفه ممتازه. الحمام لايوجد في هوووز للغسيل ونحن مسلمين وعرب
Negative,هى الرواية جميلة بس غريبة فى اوقات مختلف كانت حاسس انا انا بقرا مسلسل او فيلم وحاسس ان انا عارف باقى الحلقات بس فى كلمات جميلة ومعبرة اوووووى فى لحظات الحب بين سالم ولبنى وفى نفسى الوقت علاقة غمضة اجمل جملة مش عااااااااااااااااااااارف انسى ابدا الكاتب عجبتنى ان الانسان دايماا بيصنع المستقبل ضد مااااااااااااااضى بجد جملة موثر جدا انا وقفت عندها كتير وانا بحب بهاء طااهر
Negative,بغض النظر عن الالفاظ فالروايه تعبر عن واقع في ة بدرجة كبيرة
Positive,رائع. غرف الفندق ممتازةالخيارات في المطعم ممتازةالعاملين في المطعم متفانين جدا. صوت ابواب الغرف المجاورة كان يسبب ازعاج شديد جدا اثناالاغلاق
Positive,ياااااااااااه ايه الكتاب الجميل ده. ايه كمية البراءة دي. حسيت ان الكاتب طفل بيعبر بمنتهي الطيبة وبمشاعر فطرية. مستغربة انه شارك القراء في عمل زي ده. كأنه بيشارك معانا جزء من روحه. كان نفسي أشوف النسخة الملونة حتي لو مش بتاعتي. وأمسكها في إيدي عشان أقرب أكتر منها لكن للأسف النسخة المتاحة كانت أبيض وأسود بي دي إف. الكتاب ده فكرني بنفسي. وفي الحاجات الكتير اللي محتفظة بيها من زماااااااااااان ورق وعلب وهدايا وقصاقيص وصور. كل حاجة منهم أثرت فيا بشكل ما. ولما بكون مضايقة برجع تاني للحاجات دي وأحس بفرحة فعلا. دلوقتي بعد الكتاب ده ممكن أقنع والدتي تغير رأيها في شنطة الذكريات بتاعتي أو شنطة الزبالة زي ما بتقول عليها : . ودي من الصفحات اللي عجبتني
Mixed,اسلوبها بسيط . طويله حبتين بس المشاعر اللى فيها جميله جدا
Negative,ضعيف. . سقف دورة المياة يهرب الماء على من كان داخل دورة المياة
Positive,شقق فندقيه ممتازه . موقع جميل وغرف واسعه لا يحتوي على اطلاله ولكن نظيف وطاقم العمل متعاون ويوجد مواقف داخل النبني. يوجد بعض الملاحظات على طلاء الجدران امل من المسؤل عن الفندق الاهتمام بها اولا باول ليبقى المكان مميز ورائع
Mixed,مقبول. مطل على المدينة. طاقم العمل يحتاج الى تدريب مكثف يفتقد الى الاحترافية سيء في الاستقبال والمغادرةلايوجد منسق لبروتوكولات الاستقبال لا يستحق تصنيف خمس نجوم يحتاج الى اعادة
Negative,اسوء اقامه اقمة فيها بدبي . لا شي. النت بفلوس رغم انها خدمه مقدمه لزبون
Negative,أسوأ إجازة في حياتي . لا شي. المكان غير نظيف سواء الحمامات او الغرف مليئة بالغبارالملاءات التي علي السرير تفوح منها رائحة الغبارعدم توفر الفوط في الحماماتتجهيزات الحمامات غير متوفرة توجد بالفندق الكثير من بنات الهوي ممن يتجولون باللوبي وامام المدخل الاستجابة لشكوي النزلاء بطيئة جدا وتكاد تكون معدومة
Negative,للأسف خذلني هذا الكتاب كثيرا... بداية بالعنوان وهو حوار مع صديقي الملحد فالمعقول أن يكون عن الإلحاد وما إلى ذلك لكن أكثر ما وجدته مجموعة من أحكام الدين الإسلامي وكيف أنه دين الحق وكذا بعيدا عن لماذا نؤمن بوجود إله؟؟ فكل تلك الأسئلة قد توارد أي مسلم وليست حكرا على ملحد . ولم يعجبني أسلوب الحوار إن كان يسمى حوارا فهو أقرب ل سلوب سؤال وجواب يعتقد أنها أفحمت السائل وهذه مصيبة ثانية لان به من التناقضات والتفسيرات لا أدري كيف خرج بها . وأكثر فصل أغاظني هو فصل المرأة وتفسير الكاتب للقوامة والحجاب والضرب والهجر وقد فسر هذا الأخير استنادا لحالات نفسية هي الماسوشية والسادية فبدلا أن تعالج هذه الحالات نفسيا أصبح لعجبي الضرب والهجر هي علاجها ..ولا أعلم كيف أغفل أن هذه الحالات ليست خاصة بالنساء بل تصيب الرجال أيضا.. وإن كان الكتاب في بعض أجزائه جيدا إن ذلك لم يجدي ليغير انطباعي عن أغلبه..
Mixed,مقبول. . لا يوجد خدمة حمل الحقائب
Positive,"اكره من ينتقد قراءة الروايات ويصفونها بأنها مضيعة للوقت، من الواضح بانهم لم يقرأوا الا بعض الروايات السخيفة المنتشرة بكثرة هذه الايام ولم يتعبوا انفسهم بأن يعرفوا غيرها.. سمرقند هي كنز معرفي سياسي وتاريخي وشعري وفلسغي وفكري، كل هذا في رواية واحدة تجد نفسك بها في عالمين، عالم الدول الاسلامية في اوقات الدولة السلجوقية و ثم المغول بين فارس و اوزباكستان وحتى بغداد. نسير مع شخصية عمر الخيام، الشاعر والفيلسوف والعالم الذي عاش في تلك الحقبة بين سمرقند واصفهان ونيسابور، كم سررت بأن تعرفت عليه وعلى اشعاره وفلسفته، ثم حسن الصباح ونشوء الطائفة الاسماعيلية ونظام الملك، كلها شخصيات واحداث حقيقية سردت بطريقة ممتعة، من خلالها تستطيع فهم طلاسم السياسة والصراعات الدينية في زمنا الحالي.. كم من الجميل بأن تستكشف الحياة في ذاك الزمن.. ثم نأتي للشق الثاني، ايران في بدايات القرن التاسع عشر، وصراعات الحكم، بين نظام الشاه والشعب الثائر من جهة، ومن ثم الصراعات بين الدول الاخرى على النفوذ. فتراها حينا تشجع الثورة، وحينا اخر تبذل جهدها لإفشالها، وما بين ذلك من مؤامرات ومكائد.. جميلة تلك الروايات التي تجعلني ابحث في الانترنت واشاهد افلام وثائقية او اقرأ المزيد عن تلك الاحداث. بل حتى اتمنى بأن ازور ايران واوزبكاستان بيوم من الايام."
Positive,متميز . الحمد لله كل شي جميل من لحظة الوصول حتى المغادره والخدمات ممتازه. لا يوجد
Positive,"كتاب السهل الممتنع ،فالكاتب لم يبذل جهد هو فقط دون حكاياته مع سائقين التاكسى وكان يمكن لأى منا أن يصدر هذا الكتاب لو أنه فكر بهذا قبل الكاتب ،فكانت النتيجة كتاب ممتع يجسد المجتمع المصرى وينبض بقلب الشارع المصرى الحقيقى ويلمس حياتنا بصورة كبيرة جدا"
Negative,"هيبتا ... تعليق لا بد منه. بعيدا عن أسلوب الكاتب الرائع ، عن المفاجأة اللذيذة ، عن النهاية السعيدة ... عن اللي حصل في الرواية ده ، غالبا الراوي مايعرفش أنه فيه أجيال مراهقة بتسعى لتحقيقه ممكن في حلم .. ممممم مايعرفش أنه لما يخلي البطل و البطلة بتفكيرهم المختلف عن تفكير الناس اللي بيقول عليهم عادية يخلي مراهقين كتير يبدأوا يسلكوا الطريق ده في تفكيرهم اعتقادا منهم أنهم هيبقوا على نفس خط سير البطل وأن حياتهم ستنجح في النهاية زي ما حياة الأبطال ما بتنجح في كل رواية ... كل واحد هيطلع المجنون اللي جواه ومش هيمسح لحد أنه يتحكم فيه غير مبالي بدين أو خلق ، متوهما أنه مختلف وأنه هيلاقي مجنونة زيه عادي خالص ياااه صدفة . المشكلة أن المراهقين مش هم بس مش هيطبقوا القوانين على حالتهم الشخصية اللي هم بيشفوها أقل قيمة من شخصية البطل فيبدأوا يتقمصوا دور البطل غير مباليين بدين أو خلق إلخ إلخ .. فتحصل الكوارث اللي بنشوفها في المجتمع ... البطل عمل محرمات كتير ،ولكن لم يبد في الرواية أي شئ يخليك تستاء أنت من نفسك هتستاء ،على حسب بقى ... إنما أنا أجي للحاجات اللي أنا طلعت بيها من الرواية وأقارنها بكم الصدمات اللي شوفتها فماتجيش / . الكاتب كان عايز يؤصل لكلام علمي المراحل السبعة للحب ظنا منه أنه عندما يضرب مثل هذا المثال ، أننا سنتعلم وسنطبقه على أمثلتنا نحن .. ده مااااابيحصلش . يااا دوب مننا اللي هيفضل فاكر الرواية فترة وهيفضل متأثر بالراوية ذاتها بالبطل ذاته فرحانين له ولكن تيجي وتقول يطبقوا المراحل على حيواتهم ؟؟ هنا بقى عايزين إحصائيات واضعين في الاعتبار طبع الشخصية العربية .."
Negative,مخيب للأمل. . لايوجد شاطئ حقيقيالسعر مبالغ فيهالخدمات لابد ان تطلبها بنفسك
Negative,يوجد موظف في الاستقبال تعامله جدا سيء . المطعم. يوجد موظف في الاستقبال تعامله جدا سيء
Positive,أروع إجازة في متجع كورال . بصراحة كانت تجربه رائعة ونفكر في تكرارها في متجع كورال.. لا شي
Positive,جيدة مقابل السعر . ما شجعني هو الحصول على عرض سري من بوكنق فكان السعر جدا مشجع في تلك الفترةالفندق جيد يوجد بالقرب منه سوبرماركتيقع أمام صحاري مول ويمكن الذهاب له بخطوات عبر الجسر الذي يربط بينهم. عدم توفر سرير أطفالانقطاع النت باستمرار
Negative,ضعيف. . الفندق سهران حاطين لي حراسه الا بالقوه يطلع اليم قسم بالله الليله ريال وكثير عليهندمت كثير اني رحت له تراني كاتب وانا معصب
Mixed,ما بين نجمتين ونص أوتلاتة. المهم إني قريته عشان أخلص من توتر الأمتحانات. وهو ساعد في كده إلى حد ما يعني. هو كتاب لذيذ اعتبرته خواطر أو تدوينات. مش قصص زي ماهو مكتوب عنه خالص. كان في عيب إن الكلمات المذكرة تبقى مؤنثة والعكس. الموضوع كان بيضايق وسط القراية. ومش هتكلم عن تنقل الكتاب من الفصحى للعامية بما إن الكاتبة إعتذرت عليه. في العموم هو مسلي
Positive,رائعة . النظام. ارتفاع الاسعار عدم وجود فعاليات كثيره
Negative,اول شيء لا انصح بزيارته في رمضان خاصة على الفطور لأنك فعلا تحس انهم يتصدقون عليك تاكل قطعه البيتزا وتجلس تنتظر متى يحن المباشر عليك ويحضر لك الاخرى باختصار استعداداتهم في فطور رمضان مخيسسسسه ولا في قرار رادع للمدخنين داخل المطعم ولكن في غير رمضان هادئ وجميل وبعض انواع البيتزا ممتازه وبعضها عجين في عجين
Negative,خيبة امل واحباط كبيرين اصبت بهما عندما قرأت هذه الرواية للاسف.. تمنيت عندتي للقراءة تكون على شئ جميل وممتع ولكنه للاسف كان محبط ... توقعت الكثييييير من الغموض ومؤامرات الدجل والشعوذة ولكن شئ من ذلك لم يكن موجودا. نجمه واحده للمعلومات الجيدة عن الزواج في الماضي .. وعن المعلومات البسيطة الاثرية عن تاروت. ودمتم
Positive,"الرواية عبقرية. الأحداث ، الصراع ، مفيش ملل بأى حال من الأحوال ، التفكير فى مسألة الأديان والبحث عن الله ، النهاية مبهجة ومؤثرة ، مش مبتكرة يمكن بس أبهجتنى جدا ... بوجه عام الوراية دى لما قفلتها حسيت انى كائن سعيد"
Mixed,تقديري العام للرواية انها محاولة جيدة .... من العيوب التي ازعجتني اثناء قرائتها :. التصميم المستمر والتكرار بان يوسف شخص حظة سئ والصاق كل شئ بحظة كان يكفي تصديق يوسف بانه سئ الحظ وكان يكفي حواراته مع حظة ... اقحام كلمة يجب ان تتخيل ولتتخيل معي ... المفترض قارئ الرواية يعيش احداثها ... وهذه النقطة اخرجتني اكثر من مرة من جو الرواية ... حرق بعض الاحداث مقدما : التشويق جزء هام جدا فلماذا حرق بعض الاحداث في اشارات لا داعي لها ... مثل تاكيده ان سوسن ستظهر في النهاية .. اظن بعض الغموض كان سيجعلها اروع ... الاطاله في بعض الاجزاء ... اعجبتني الفكرة العامة اعجبتني المعلومات التاريخية وسط الاحداث.... واتمني ان يكون الجزء الثاني افضل
Negative,اخر زياره . لاشي سيئ جدا جدا جدا. فندق مزعج جدا والطاقم غير مبالين ب خدمتك سيئ جدا لا انصح فيه
Mixed,لم يكتمل بعد
Negative,رايي المتواضع اني مصدووووومه. الفكرة مش مقبوله بالنسبه لي علميا ازاي واحدة متجمده ف المحطه طول الوقت دا وازاي حبيبها اللي يفوقها بلمسة مش اكتر..كان ممكن يكون دا مقبول لو كانت روايه خيال علمي انما المفروض انها روايه واقعيه واشخاصها حقيقيين مش من كوكب تاني. حاجه شبه قصص الاميرة النائمة لكن في حاجه غلط خلتني مستمتعش زي استمتاعي بالاميرة النائمة. النهاية صدمتني جداااااااااااااااا ومكانتش ع قد مستوي الروايه خالص حسيتها نهايه سطحية للغاية. لكن للانصاف يعني ..الوصف كان كويس جدا للشخصيات والاحداث مع الاعتراض ع كمية الالفاظ والمشاهد المبتذلة
Negative,اعوذبالله الله يديم النعمه مره مره فاشل السمك مطبوخ لين صار عجين وبعدين مشوي طعم كانه بيض والرز بدون اي نكهه المطعم جدا فاشل
Mixed,الى حد ما كويس ف مقالات كويسه ومقالات مش عارفه ايه الهدف منها
Positive,جيد. الموقعتوفر البقاله الصراف الالي. الانتر نت سيء جدا ولا يشبك ابدا مع الاتصال ب الوايرلسزحمه المصاعد
Mixed,تجربة عادية جدا . الموقع والتعامل الرائع من الموظفين السعودين وعمال النظافة كانوا خلوقين. إتصالهم علي ثلاث مرات قبل وصولي مما سبب أستيائي مع العلم بأنه قد أصبح إلغاء حجزي غير مجاني وحين الوصول أبلغوني بأن قيمة إلغاء الحجز لا يأخذون منها شيئا بل يتم أخذ المبلغ بوكينج وليس لهم شيء لذلك كان من الواجب أن يحرصوا على حضوري وفي حال عدم الحضور ليتسنى لهم إيجار الشقة على شخص آخر وهذا سبب إتصالهم بي أكثر من مرة الشقة عادية للأمانة
Positive,الرؤية اللي في الكتاب ملهاش حل والفكرة نفسها في ربط الدمي بالموضوع كله عبقرية ... في بعض تفاصيل كده كانت بتسبب ملل وتشتيت لكن الكتاب كله علي بعضه حلو ونوع الخيال اللي فيه راقي = استمري
Mixed,مرضي. الهدووء والعزل التام للسكن. عدم استرداد المال في حال الغاء بااقي الايامسرق بالطريقة الحديثة
Positive,ننظرتي . دورات المياة مجهزة بشكل جيد من فوط ومنظفات. عدم توفر شبشب نعال لدورة المياة
Mixed,"الكتاب جميل جدا. وفكرته فريدة. لكن سوء الترجمة حال دون إتمامي له. حرام ، والله حرام كتاب بمثل هذه الافكار وهذا الفكر ، لايعاد النظر في ترجمته وصياغة عباراته بطريقة واضحة"
Mixed,"مرضي. المواقف متوفرة ومكان الشقق مميز ومتسع الغرف نظيفة وواسعة والعاملين مؤدبين. دورة المياه سيئة من ناحية التصريف إزعاج كل ليلة من صهاريج شفط المجاري المجاورة للششق ، الإفطار مجرد إسم ولا أنصح حجز شقة بإفطار"
Negative,مخيب للأمل. قرب الموقع من بوابة المسجد الحرام للنساء. الإنتظار فترة طويلة لإستلام الغرف عند حجزي في الفندق لم يظهر لي إن الشقة من غرفتين ودورة مياة واحدة فقط.مما جعلني أغير لشقة من دورتين مياة ودفع مبلغ إضافي. عند الحجز وضعت عدد الأشخاص ل بالغين وعند إستلامي تأكيدالحجز وصلني لعدد أشخاص وطفل. حاولت لعدة ساعات لزيادة سرير إضافي ولاكن تم الرفض إلا بدفع رسوم إضافية الفندق متوسط النظافة وأقفال الغرق بدون مفاتيح مما يودي الى إغلاق الأبواب وعدم المقدرة على فتحها الا بحضور أحد موظفين الفندق.وطبعا الإنتظار لساعات طويلة الى إن يصل.
Negative,نرجوا عمل تجديدات للفندق . الموقع قريب من مصلي الرجال. الغرف غير معزولة
Negative,نجمة واحدة فقط لإسلوب الكاتبة.
Negative,"في البدء كان انطباعي يلخصه احد التعليقات القائلة بأنه مجرد محاولة من الشروق للانتفاع من اسم المذيع اللامع .. وبيع أوراق على غلافها اسمه .. وهو فى الحقيقة مذيع متميز. ولكن الكتاب فعلا بسيط ، ربما يكمن جماله في بساطته . على الرغم من كل شئ ، ابتسمت وأضاء المصباح في عقلي في بعض صفحات الكتاب .."
Mixed,مرضي. موقع المنتجالمسبح. عدم الحشمة خاصة لنساء الاجانب وخاصة في المسبح وسباحت الخادمات مع الاطفال بشكل مقززخلو الساحة بين الشاليهات والبحر من المسطحات الخضراء والالعاب والكراسي والطاولات ارتفاع مبالغ به في اسعار المطاعم والمحلات التجارية والمرفقات
Mixed,روايه جميله بس للأسف معرفتش استمتع بيها نظرا للأجواء المحيطه
Negative,"رواية كلاسيكيه حد الملل مافيها ولا حدث غريب ولا فكرة غريبه الكاتب حسيته متخبط بين الرومانسيه والسياسه ،، وماقدر يركز على ولا اي وحده منهم معلومة وحده استفدتها منه ،، معلومة الحيوانات الخمسه الكبار بس . اقترح على الكاتب يستمر بكتابة المقالات اذا كانت رواياته على شاكلة هالروايه"
Mixed,روقان زمن بائد
Mixed,لا يمكن تسميته نجوم ابدا . لم يعجني شيء.
Positive,جيد. . موظف الإستقبال غير لايق بمقام الفندق من الجنسيه العربيه
Positive,مذكرات الرئيس الذي لا يتذكره احد و دوره في ثورة يوليو المجيدة مثال رائع للمصري الذي يحب بلده و يتفانى في واجبه رحمك الله يا نجيب إن لم تكرمك مصر فأنا على يقين بتكريمك من رب العالمين إن شاء الله
Mixed,"بغض النظر عن إن الأراء السياسية لميكافيللي صادمة بشكل مرعب للقيم والمبادئ والأخلاق ،،. لكن كانت بالنسبالي فرصة للتعرف علي أفكار سياسية بالرغم من إنها كانت في القرن السادس عشر إلا إنها مازالت أفكار محل تنفيذ لكثير من السياسيين في العالم وخاصة أمريكا... مشكلتي مع الكتاب أنه بيستشهد بوقائع حدثت في أوربا وأيطاليا من أمراء لست ملم بهم ولا بمواقفهم السياسية أو بمعني أدق مش مدرك الفترة التاريخية اللي بيتكلم عنها،. مش هديلة أكتر من تلت نجوم عشان أغلب المواقف مفهمتهاش."
Positive,"أحببت الرواية كثيرا، اسلوب البساطى اكثر تطورا وعمقا فى هذه الرواية عن رواياته السابقة.. شخصياته كما عهدناها تعبر عن البسطاء، المنسيون دائما.. رغم أن فصل البرارى لم يستغرق الكثير من الوقت فى كتابته إلا أنه الأقوى لأنه يعبر عن الاختيار الحر وتجريب غير المألوف."
Positive,"كتاب ممتاز، يحمل المنهج الفكري والديني للعالم الدكتور يوسف القرضاوي؛ لترشيد العمل داخل الأفراد المنتمين للصحوة الإسلامية، فكريا وسلوكيا، عبر مجموعة من الأبواب التي تعالج أخطاء شائعة شابت هذه الصحوة، والتي قام بتقسيمها إلى فصول:. من الشكل والمظهر إلى الحقيقة والجوهر. من الكلام والجدل إلى العطاء والعمل. من العاطفية والغوغائية إلى العقلانية والعلمية. من الفروع والذيول إلى الرؤس والأصول. من التعسير والتنفير إلى التيسير والتبشير. من الجمود والتقليد إلى الاجتهاد والتجديد. من التعصب والانغلاق إلى التسامح والإنطلاق. من الغلو والانحلال إلى الوسطية والاعتدال. من العنف والنقمة إلى الرفق والرحمة. من الاختلاف والتشاحن إلى الائتلاف والتضامن. حيث يتاول في كل باب من هذه الأبواب الحديث عن المشكلة التي تشكل النصف الأول من عنوان الفصل، ليطرح المعالجة التي تتشكل من الشق الثاني من هذا العنوان، وذلك بالشرح والتوضيح والمبادئ في بعض الفصول.. وبصورة عامة الكتاب يفيد كل مسلم، سواء المهتم بالحقل السياسي للعمل الإسلامي أو الصحوة، أو الفرد العادي الذي يهتم بتحسين نفسه كمسلم فقط. ينصح بقراءته بتمعن، وهو ذات أسلوب سلس وبسيط، وفي نفس الوقت ذات فائدة كبيرة."
Positive,. رقم واحد في فنادق الحرم بإختصار الإفطار أكثر من رائعأشكر موظفي الاستقبال الأكثر من رائع وخصوصا الأخ عماد والأخ عبدالرحيم بخش على حسن تعاملهم .... خدمة الغرف سيئه
Mixed,"أول قرائتي للكاتب أحمد خيري العمري ،أسلوبه فريد جدا ومعتمد علي خلفية كبيرة من المعلومات والآراء ، أعجبني الكتاب وهو الجزء الأول من سلسله اسمها لفت نظري بشكل كبير كيمياء الصلاة ، كتاب غني بالآفكار والنقاشات المطروحه بشكل جميل .... لكن شعرت في بعض الأحيان إن الأفكار خرجت عن الأطار المطلوب للكتاب وتطرقت لمواضيع أكثر بعد عنها ... كنت أتمني ان تكون الفكره دائره فى اطار ثابت ومحدد .... ،. أكثر جزء اثار أعجابي هو جزء لماذا نصلي ؟ .... لم اسأل نفسي من قبل هذا السؤال ربما لأننا نعتبر الصلاة أساس وعماد الدين الذي لا بد منه ، هذا السؤال اثار بداخلي كثير من التساؤلات الذي أود أن أصل لأجابه محدده لها ،. الكتاب جميل وغني بالأفكار ، يجعلنا ندرك ان الصلاة ليست فقط عبادة وهي عماد الدين ، بل إن الصلاة خشوع ومشاعر يختص بها الأنسان عن باقي الكائنات ... إن الصلاة هي أساس الحضاره والنهضة ، وإن الصلاة حياة كاملة بكل تفاصيلها ليست فقط في أوقاتها ... الصلاة هي الروح والنبض والمشاعر والعقل. التي مع الأسف نغفل كثيرا عنها ... او نقوم بها على شكل مجرد عاده ، عادة يوميه ليس لها آي صله بباقي حياتنا وأخلاقنا. كتاب مميز ومتحمسه لباقي السلسه"
Negative,للأسف الكتاب ما يحكي القصه الكامله ل هتلر .. لكن يعطي نظره عميقه داخل مخ الرجل ونظرته العنصرية وارائه حول السياسه و الأعراق .. اكثر شي ملفت في الكتاب هو نظرته للجنس الآري على إنه أرقى اجناس البشر بينما البقية هي أجناس وضيعه إذا اختلطت مع الآريين فهي راح تسحبهم للدرك الأسفل .. إنسان عنصري ضد الكل مو بس اليهود بالمجمل توقعت الكتاب بيكون أجمل من كذا .. سطور الفلسفه الزايده جابت لي النوم يمكن لأن مالي في السياسه كثير =
Mixed,حسن. . استقبال الفندق سيء للغايه
Positive,اتمنى لكم مزيدا من التقدم . لا شيء يذكر. لا شيء يذكر
Positive,جيد. كل شي. النت
Positive,"ها قد وصلت مركبة سبوتنيك الحبيبة.. هاروكي لا يتغير أبدا، ينضج فقط في كتابته. موسوعة موسيقية دسمة بين السطور، ألتقطها بشغف أكثر من الأحداث نفسها. بالنسبة لي الرواية غريبة بعض الشيء بها جزء مفكك أو غير مفهوم. الغموض أجمل ما في الكتابة، أنا أحب أحلام هاروكي وكوابيسه التي تظهر من عقول شخصياته. والنهاية الغريبة سبقها عمل أغرب، وشخصيات غريبة أيضا"
Negative,مش عاجبني بس عرفت منه ان الاسكندر مدفون في سيوة
Positive,"بصورة عامة المكان جيد وهادئ يميزه قربه من عين خت متوفر الحمامات الساخنة داخل الفندق للرجال والنساء . الحمامات الساخنة، الساونا والسباطريقة الاستقبال داخل الغرفة. نوعية السرير، والدوش داخل الحمام وكمية الشامبو"
Negative,تحتاج الى الكثير من التركيز وربما أكثر من قراءة للاحاطة بخيوطها كاملة.. استعنت بقراءات من سبقوني لأفهم.
Mixed,مهما كانت المرأة قوية اذا حبت ضعفت
Positive,قرأته منذ مدة طويلة وعاودت قرأته مرات كثيرة من دون ملل. الكتاب جدا رائع
Positive,"هذا الكتاب يخبرك انه لا قوانين للنقد، لا معايير للشعر الجيد تتقيد بها للتقييم، لك الأحقيه بوضع قوانينك الخاصة بك وتقييم الأشعار وفقها.. رفيق لطيف وخفيف جدا، قرأته اكثر من مره.. و سأعود إليه دائما."
Positive,"القصة جميلة جدا أسلوبها راقي ، و مشوق ، الأحداث متلاحقة ، اللغة سهلة تتراوح بين الفصحى و العامية ، بالنسبة لي أنهيت قرائتها في يومين، تشعر بالألفة بينك و بين أشخاصها، و بين الأماكن التي شهدت أحداثها، بعد كل فصل أجد مفاجأة في انتظاري تجعلني استمر.. ظللت أنتظر النهاية، و كيف ستحل الروائية هذا الإشكال، حتى الصفحات الأخيرة ..... في انتظار الجديد"
Negative,ضعيف. مدير الفندق كان محترم و موظفة في بار سارة محترمة وشكرا. الصور في بوكنج ليس في فندق مرحاض معطل ريموت معطل مواقف السيارات ضيقة جدا إزعاج مراقص دسكو
Negative,ضعيف جدا. . الغرفه على اساس انها مع اطلاله على الحرم بس للاسف غير صحيح الحرم وين والفندق وين .. وغير صحيح انه يبعد م عن الحرم ابعد من م
Positive,خدمه ممتازة عودةالعصير العلب لان البودر غير صحي ونحن من عشاق هيلتون لونج بيتش الغردقة كمانشكر استأنف النظافة والمطعم والاستقبال وشك خاص جدا الأستار جوهرة نقترح لسيادتكم التنوع في أصناف الأكل لان معظم التركيز علي الفراخ وعودة الشاورما وجبات البيتي الشاطئ ونتمنا ان نطاف للقرية ألعاب اكوا ماءية
Mixed,هو كتاب في المثيولوجيا أقرب من أن يقال عنه رواية. أنصح القارئ بتجاهل الجزئ الأول والبدء بالقراءة من الرسائل....
Mixed,الحمدلله . قربه من الحرم الفطور هادي مره. لايوجد مواقف اظطريت اوقف سيارتي في الحاره الاسره طلبت زوجي واعطوني سرير مفردالنت تعبان
Negative,"لم يؤثر في أداء الشبكة ولا البطارية، عديم الفائدة وهدر للمال."
Positive,جيد. . لايوجد شي مميز للعرسان
Negative,"بداية مشوقة، نهاية سخيفة، اسلوب ركيك، اخطاء نحوية، اخطاء إملائية، احداث غير منطقية، هي مسلية بس ماتستاهلش لقب رواية."
Mixed,كتاب صادم. المقدمه كانت ممتازه ومدخل كويس لطرح المواضيع كتقليل من الصدام. بعد ما خلصت الكتاب حسيت بنفس احساس كتاب وهم الاله. طريقه تفكيرى اتغيرت كتير. المشكله بالنسبالى كانت فى المراجع اللى اوردها . ؟؟؟
Positive,"كانت هذه الرواية بالنسبة لي محطة عبور عبر الثقب الدودي إلى كون آخر حيث التقيت بي هناك ووجدتني على أسوء حال مما كان يعتبر قبل ذلك محال..... رضوى رحمها الله رقصت معنا بالحزن والموت والسقوط والرحيل ورحلت هي أيضا،كم من رحيل ترك الفراغ فينا ،وكم آلم نغص حياتنا وأذاقنا المرارة ولمم نتعلم منه... حبكة الرواية رائعة جدا،مزيج من الدراما هنا وهناك،يجعلك لا تمل ولو لجزء بسيط منها،وهذه حنكة الروائي الموهوب،فهو يكتب بدمه أكثر مما يكتب بقلمه،ولنا عبرة في كل ما حدث هنا،شكرا لروحك الجميلة التي أتمنى أن تسكن فؤاد. الصحراء لتنبت فيها حياة وورودا لا حدود لجمالها...."
Mixed,تجربه لن تتكرر . .موظف الاستقبال عبدالله العمري شخص متعاون جداا وشكر خاص له .الموقع مقابل ساحات الحرم. الغرفه صغيره الاثاث قديم جداا ومستهلك الاسرة متسخه من تحت والسرير الاضافي سئ جدااالافطار غير جيد فعلا لا انصح بالسكن بالفندق
Positive,أنا كبهير إنبهرت . سمعت الفيلم الصوتي في البداية وأعجبت به بشدة حتي وصل إلي حد الإدمان . ثم قرأت الكتاب مؤخرا. عيبه الوحيد تفاصيله الكثيرة. لكن عندما قرأته إكتملت لدي الصورة. وانا اقرأه شعرت وكأني أري الأبطال أمامي .. تفاصيلهم .. أحاديث نفسهم .. حتي وسوسة شياطينهم. وعرفت ما لم أعرف من قبل عن حقيقة المسيخ الدجال التي لطالما إستهنت بها جهلا مني. مكتوب علي جبينه كافر فأكيد هاشوفها . ساعدني الفيلم وأثر فيا كثيراوجاء الكتاب ليكمل الصورة. شكرا خالد المهدي :
Mixed,الرواية قلبت في الاخر فيلم هندي قديم .. اسلوب العرض كان حلو في حاجات معينة و مالهاش اي لازمة في حاجات تانية .. بس النهاية مش مقنعة و قفلها وحش اوي
Positive,رائع. إفطار لذيذ ومتنوعسرير مريح ونظيف. بعض الأصوات الصادرة من الإنشاءات القريبه من الفندق.
Mixed,اقتراح . نظافة الغرفاهتمام الموظف المرافق للغرفةحجم الغرفة مناسب. إل وأي فاي دائم الانقطاعموظف الاستقبال غير مهتم بالعميل عدم وجود مناشف لليد في الحمامو قد تركت ملاحظاتي في الغرفة في الاستمارة الخاصة بذلك
Mixed,فضحكت قائلة إنهاردة عقبال عندك ليلة دخلتنا : . والنبي انتي عسل هههههههههههههههه. هو مافيش من مريم دي نسخة أتجوزها أنا بدور عليها والله .. وطول القصة انا عايش دور أحمد على الأخر يعني .. تسلم الأيادي يا محمد عمل ممتاز :
Mixed,ممله نوعا ما بالنسبه لي.. مفرطه بالوصف.. لا ظن اني سأقرأ الاجزاء الاخرى
Positive,للراحه والنظافه ممتاز . في تحسن كبير في التعامل من السنه الماضيه وهذه السنه انا متعود ان اسكن في روتانا بارك للراحه والهدوء.
Positive,إقامة جميلة ورائعة جدا . الموقع والنظافة والإهتمام بالنزيل وقربه من محطة مترو مدينة دبي للإنترنت م ووجود التاكسي في جميع الأوقات وعنده سوبر ماركت ساعة وبها توصيل للشقق وكذلك صيدلية مقابل الشقق وممتازة جدا للعائلات الشقة عبارة عن غرفتين غرفة بها سرير مزدوج وغرفة بها سريرين منفردين وغرفة جلوس بها طاولة طعام ومطبخ متكامل بأدواته وغسالة ملابس وثلاث دورات مياه أكرمكم الله والتحكم بالتكييف لكل غرفة ولكل شقة جهاز واي فاي مستقل داخلها وسريع جدا ماشاء الله وبصراحة لن يندم من يحجز لديهم وسأكرر الإقامة فيه بإذن الله وشكرا جزيلا لكل العاملين في الشقق. لايوجد أنشطة ولا لوبي لمن يبحث عنها عدا ذلك مميز جدا جدا
Mixed,"فندق جيد . قربة من الحرم وسهولة الوصول الية وتوافر الباصات طوال الوقت. الحمامات ضيقة بعض الشيء،لم يتوفر الميني بار بالغرفة رغم طلبي له من العامل اكثر من مرة"
Mixed,تتحدث عن رحله لمصطفي محمود في ادغال افريقيا وما رآه من عادات القبائل وكيف أثر الاستعمار في مستقبل افريقيا
Positive,"كنت تشعر بالمعجزة يوم كان أصدقاؤك الكبار يخبرونك عن رحلاتهم الأسبوعية إلى دمشق وبيروت والقاهرة.. تأخذ سيارة أجرة من عكا، وبعد أقل من ساعة تكون في ساحة البرج.. وتكمل السهرة عند ضفة بردى الذي تصورته في حجم الفرح.. تسألهم: هل كانت بيروت والقاهرة ودمشق قريبة إلى هذا الحد؟. كانت... كانت أقرب.. وكانت فلسطين ملتقى الشرق.. وفيها غنى عبد الوهاب وأم كلثوم.. لو وقفت على الأهرام وقذفت حجرا على فلسطين لوصل عصفورا.. والآن، ماذا؟ يخرج عصفور من فلسطين فيبيض سربا من اللاجئين عند ضواحي دمشق.. مزقونا فتكاثرنا لاجئين. شيء في الداخل وشيء في الخارج.. في الخارج ينمو الأطفال على حليب وكالة الغوث فيتحول في عروقهم إلى دم فلسطيني.. في الداخل تأكل من قمح مرج بن عامر وتصبح مواطنا إسرائيليا . وتقضي نصف عمرك لكي تجد اعترافا واحدا بأنك مواطن فلسطيني فلا تجد.. في الخارج يحسدونك لأنك في وطنك وهم لاجئون.. تخبرهم أن منظر الماء لا يروي الظامئ بل يدميه.. لا يفصلك عن أرضك الآن إلا شارع لو قطعته لاعتقلت، واتهمت بالتسلل والاعتداء على أملاك الدولة.. ربما كان لدرويش أن يسميه الحزن الدائم والموجع بدلا من العادي، لا يمكن لكل هذا الحزن أن يتحول إلى عادي.. عندما يعجز الفلسطيني على الفرح وبارع فقط في الحزن لا يمكن تسميته بالعادي أبدا.. كتاب يؤلم، ويتألم ويستحق القراءة. :"
Mixed,غريبة هى كل تلك الاحاسيس والمشاعر التى امتلأت بها هذه السطور. فهى اكثر بكثير من ان يحملها انسان واحد. ان يصبح حلمك هو عذابك الابدى. وتصير الحياه درب من الالام. لا اعرف. هل جاءتنى تلك الروايه فى الوقت المناسب تماما. ام جاءتنى فى الوقت الخاطىء تماما. ربما ان كنت ناقده ادبيه. لم اكن لاعبأ بتلك الروايه. فهيا اى حد ما .. ضعيفه ادبيا. ولكنى لست بناقده. ولا اعبا بذلك. فقط انا اراها انسانيا. فكيف اغفل عن. احاسيسها المتدفقه بين الشطور. تاره تؤلمك حتى البكا. وتاره تضحك ملء القلب. وعلى قدر ماكانت النهايه سعيده. الا انها مربكه. كيف اختصرت كل سنوات العذاب تلك بكلمه واحده. وانهت كل شىء بفصل واحد. لم اجد النهايه واقعيه. فاحيانا من كثره الاحزان. نفقد معنى السعاده. لكن سنظل دوما الروايه التى حزنت لفراقها
Positive,هي اول رواية اقرأها لنجيب محفوظ بس هي رواية رائعة كأنه سبق فيها الزمن ووصف اللي كانوا بيحاولوا يعملوه في مصر قبل الثورة و هو تحدي القدر و إعطاء الحكم لسلالة هذا الحاكم ظنا ان قدر أختار هذا الشخص للحكم فيجب للسلالته ان تظل تحكم متحديا القدر و استباحة اي فعل حتى يصل إلى ذلك و لكن لا يعلم ان القدر يخطط إلى شئ اخر و إذا أراد الله شخصا اخر في ملكه فإن هذا هو ما سوف يحدث لأنها إرادة الله... هذا هو الجيد من وجهة نظري بهذه الرواية لأنه سرد أحداث لن تحدث في مصر الا بعد عاما.. أما ما لم يعجبني هو تعدد الآلهة و لكن بما ان هذا هو حال مصر أيام الفراعنة فسوف تغفر للكاتب هذه النقطة.
Positive,انا سعيد جدا جدا جدا و أنا بقرأ الكتاب ده. لله درك يا دكتور فيصل بصوت المؤلف . التفاصيل الصغيرة دي أنا قولت محدش بياخد باله من الحاجات دي غيري بس الحمد لله لقيت ف حد معايا ف نفس المكان و التفكير. شئ جميل أنك تبص برضه ع حد من كان ف الجانب المسمي محافظ كان بيفكر ازاي و ازاي التفكير دا اتغير بمرور الوقت و الانتماءات. الكتاب ده بالفعل كان يستهل أني كنت افضل أدور عليه المدة دي كلها و زعلت انه خلص ف ايدي بالسرعة دي ع قدر سعادتي و لهفتي و أنا بسابق السطور عشان استمتع بما يقال ... من مفضلاتي و ارشحه لأي حد حابب يتبسط :
Negative,ملل ثم ملل ثم ملل. ثرثرة ثم ثرثرة ثم ثرثرة. لا أكثر ولا اقل
Positive,هل كتب نجيب محفوظ هذه الرواية ليخبرنا أن للتاريخ وللحقيقة اكثر من وجه وان رؤيتنا للاشياء دائما ستكون ناقصة وغير مكتملة .ام انه بلمحة خفية اراد ان يسخر من شعب مصر الذى حقا يقدس الفرعون الطاغية على مر العصور وليس هناك مكان للعادل او المحب بينهم .. حقا كان رائع فى روايته لقد عشنا معه نبحث عن الحقيقة بلغتة السهلة واسلوبه الرائع ولا يعيبها سوا تكرار عدة شخصيات تسرد نفس وجهة النظر والاحداث
Mixed,فندق جيد . حوض السباحه والمساج. المواقف ضيقهعدم توفر الواي فأي في الغرفه مجانا
Negative,مخيب للأمل. . الاثاث قديم ووسخ والنظافة صفر
Mixed,ستيفن بطل الرواية ... أدرك الحب حين إفتقد المال و التقدير ... و أدرك المال حين فقد الحب ... و أدركه التقدير حين فقد حتى الرغبة في العيش ... ... رواية مليئة بالحزن من أولها و لآخر مشهد فيها كأنها أحد قصص المنفلوطي في كتابه العبرات ... لكنها جميلة و أحسن المنفلوطي حين إختارها للترجمة ... و أحسن ترجمتها كعادته ..
Mixed,"كتاب سلس، بو جلسة ليلة ، مشبع بالألوان والرسومات ... وجزى الله المؤلف خيرا، لديه إصدار صوتي في الموضوع نفسه"
Positive,جئنا لينتصر الجمال. أمام آلاف الخطوب. والحب راية روحنا. ضد المذابح والحروب. ونضوج عاطفة المحبة. بدء تحرير الشعوب. وتساقط الطغيان مرهون. بتحرير القلوب
Positive,"اعجبني جدا ، اول يوم بدأته وانا ملتزمة بصلاتها في وقتها ، الفضل يرجع لهدا الكتيب وكاتبه الذي حفزني باسلوبه والاحاديث التي ذكرها ، ماكنت اعلم من قبل ان صلاة الصبح افضل من قيام ليل ليلة القدر .. اسال الله ان يثبتني على دينه وييسير لي كي الزم تأديتها في وقتها وكذلك صلاة باقي الصلوات في أوقاتها ."
Mixed,مقبول. مطل. الزحمة في السلالم الكهربائية
Negative,"بالضبط كالنوم بالوسائد على الأرض حجزت في هذا الفندق بالرغم من أنني قد قرأت بالفعل الأراء السلبية. كانت أفكاري هي أن بعض الناس لا يمكن إرضائهم أكثر من البعض الأخر. كنت مخطئا. أنا لا أعتبر نفسي لحوحا أو صعب الإرضاء عندما يتعلق الأمر بالفنادق. إذا دفعت أقل مقابل فندق رخيص، بعض الضوضاء، بالي قليلا، تمزق هنا و هناك، كل هذا لا يضايقني على الإطلاق. كل ما أطلبه هو حمام نظيف و فراش مريح. كان الفراش كما ذكره بعض المعلقون صلدا . أنا لا أمازحك عندما أقول، أن النوم عليه كان بالضبط كالنوم على الأرض و لكن مع وجود ملاءة سرير عليها كان الحمام على ما يرام. لا شيء سيء للغاية. بسيط بأضواء فلوريسنت. دش في حوض الإستحمام. كانت هناك ضوضاء من النادي الذي بالأسفل، و لكن كان معي سدادات أذن التي حلت المشكلة في الحال. المميزات: إنه واحد من أرخص الفنادق في موقع استراتيجي. الفنادق في دبي غالية نسبيا. الفندق مباشرة بجوار محطة المترو لا يوجد الكثير من الأشياء في محيط الفندق بإستثناء مركز تسوق عبر الشارع و متجر مناسب بالجوار كانت خدمة الغرف سريعة الإستجابة لطلبك. الغرفة نفسها كانت نظيفة بشكل مقبول. لا شكاوي في هذه القسم."
Mixed,مجموعة قصصية متفاوتة فى مستواها فيها الممتاز والمتوسط و الضعيف لكنها تظل نماذج ادبية ذات طابع ساخر بضحك مجروح من شظف الحياة. استمتعت جدا ب مؤخرة الكتاب
Mixed,لاانصح به بقوة . البوفيه ممتاز لكنه مبالغ في السعر تعامل موظف الاستقبال الاستاذ سيد كان راقي جدا أيضا يوجد موظف خدمة البوفيه هندي على ما اعتقد كان لطيفا جدا من حيث تسعيرة البوفيه المبالغ فيها. القنوات لم تكن صافيهدورات المياه قديمة جدا وغير مفيدة المكيف يخرج صوتا مزعجا
Mixed,لسة مخلص الكتاب حالا نهاية جميلة وردية و بالنسبة انة اول كتاب لاحمد مراد انا شايف انها اكيد كانت بداية ممتازة معجبنيش بس الوصف الكتير اوي الزايد عن حدة جايز تكون دي حاجة حلوة مش وحشة بس انا عشان مبتدا في القراءة فمش عارف. لكن كمجمل كتاب جميل يستحق القراءة
Positive,المعنى الحقيقي للاقامه المميزة. . اشكر القائمين على هذا الصرح العظيم وعلى الخدمات التي يقدمونها.الفندق جدا ممتاز ليست المرة الأولى التي اقيم فيها في هذا الفندق ويستحق تقييم من .واقدم شهادة شكر لجميع العاملين بالفندق واخص الاخ أبانوب على كل ما تقدم به وعلى كرم أخلاقه وطيب معاملته فله مني كل الشكر والتقدير.. لا شئ.
Positive,جيد. توفر مواقف والنظافة وتعامل موظفين الاستقبال جيد. المبلغ مرتفع وفيه استغلال كبير
Mixed,اعطي الكتاب نجم على الفصل الاول والثاني والاخير والكتب التي قام بإقتراحها للقرائة بشكل عام الكتاب لا بأس به لكن شعرت بأني أقرأ احدى الكتب المدرسية النظرية التي لا تخلو من الممل كل الافصل التي تتحدث عن مجموعات القراءة كانت طويلة جدا ومملة بالنسبة لي اخذت حيز كبير من الكتاب ولم اشعر بأنها تهمني منذ دقائق انهيت الكتاب لا يأخد وقت طويل في القراءة يمن انهائه خلال ساعة ونصف كنت اتوقع من اسم الكتاب ان اجد اكثر مما وجدته عنوان الكتاب اكبر من المضمون بصراحة بكثير لكن بكل الاحوال لا بأس فيه ولا انصح بقرائته اكثر من مرة
Mixed,كتاب هام لعرض أفكار دبلوماسي ألماني أكرمه الله بالإسلام ووجد فيه مراده مع ضرورة مراجعات لبعض أفكاره التي تتعلق بالحجاب والشورى والديمقراطية وبعض الحدود. من ميزات الكتاب تقديم المستشرقة الألمانية آنا ماري شيمل له والتي تنقل فيها عن غوته شاعر ألمانيا الكبير قوله: إذا كان الإسلام هو القنوت .. فعلى الإسلام أحيا وأموت . وقد كان يحتفل في منزله كل عام بذكرى ليلة القدر .. الليلة التي التقت فيها السماء بالأرض كما كان يقول لضيوفه. ولا ندري لعل الله ختم له بالحسنى
Positive,عن أندونيسيا أكبر دولة من حيث عدد المسلمين.. وانا بقرأ عذراء جاكرتا فعليا شعرت بما يحدث في مصر .. لو كنا علي وعي كاف بالتاريخ لما آل الحاضر لذلك السوء .. عن فاطمة التي تيأس كثيرا لكن إيمانها يحارب يأسهاا .. عن عذراء جاكرتا : . لستم ممثلين الشريعة ..الشريعة ليست فلسفة تقبل الصدق والكذب .. ولكنها حقيقة إلهية .. . والرحمة عند الثورة حماقة : . وليس لدينا شخص نصف نصف .. إما أن يكون معانا أو علينا .. المعتدلون أو المستقلون عبء عليي المجتمع بل لعل خطرهم مزدوج..هم أعداء : . أنت تبالغ .. المرأة لا يهزمها أحد . أنا ضعيفة .. أنت قوية بالله ذلك . الاستسلام كبيرة من الكبائر . . الصدق هو المجد : . لا معني للوطن بلا أمن ولا حرية . ياإلهي إن لم يكن بك علي غضب فلا أبالي : . البقاء لله وحده وهناك .. هناك الخلود :
Mixed,ثرثولوجيا جميلة ... س :قشر الخرافة التالية: خصوصية. الحراك الفكري السعودي هو حراك ضراير يتنافسن على زوج يجلب الشفقة. الجميل بالأمر حتى ب إيدلوجياتنا تنتصب لدينا ال فزعة و الشللية الصبيانية. وهم الفضيلة:رذيلة..
Mixed,لست راضي عن الفندق . اعجبني موقع الفندق. لم بعجبني تعامل موظفي الفندق ولا مستوى نظافة الفندق ولا دورة المياه
Negative,مخيب للأمل. . النظافه سيئه جدا جدا جدا جدا في الادوار العلويه
Negative,مخيب للأمل. المطعم ومستوى الطعام جيد حدا. دورات المياه توجد بها اعطال وطلبت من الصيانه تصليحها ولم يقم بواجبه وبعض الاضاه لاتعمل
Negative,جميل . من يريد ان يتسوق من البلد فهذا افضل خيار له. لاشيء
Mixed,"جيد الى حد ما . أعجبتني الخدمات البسيطة. الأسعار مرتفعة جدا ،، سعر الغرفة وسعر الافطار شخصان فطور شرقي ريال مبالغ فيه وشكرا ."
Positive,فجعت قلبي :
Positive,ساكرر زيارتي لكم . تلبية الطلب فوري. قلة كرسي الطفل في المطعمالمدخل الخلفي باب عادي
Negative,"لو أنبأني العراف كتاب بدأ قويا ثم خفق.. أعجبني في البدء طباعته بخط اليد ثم عانيت، نجمتين فقط للقليل الذي أحببته فيه."
Positive,حينما تتحرك كل جوارحك من اجل عملك .. رائع :
Mixed,"سببان رئيسيان وقفا وراء اهتمامي بقراءة حكايات بعد النوم : التقريظ الحماسي الكبير الذي قوبلت به هذه المجموعة القصصية، وفضولي حول ما سيقدمه الديب في مجموعته القصصية، خاصة بعد متابعتي لمراجعاته على جود ريدز واكتشافي ولعه الشديد بالقصص المصورة.. هذه المجموعة هى تأسيس ممتاز للمشروع الأدبي الذي يحاول الديب ابتدائه هنا، في النصف الأول من الكتاب يحتفي بدون خجل بالخيال الطفولي مرتقيا به عن قاع الواقع، ويستخرج طيلة الوقت تأملات مدهشة مما وعته الذاكرة عن الطبيعة كمثل طفل يستلقي تحت ظل شجرة تحنو بالظل على من يحتمي بها.. أما في النصف الثاني من الكتاب، فيقترب الديب من تخوم الواقع لكي يلتقط أطراف خيوط للحكايات، ويصنع واقعه الخاص الذي يتحرك بتفاصيل صغيرة."
Negative,طيب.. طيب.. يجدر بي الأعتراف أن الكاتب يمتلك موهبة جد ممتازة لم تتبين لي حين قرأت سأكون بين اللوز رغم العنوان الرائع لكن ؛ هنا في الضوء الأزرق تجلت لي موهبة الكاتب و قدرته على نسج عبارات خلابة بأسلوب رائع... ولكن أيضا ظهر لي شيئان :. أولهما... أن الكاتب يعاني مشكلة خطيرة في التنظيم و ترتيب الفصول و تناسق الأحداث فلا تكاد تنتهي من فصل حتى يختلط عليك الحابل بالنابل و تسقط صريعا في بقعة من الحيرة المشوبة بالملل... ثانيهما... يسرف الكاتب في الألتفات إلى أعمال غيرة و مقولاتهم وهذا جيد في دعم رأى الكاتب و ربما أقناع القارئ لكنه سيء عندما يتخذه الكاتب بداية لمواضيع فرعية متناسيا الموضوع الأصلي..واضعا القارئ في حيرة شديدة و تيه أشد و يجد الواحد نفسه تتساءل بالله ما هذا اللغط ؟
Positive,فكرنى بحاجات حلوة :
Mixed,قصص مسلية لكن ليست بالرائعة في محتواها.. أعجبتني قصة هيام ومفاجأتها والباقي كان جيدا
Negative,ضعيف جدا. لم نجد حجزنا في الفندق قالوا ليس لديكم حجز واعتقد لايوجد غرف وتم الضحك علينا واسم الموظف شيخ.
Positive,ساكتفي بالاهداء الرائع الذي نثره الكاتب. الى كل من فعل فمات فعاش للابد...... الى الاجساد التي ضلت طريقها الى الارض... الى الارواح التي ضلت طريقها الى السماء.... هؤلاء الذين حرموا من صفة الرحمه انا المرحوم الوحيد في هذا المكان ...
Positive,"إنه نجيب محفوظ . من الصعب أن أكتب رأى في رواية من روايات نجيب محفوظ... عبقري ..يأخذ القارئ من يده يسير معه ملحمته كاملة... بداية ونهاية، نهاية الرواية بداية جديدة للأسرة محور الأحداث، الرواية سلسلة من البدايات والنهايات... هل النهاية عادلة؟ وهل دائما افعال البشر عادلة . ليس الفقر هو المحنة الكبرى، النفس البشرية تحمل بداخلها ما يجعلك تتقلب بين غوايات الشيطان وشهوات نفسك وبين الجزء الطيب في روحك... من ينتصر الشر لا ينتصر للأبد وكذلك الخير.. إنها سلسلة من البدايات والنهايات.....للأبد.."
Negative,كتاب عبارة عن جمل مزخرفة يجب اخد كل منها على حدة ليكون لها معنى معين. الفاظها مبالغة فيها بدرجة كبيرة. امر غريب ان تقرأ كل ذلك العبارات والغزل والشوق. . وتكتشف انها لصديقة. ... وجهت من فتاه الى أخرى
Negative,انا مش قادرة اصدق ان فيه ناس ممكن تكون كده. النفس البشرية فعلا من اكثر الاشياء تعقيدا
Negative,لا يصلح للعوائل . تعامل الموظفين. النظافة مكان الفندق لا يوجد محلات وخدمات بعيده كالمطاعمالباص ياخذك ويرجعك من الحرم ويتاخر المصعد دوم يتأخر ومعطل فيه حشرات في اللوبي النت غير متوفر في الغرف إضاءة الغرف بسيطه جدا
Negative,الأسعار في إزدياد مستمر و الخدمة في نزول مستمر
Mixed,. كيف غياب أم يشتت أسرة بأكملها . سلاسة الرواية وأسلوب الكاتب هو مايشفع له بعد هذا النكد
Negative,ليس سئ
Negative,مخيب للأمل. قيمة السكن. من أ الى ي
Positive,الفندق ممتاز . كل شىقربه من الحرم. لا شى
Positive,اقامة ممتعة . الراحة.
Positive,إن المرء يدرك نفسه جيدا. هناك لحظة تمر بك تدرك بعدها إنك لم تعد كما كنت. هناك بصمة معينة لروحك. انت دون سواك تدرك متي تغيرت هذه البصمة
Negative,ضعيف. لا شي فيه اعجبني. الوزغ
Negative,كتاب سخيف. اقولها بضمير مستريح بسبب كميه الاستخفاف بعقل القارئ من ناحيه و من ناحيه تانيه المبالغات المبتذله بغرض لفت الانتباه. لكن الاسوا كان المعلومات المغلوطه .. و لولا معرفتي بها لاجزمت بامكانيه صحه باقي ما تم ذكره من مهاترات. لكن ما حدث كان العكس
Mixed,مرضي. . عدم توفر حوض سباحة وصالة العاب للاطفال
Mixed,مقبول. قريب من امارات مول. ازعاج اعمال الصيانه واعمال البناء الخارجيه
Negative,حين تكون النطاعة فى كتاب
Mixed,اللي شجعني اقراها محمد المنسي قنديل في ندوة حضرتها وقال ان احتضار قط عجوز كان هيمثلها عمر الشريف وشريهان وحملتها وقريتها. احتضار قط عجوز مملة في قرايتها. تاني قصة عن عليوة الذي فقد ساقه في الحرب وجاء تاجر الخردة ليساوم علي ثمن الدبابة والتي تمثل الحرب بالنسبة لعيوة. ثالث قصة عن الفتاة النقية البريئة التي تحمل في طياتها براءة وجمال مصر. استمتعت بقراءتهم. اعشق محمد المنسي قنديل
Mixed,مقبول. . يوجد نمل في المطبخ وفي غرف النوم
Mixed,حسن. . يوجد خيارات أفضل بكثير
Mixed,معظم الكتاب ما فهمتو هوا قاصد شنو او داير يصل لشنو بالضبط ..
Positive,"مميزاته: يقدم وجبات لذيذة. أكلهم حسب اختيارك إذا كنت تفضله بمزيد من التوابل تأكد انك ستندم نهاية الوجبة. يتسم بالنظافة في رأيي. أسعاره معقولة. المحاسب شخص لطيف ومرح جدا. مشكلته: الأكل يتأخر قليلا مما ينهي جميع السوالف . لديهم ويتر مزعج فعلا في قسم العوائل، يريد أن يختار لك الأكل بنفسه حتى لو لم توافق، ويظل يردد لك اسم الوجبة مرتين ثلاثة أربعة حتى ينفد الصبر منك ف تقتنع أو تقت .. :| . أتحدث عن فرع: شارع السليمانيه قبل بنك الرياض. بسيط ورائع .."
Negative,"وجدته كتابا مملا، والتكرار فيه شئ غير معقول.. المشكلة والمصيبة في مثل هذه الكتب ان الناس تربط حبها للكتاب بحبها للشيخ، فان انت كرهت الكتاب ، فقد كرهت الشيخ، وان كرهت الشيخ اخرجوك من الملة."
Positive,لم اشعر للحظه ان هيبا فقط راهب مصري .. بل كان هيبا هذا الإنسان الذي يبحث عن الحقيقة في ذاته ... كان أنا و انت وكل تائه في هذه الحياة .. عزازيل ليست فقط روايه بل هي طريق رسم للحريه و السلام ..
Positive,"أكثر من كتاب .. أكثر من حياة. الفهم التجديدي ، والاختصار الشمولي العميق ، واللغة السلسة الواضحة ، كل هذه المزايا تضع الكتاب موضع استحقاق القراءة أكثر من مرة .."
Positive,ممتاز للعائلة . رحابة الموظفين والهدوء طبعا القرب من مول الامارات والبوفيه الخاص بالفطور ممتاز عدا الشاهي والقهوة لم تناسبني لكنه لايذكر مع تنوع الفطور يوم هندي ويوم اسيوي شيء جميل. الشاهي والقهوة
Mixed,بسيط وممتع الى حد ما
Mixed,"اسا أنا الذي تمزعت قدماه، وهذا الذي تصفقون له ؟. يا حيف .. . أم سعد، فلسطين القويه. فلسطين الأم. فلسطين المهترئه .."
Positive,"جيد. السعر مقابل المكان ،. يوجد موظف مصري في الاستقبال تعامله لا يليق بالمكان"
Positive,لا أظن انني ساعود اليه بسبب عدم الراحة في السرير المرتبة كانت غير مريحة في غرفة . اعجبني بصراحة تجاوب عمال النظافة وخدمات الغرف وتعاون الموظفين كان جدا ممتاز واشكرهم على ذلك.لكنه جيد بالنسبة للسعر المقدم.. الغرف تحتاج اثاث افضل وخصوصا المراتب على السرير لم تكن مريحة يبدو انها اصبحت قديمة كذلك كراسي الجلسة في الغرف سيئة جدا.عدم وجود معدات قهوة وشاي في الغرف تعتبر سلبية.
Negative,أنا انتهيت من الكتاب وعندي بعض الملاحظات اولا ا سلوب عادي جدا وسطحي للغاية. ثانيا مش فاهمة اية لازمة كل الكلام الانجليزي اللي كله أخطاء إملائية ثالثا أنا شايفة أن حبكة الرواية ضعيفة جدا وأن الأحداث ملفقة نماما بصراحة انا شايفاه ان الكتاب سئ
Negative,غير راضي . لم يتوفر لي خيارات من قبل بوكينج. لايوجد مواقف سيارة
Positive,"صادم جدا، واقعي بشكل مفاجئ، لغة رشيقة و أسلوب راقي جدا، و تكنيك غير شائع بس ممتع. و أصوات متداخلة كتير من غير دوشة.. بقالي كتير مستمتعتش برواية كدة"
Positive,افضل فنادق الخبر . بصراحة النظافة .. وموظف ا ستقبال الفلبيني ران .. ودود جدا ومتساعد ... البوفيهات ممتازة .. نظافة الغرف .. الموقع. يوجد شطاف في دورة المياة ... ايضا المراتب تحتاج تغير
Mixed,نجمة مالتلاتة للغلاف. و نجمتين للرواية. واضح انها أول تجارب الكاتبة مالإسلوب. الرواية تقريبا ناقصها أحداث. عادة الروايات المصرية تبقى ممطوطة دي. مختصرة جدا. الفكرة ان دكتور ياخد بنت و يقعدها في شقته من. غير ما يفكر ف العواقب أكتر من كدا صعبة. و والد البنت كمان اللي قعد يدور عليها كان الطبيعي أول حاجة. تيجي في ذهنه انها تكون عند جاسر شيء بديهي يعني. غير كدا هي المفروض عندها فقدان شهية هيستيري فجأة كدا بقى. عندها نيكروفيليا و من غير تفاصيل ؟ . زي ما قلت الرواية محتاجة شوية أحداث و تفاصيل
Negative,رحلة ترفيه لدبي . .حوض السباحة .مساحة الغرفة جيدة.. .الاستقبال سيء .موقف السيارة ضيق جدا .التاخير الدائم من السيرفر .الحمام قديم جدا .وجبة البوفيهات كأنك في الصومال رديء جدا
Negative,لم أتممها .. لا أشكك في مصداقية الأحداث إلا أن هذا الكتاب لا يرتقي لمستوى لرواية أو أدب السجون في مقارنة دائمة مع الرائعة القوقعة ... لم أستسقي الروح و الحكمة إعتمدت كثيرا على توثيق الأحداث و جردتها من بعدها الوجودي
Positive,. كل شي جيد. لاشي
Positive,"استثنائي. هدوء المكان. الاطلالة على البحر. القرب من جسر البحرين ، تستطيع رؤيته من الفندق. مقابل هايبر لولو. مواقف سيارات واسعة.رااااااائع جداااااا.سأكرر الزيارة فيه بمشيئة الله.. لا شيء."
Mixed,جميل وهادئ ومميز . حمام السباحه وبعض المطاعم والغرف اثاث مناسب. موظفين الاستقبال غير لائقينواسلوب تعاملهم فاشلويجب ان يكون في تسهيلات للزبائن من ليالي مجانيه وغيره مثل بعض فنادقدبي
Negative,لم يعجبني الكتاب ابدا ولم يضف الا اليسير جدا الي
Positive,ملخص الكتاب برأيي. أنا عند حسن ظن عبدي بي فليظن بي ماشاء :
Mixed,الموقع ممتاز وسهل . دورات المياه سيئه عمال الصيانه غير مهيئين . اعجبني موظفوا الاستقبال وموظف المطعم. لم بعجبني دورات المياه وعمال الصيانه
Positive,"أول مرة أقرأ لمصطفى، أسلوبه راااااائع للغاية، توجد بعض الروايات الضعيفة ،ولا ألومه استقاها من مصادره.. حمسني اقرأ بقية مؤلفاته وأشاهد حلقاته، رحمة الله عليه"
Positive,الحمد لله علي كل حال . القرب من الحرم تعاون طاقم الفندق. المراتب غير مريحه الزحام علي المصاعد
Positive,الكتاب الوحيد الذي يتسحق كل هذا الضجيج.
Mixed,رواية جيدة تصلح لتمضية الوقت لا أكثر.. الرواية عبارة عن مجموعة قصصية لشخصيات الرواية و المدعوة جميعها لعيد ميلاد الفتاة سلمى في نيويورك.. نجح الكاتب في تصوير كل شخصية من الشخصيات من المتطرف للسلبي للعدواني للمتخاذل للمتوتر للدقيق المنظم و لكن الأسلوب التي تروي به كل شخصية حكايتها هو نفسه دائما.. و من الجدير بالذكر أن اسم الرواية ليس له علاقة بمحتواها.
Negative,اسواء تعامل تعاملته مع هذا الفندق . . لم يعجبني تعامل الاداره تم اتهامي بأني اكلت من الميني بار ملاحضه لم المس الميني بار ابدا وكذالك موظف صف السيارات كان خشن بالتعامل مع السياره حيث انه فتح باب سيارة اخرى على طرف سيارتي بقوه حيث انه طلاء السياره زال لايوجد احتارم من الموظفين العرب الذين يعملون بالفندق نفسه
Negative,ضعيف جدا. كلو قرف مايعجب حد. نصبب كبيررر غرفةة مافيها ايء مستلزمات الحمامم ووسخهه وبعيد الفندق عن الحرمم ومن غير الازعاج والمصريين وع قررف مانصح اي حد فيهه السرير حق اطفال مايطفيء ايء حد ابدا والله خساره فيه
Positive,كمية معلومات لا بأس بها عن جيفارا في سياق جميل جداا
Mixed,"الأسعار الفندق متوسط، جيد بما فيه الكفاية بالنسبة لي. الإفطار كان لا بأس به. رغم أن السعر الأجنبي كان بالنسبة لنا ما يبلغ . بات. ذهبت زوجتي في البداية وأخبروها أن التكلفة . بات، وعندما مشيت إلى هناك وقلت أنني كنت معها فإنهم أخبرونا أن السعر الأجنبي هو . . تايلاند مذهلة."
Negative,كم صفحة هذه الرواية؟ قراتها حتى صفحات ال ولم اجد لها تكملة فهل النهاية هي بذاك الزواج ورسالة يوسف ام يوجد لها تكملة؟ لغاية الان فريدة كانت اقل من عادية..لو تطرقت لامور غير الزواج واحلام اليقظة تلك لربما كانت غير عادية.. ادراكها لحقوقها وتمردها على التقاليد كانا اجمل ما في الرواية.
Negative,إغراق في السطحية. أو هكذا بدت لي.
Negative,سبحان من أعطاني القدرة على اكمال هذه المجموعة . الكتاب عبارة عن مجموعة قصصية تتناول مغامرات لطبيب نفسي مع علم الجريمة سجلها في مذكراته ثم تركها لجاره. ولم نفهم حتى الان لماذا ترك المذكرات لهذا الجار بالذات الذي لا تجمعه به اى صلة . اولا ما هي الكراسة الخشبية ؟؟ ولماذا كراسة المذكرات على حد قول الكاتب مترجمة ب . ثانيا اسلوب السرد لم اجده جيدا على الاطلاق وكان ظاهرا فيه للغاية محاولة التشبه باسلوب د. احمد خالد توفيق. وهو ما فشل فيه الكاتب فشلا ذريعا. كما كان الاسلوب يتسم بالكثير من التكلف والاصطناع ومحاولة ادعاء العمق. وعلى سبيل المثال لا الحصر جملة ولكن شعرت بتلك الغصة التي تلفعت بالحزن لحاله تلفعت . لا اعتقد ان تلفعت لفظ تلقائي طرأ على ذهن الكاتب بل هو تعمد وضعه لاضفاء عمقا وثقلا للاسلوب لكن يا سيدي ليس الاسلوب اللغوي الجيد هو في التصنع واستخدام كلمات ثقيلة وجمل مركبة بل البساطة هي الاصعب واكبر دليل على ذلك ان من اعمق الكتاب نجيب محفوظ وهو الذي يتمتع بأسلوب بسيط مرن يفهمه الجميع. العمق شيئ وتصنع العمق شيئا اخر. اتريد مثال اخر على هذا التصنع اقرأ هذه الفقرة. وقفت ارقب الباب في هدوء كان الجرس في هذه اللحظات يخيل لي وكأنه يشبه الصوت العميق لأجراس الكنيسة يدق بعمق غريب الحياة تطورت الان ويمكنك ان تسمع الموسيقى حينما يدق احدهم بابك ولكن ابدا لن نستطيع ان ننسى كل ما هو عميق كل ما هو قادم من الماضي الذكريات الجميلة . كل هذا لأن أحدهم قرع الجرس . وقس على ذلك كل الكتاب محاولات للتفلسف واصطناع عمق من لاشئ. وفي مواضع اخرى كثيرة ظهر ضعف السرد وغرابته انظر هذه الجمل. ولكن كان شبابي لا بأس به وانا اتجه نحو مطار القاهرة . اداة حادة لا تقل عن سكين . سأخرج خارج تلك الابواب . سبحان الله وانا من كنت اظن انك ستخرج داخلها. كما يقول علي ربيع انا بشوف العجب هنا والله : . كأنه يعيش في العصور الوسطى من الظلام . هل هناك عصور وسطى للظلام وعصور حديثةواخرى قديمة من الظلام انا اعلم انها تسمى العصور الوسطى المظلمة مثلا لكن العصور الوسطى من الظلام هذه جملة جديدة. وبالطبع اخطاء نحوية ولغوية كثيرة. ثالثا الاحداث بعضها عجيب و غير مبرر مثل الصعيدي الذي اتي من الاقصر ليتحدى الطبيب النفسي . رابعا الطبيب النفسي هنا كان كسوبر مان الذي ينظر الى الشخص ويسأله سؤالين فيحدد مرضه كاملا ويكتشف القاتل في خمس ثواني وهذا شيء عجيب لا يحدث حتى في الخارج مع افضل المتخصصين فكم من قتلة وسفاحين خدعوا الاطباء بأدعاء الجنون والمرض العقلي وحتى اكتشاف الاطباء للمرض النفسي لا يكون بهذه السرعة الرهيبة وحتى اكثر المسلسلات البوليسية مبالغة لا يحدث فيها ذلك. كما ان المرضى في الكتاب يتحدثون من اول وهلة للطبيب ويسردون كل المعلومات كالشريط المسف . ويعترفون بجرائمهم بمجرد اتهام الطبيب لهم حتى لو لم يملك اى دليل عليهم. هذا بخلاف الطريقة الساذجة التي يتحدث بها هذا الطبيب الى المرضي فيتوغل في نفوسهم بلا اى جهد
Positive,رواية ممتعة تختلف عن الروايات التقليدية أبدع غازي القصيبي رحمه الله فيها على أنها رواية لكنها تحتوي على كم لا بأس به من المعلومات ..
Negative,"لا أعلم من أين أبدأ الكلام لأصف عيوب هذه الرواية ، لعل بدايتها كانت بالنسبة لي عدد صفحاتها .. شعرت بأن الكاتبة تعمدت المماطلة على الرغم من أنه كان بامكانها أن تجعل الرواية أقصر من ذلك بكثير . بجانب ضعف المرآة المبالغ فيه في هذه الرواية والذي رأيته بعيدا عن الواقعية ، من بداية الرواية والبطل يخون البطلة وبعدها تعود له و كأن شيئا لم يكن . لم أشعر خلال قراءتي بأي عقدة أو أي حدث يجعلني أرغب بأكمال القراءة لفك حبكتها، على الرغم من أنني أكملت قراءتها راجيا أن أرى ما أتطلع إليه في النهاية ،. أنهت الكاتبة القصة بطريقة لا تشفي غل القارئ أبدا ، فعلى الرغم من كل ما فعله البطل بالبطلة انتهت وهي تجلس بجواره . لا أرى أي سبب مقنع بجعلني أرغب في قراءة الجزء الثاني من هذه الرواية .."
Negative,كتاب تقراه فى نص ساعه ... رحله اولى. بيحكى وصف للطبيعه الجبليه الصعبه الى فهمى هويد سافر ليها تقريبا عشان يصعب غلى القارىء . فى النص كميه الجهل والتعصب الدينى والغباء والتخلف الى عاشو فيه طالبان. على شويه ليه الغرب وحشين كده وبيضطهدو الاسلام. وعلى شويه جماعه طالبان مظلومه فى افتراءات عليها وده الكاتب معندهوش فيه دليل غير انه عايز يدافع عنهم وخلاص . والرحله التانيه. ولا حاجه هيهدو تمايل بوذا تقريبا . لو انته متعرفشى حاجه عن طالبان غير احداث سبتمبر هيوضح قدايه طالبان من اول ما مسكت الحكم ل فى طريق خالى العالم كله يضطهدها وشوه صوره الاسلام بتخلفهم
Mixed,"كنت أتمنى أن أعطيها خمسة نجوم ولكنني تعودت في كل كتاب أو رواية أقرؤها أن أحذف نجم أو اثنين إذا وجدت ما لا يليق بالكتاب مثل وجود مشاهد خارجة أو ألفاظ نابية. أما هذه المرة فهناك ما هو أشد وأخطر وهو التحدث عن الله جل جلاله على لسان بعض الشخصيات بما لا يليق...مهما كان السبب، كنت أتمنى لو خلا سياق وحوار الرواية الجميل الراقي من ذلك مهما قل. الأسلوب أكثر من رائع والحبكة شديدة الإحكام والترابط...باختصار رااااائعة"
Negative,"شيء جدا . مصاعد متوفرة. يوجد بعوض أو نامس بغرفة النوم ودورة المياة ،، دورة المياة ضيقة ،، المغسلة لا تصرف الماء ،، رائحة كريهة ،، غطاء السرير بطانية متمزقة ،، غرف ضيقة"
Negative,مخيب للأمل. ولاشي. الواي فاي و خدمة النزلاء سالب
Positive,"سنة هي رحلة د/مصطفي محمود من الشك للايمان. سنة غرقا وبحثا في الكتب وآلاف الليالي من التأمل والخلوة والتفكير في وجود الله ليكون هذا الكتاب في النهاية ردا واجابة شافيةعلي كل من في قلبه مثقال ذرة من شك،من خلال كلمات بسيطة عميقة واستدلال بأمثلة كثيرة ما تزيد الا ايمانا ويقينا بالله. الكتاب يتكون من فصول الله الجسد الروح العدل الأزلي لماذا العذاب؟ ماذا قالت لي الخلوة ؟ التوازن العظيم المسيخ الدجال . أكثر ما أعجبني :. فصل لماذا العذاب ؟ رده الشافي والكافي والاستدلال بالامثلة عن من يشكك في حكمة العذاب طالما أن الله محبة طالما أنه رحمن رحيم والخروج من هذا الفصل علي اقتناع تام ان عذابه سبحانه هو عين الرحمة والحب وايضا هو عين الحكمة والعدل. في الكثير من الفصول سوف يتغير طريقة تفكيرك ورؤيتك لاشياء كثيرة من حولك"
Positive,تجربة ربما لن تتكرر . النظافة جدا ممتازةموقع الفندق استراتيجي. المواقف خلفية وبعيدة وغير مضلله والخوف من السرقات فيهاالإفطار نوع واحد ولايوجد تنويع وكل مادخلت سألني انت مع اي دورة اول ماوصلت مالقيت حق الشناط واناديهم ومطنشين واضطريت انزلهم بنفسي من السيارةالواي فاي ضعيف وتقطيع متكررالحمام ضيق جدا خاصة مكان الكرسيسأعود في المرات القادمة إلى هوليداي إن كورنيش الخبر
Positive,ماذا أسمي ما قرأت..مذكرات..خواطر..فكر؟؟. في الحقيقة مش عارفة أسميه. كتاب في منتهي الصدق اللي صعب تلاقيه عند كاتب. إحساس الضياع والاحباط والاكتئاب المسيطر عليه طول الوقت. أهدافه أكبر من انها تتحقق. لأنها ببساطة كلها مش أهداف شخصية. النصوص اللي في الكتاب نفسها ملخبطة. كأنك فتحت مخ واحد وبتشوفه بيفكر ازاي أو فتحت قلبه عشان تشوف احساسه. مفيش تسلسل في الأحداث المذكورة. هوا بيحكي اللي عاوز يحكيه عشان يستريح من الهم اللي شايله لوحده. من أكتر الأجزاء اللي عجبتني الجزء الأخير أو آخر كلام بعد سنة صاد ومؤلم جدا. مقتطفات أعجبتني. . كل ما أريده هو أن يكون لي ذاكرة لا تعرف الصفح أو النسيان.. ذاكرة لا تقبل العزاء.. مسئولية تغيير العالم تتحلل إلي تمرد عليه والتمرد ينفك إلي إحساس بالغربة والاغتراب.والغربة تقود إلي رصد الملل ومتابعة التكرار.. شعوري غدا... سيكون كشعوري اليوم... أكره أن أري..... تلك الشمس المسائية... الغاربة. عدت أعرف أن لعن الظلم. لا يجدي. مديح العدل لا يجدي. وخلع الشوك لا يكفي. وقول الشعر محض خيانة. مش مصدقة إنه بيتكلم عن ثورة يوليو مش يناير التاريخ بيعيد نفسه . لقد تم بسرعة تأميم كلمة الثورة دون أن تعيش حرة قوية في نفوس.لا أعرف كلمة أكثر قدرة قدرة علي إيقاظ نفس البشر من كلمة الثورة إنها تعني القدرة علي التغير والحماس ووضوح الهدف وامتلاك الوسائل للفعل والحرية في الإقدام عليه...ولكن سرعان ما تتحول الثورات إلي أنظمة و أجهزة و مصالح .. لست أسرد تاريخا.ولكني أتذكر أتذكر لكي أتتبع في نفسي جذور تلك الازدواجية المؤلمة التي عشت أعاني منها منذ ذلك التاريخ.. لقد كان النصر الكبير الذي بدا لنا أننا حققناه في ذلك الوقت هو البداية..بداية الفخ الذي حولني أنا إلي طل أجوف.. تعلمت كيف تتحول الثورة إلي نظام مشغول بحماية نفسه.حركة الواقع من حولي كانت تكشف لي أنه لا يتحرك سوي المصالح ولا يتقدم سوي الانتهازية.المعني الطاهر والكبير لكلمة الثورة كلماتها الكبري قضاياها...كانت تترك في أيدي وجوها صغيرة.لا أدري من أين كانت تخرج كأنها الأفاعي تلتف حول ساق شجرة الثورة الكبير.. في الفكر والأحلام كنت أشعر أنني أمتلك تلك الثورة وأنني صاحبها ولكن الممارسة في الواقع كانت تؤكد لي أن للثورة أصحاب آخرون...
Mixed,"يجمع هذا الكتاب بين القالب القصصي الممتع والمحتوى العلمي الرصين الموثق بالأرقام والتواريخ والوقائع. بين هاتين الصفتين يمضي مانغويل بقارئه نحو فضاءات الكتب والمكتبات. وهو إذ يفعل ذلك لا يسعى إلى وضع كتاب جديد حول تاريخ المكتبات في العالم تضاف إلى كتب كثيرة في هذا الصدد، وإنما ليكشف سر هذا الشغف بصفحات الكتب، والهوس بتجميعها وترتيبها ضمن رفوف على مدى سنوات وسنوات، ومن ثم، وقبل هذا وذاك، الكشف عن سر علاقة الإنسان بالكتاب، وبالقراءة تاليا، على الأقل من خلال تجربته الشخصية. وهو لا ينفي هذا الجانب الشخصي، فالكاتب والروائي الأرجنتيني، الذي ولد في بيونس آيرس وعاش في كندا ويقيم، حاليا، في فرنسا، ينطلق من مكتبته الخاصة التي شيدها فوق حظيرة ماشية تعود إلى القرن الخامس عشر، وتقع على تلة في قرية منسية في الجنوب الفرنسي."
Positive,شكرا لكم . استقبال الاستاذ تركي العتيبي جميل جدا. توقيت المطعم والافطار غير ملائم لمن يرغب بالتاخر في الاستيقاظ او جدول يومه يحتاج للراحه وتم معالجه الموضوع من قبل الموظفين واشكر لهم تعاونهم الرائع
Positive,جمال المكان . الاستقبال جيد جدآ.
Negative,"نجمتان للأسلوب الأدبي وللثلاثية التي صيغت من رؤى مختلفة: الأب، الأم، وأخيرا الابن. أما القصة فهي أشبه ما تكون بالمسلسلات الخليجية :/. بالإضافة إلى كمية من القرف الذي لا أعرف لم يصر الكثير من الكتاب العرب على إقحامه :/"
Negative,"كتاب أخذ أكبر من حجمه ، و هو كتابة محاضراته الصوتية ، مشابه لكتب تطوير الذات العربية و لاشيء جديد."
Negative,كتاب صعب للغاية
Negative,"الخدمة ضعيفة . . عند الاتصال على الاستقبال لا يتم الرد الابعد فترة طويلة. المأكولات البحرية التي تم طلبها الى الغرفة غير مطبوخه بشكل صحيح ولاتزال غير ناضجه. حمام السباحه داخل الغرفه غير مجهز بالدش الخاص للسباحه ، حيث يجب استخدام بيب الماء بالطريقة القديمة ولم اشعر بالراحه في الاستحمام. البلكونه غير نظيفة وفيها الكثير من الاتربه والغبار حيث لم نستطع الجلوس والاستمتاع بها حقيقة كنت اتوقع ان اجد هذا المكان افضل من ذلك حيث انه مطل على البحر ولكن حسب اقامتي فيه وتقييمي له فإنني لا انصح اي من اصدقائي للحضور والحجز في هذا الفندق"
Negative,اسوء مكان للاقامة . لاشيء لايمكن ان يكون هذا فندق . لا يوجد نظافة ولا قوانين تمنع التدخين المدخنين في كل مكان الغرف والحمام قذرة جدا لايوجد انترنت نهائيا في الفندق موظف الاستعلامات يكذب ويراوغ مرافق الفندق كلها سيئة
Positive,جزيرة آسيوية في قلب الخليج العربي . كل ما فيه جميل من مناضر و موقع من ابحر و الشاطئ و النظافه و الفلل الاكثر من رائع ولا يحتاج ان تسافر لجزر خارج البلاد و جزيرة زايا نوراي موجوده. الذي لم يعجبني انه بها مطعمين فقط و الثالث سيفتح قريبا واسعارهن مبالغ بها جدا
Positive,رائع. الهدوء. عدم وجود غلايه او غاز
Positive,جيد جدا. . التهويه بالنسبه لغرف المدخنين غير متوفره
Positive,كتاب مفيدو ممتع انصف المرأةو بين مكانتها بالاديان القديمة
Mixed,مقبول. الفندق هادئ ومريح نوعا مآ. المصاعد قليل في الفندق وبطيئه جدا ومزدحمه البوفيه في الفندق عادي جدا وغير ملائم بتنوع وجودة الطعام ولايصلح ان يكون بوفيه لفندق خمس نجوم مقارنة بفنادق السعوديه من نفس المستوى وكذلك كانت لي تجربه سيئه بوجبة العشاء حيث قدموا لي دجاج فاسد للأسف ....
Positive,مذهل وممتع . كل شي عجبني وانصح فيه بقوه. الحمام مافيه شطاف فقط
Positive,مناسب لولا البعد . نظيف ومرتب. بعده عن دبي مول وفي اخر شارع زايد
Mixed,نجمات ونصف أقرب إلى الثلاثة . اللغة جميلة جدا. اللهجة السودانية صعبة.. دي أكبر مشكلة
Positive,فندق جيد جدا لميزانيه قليله . قريب من شارع الرقه الذي يوجد فيه مطاعم ومحلات تسويق كثيره وقريب من مترو محطه الرقه ايضا. صغر حجم بركه السباحه
Mixed,رواية اماريتا ارض زيكولا . الرواية من النوع الفاتنازيا. الاحداث محبوكه و فعلا واضح تعب الكاتب في الروايه اكتر من الجزء الاول بس الجزء الاول مشوق جدا اكثر من ذلك طريقة السرد رائعة بحق ولاكن لا يوجد بها تشويق كبير او اثارة مثل الجزء الاول ولاكن الحبكة الدرامية واعطاء كل شخص نصيبه من الكلام كان اكثر من رائع ولاكن ما لم يعجبنى بالرواية الدوافع الشخصية الخاص بكل شخص بالرواية لم يكن هناك دافع كبير بحق بما فيه الكفاية ليفعل ما فعله ولاكن تشعر بمقولة المخرج عايز كدة هنا بالظبط الكاتب عايز كدة بالتوفيق فعلا فى الرواية القادمة وانا انتظهر على احمر من الجمر
Positive,استثنائي. خدمه الموظفين واستقبالهم وخاصة الموظف إقبال وسرعة إجراء الدخول والخروج وقربه من الأماكن الهامه والمطاعم والخدمات والسوبر ماركت.
Positive,استثنائي. مساحة الغرفه كبيره و موقع الفندق ممتاز وكذلك القيمه المالية الزهيده. اعزكم الله الشطاف الخاص بالمياه في الحمام
Mixed,الكتاب كله خدعة روائية مش منتشرة ويمكن ده سر شهرته .... بين طيات الرواية دى ذكر لتاريخ العنف والسطوة للكنيسة الارثوذوكسية من خلال رؤية الراهب المعذب هيبا .... هو من اروع ما كتب يوسف زيدان وان كانت شهادتى فيه مجروحة لحبى و تقديرى العظيم ليه :
Positive,كتاب جميل حكايات مسلية جدا. مجموعة مختارة من الحكايات المختلفه من كتب كتير من الأدب العربي القديم. و معد الكتاب احسن الاختيار بجد فاغلب الحكايات جميلة جدا فعلا و ممكن لو كنا قرانا الكتب دي بنفسنا كنا ملينا من قرائتها و موصلناش للحكايات الجميلة دي ابدا
Positive,فندقي بمكة الدائم . قهوة الاستقبال وتعامل الرسبشن. نظافه الحمام بالمراحيض لم تغسل من الداخل جيدا في الثنايا الداخليه للمرحاض
Mixed,الكاتب عرض وجهتي نظر متجردة قد لا تعجب الطرفين على الأرجح انو الاسرائيلي هو الشر المطلق والفلسطيني هو الضحية المطلقة
Negative,كتاب بسيط و سريع جدا. يحتوي على بعض الخواطر الجميلة و الصادقة
Positive,المتعة . العاملين والآمن وسرعة الاستجابة لجميع الخدمات القرب من مرينا مول و كذلك كارفرر وهذي ميزة تضاف للرحلة حيث يبعد كارفور حوالي دقيقتين مشي ومرينا مول خمس دقائق مشي و بدون تخطي اي شارع حيث ان الممر مخصص للمشاة وكذلك اعجبني العاملين في نوران وكذلك نوعية. لاشي
Mixed,فندق وسط . السرير معقول. مفتاح الباب لايعمل جيدا
Negative,غير مريح وغير نظيف حشرة العثة منتشرة في المكان كتبه استشاري تقويم الأسنان وعظام الفكين دكتور أحمد . فقط قرب الموقع من السوق. النظافة سيئة جدا مقارنة بالفنادق الأخرى و مزعج جدا بسبب قربه من الشاطي ولم استطع النوم مطلقا بسبب الازعاج اقيمه نجمة واحدة وكثير في حقه مع الشكر والتقدير
Negative,الاحداث غير متناصقه بالمرة اقصد التواريخ يعنى هى رجعت مصر من بيروت ورفعت قضية على نصر وكان رقم القضية لعام ازاى يعنى مش فاهم ؟؟؟؟. بعيدا عن ان الكتاب سرد احداث كثير منها حقيقى و اخر منافى للعقل و الواقع فالكتاب صور فترة من فترات حكم مصر ولكن تبقى الحقيقة مفقودة داخل حلقة مفرغة ؟؟؟؟؟. حاجة تانية اعتماد خورشيد ذكرت ان كل الرجالة كانوا هيموتوا عليها و صلاح بالذات كان ميت فى دابديبها ممكن اعرف على ايه حاجة . حاجة تناية احب اضيفها اذا كان صلاح نصر مات فمعظم العاملين بالاجهزة السيادية على مر العصور صلاح نصر وبداخل كل منا صلاح نصر صغير اذا توج بالمنصب الا من رحم ربى ودول مش كتير
Positive,ممتاز . كل شي اوكك و الحمدالله من فندق من استقبال وكل شي قريب منك. لا شي
Positive,"ولأننا في رمضان للأسف بمصاحبة هذا الكتاب لم أشرب سوى كوبا واحد من الشاي بالنعناع وقت السحور. رغم أن الكاتب يوصيك بشرب ما لا يقل عن خمس أكواب من الشاي بالنعناع أثناء قراءتك لمقالاته ويتصادف أنه من مشروباتي المفضلة المروقة للدماغ والمصاحبة للي أحب أسميه الإبداع. الكتاب عبارة عن مجموعة مقالات معظمها ساخرة، والكاتب مقسمهم لمقالات ما قبل الثورة وما بعد الثورة.. والبديهي أن مقالات ما قبل الثورة عجبتني أكتر، عدا مقالة من مقالات ما بعد الثورة وهي المكتوبة عن حجازي، أحد فنانين الكاريكاتير المفضلين عندي وعجبتني جدا وأحب أضمها للقسم اللي عجبني. بدأ الكتاب بالحديث عن مجموعة الأن نفتح الصندوق ودي ممكن نعتبرها كتبي المفضلة للدكتور. ميزة مقالات الدكتور أن كل مقال بتطلع منه بمعلومة مفيدة أو حاجة جديدة، ده غير أنه قدر يجمع بين موهبة القصص والمقالات، ساعات تلاقي شخص بيعرف يكتب قصص ومقالاته سخيفة، او بيكتب مقالات حلوة بس قصصه مملة، بس الدكتور متمرس في الاتنين.. الكتاب كان ممتع جدا، والسبب الوحيد اللي خلى جزئية ما بعد الثورة متعجبنيش، أنها معادتش واقعية، فبعد ما عدى سنين على الثورة معدتش مصدقة أن البلد دي كان فيها ثورة أصلا، بس ما علينا، ده ميمنعش أن الكتاب ممتع جدا"
Negative,"وجهة نظر عادية جدا لا يوجد ما يميز رأي يوسف زيدان عن أي شخص اخر مما أحبطني بعض الشيئ فسرده لأحداث الثورة لم يكن محايد و مقنعا بل كان به بعضا من السذاجة و قلة فقه واضحة في السياسة مما جعلني أعيد النظر في كتابات زيدان الأخرى ليس من الناحية اللغوية بل لأنني سبق و جعلت من كتبه مصدرا تاريخيا باعتباره ملما بالتاريخ و علومه لكن بعد قراءتي لهذا الكتاب اكتشفت أن زيدان يكتب التاريخ و الأحداث من وجهة نظر بسيطة،غير ناضجة و أنه ما زال مبهورا ، بأحداث لها أبعاد غير التي يراها هو و أنه ما زال يعتمد سياسة شيطنة الأشخاص لحد انكار انجازاتهم التاريخية بدلا من أن يشرح وجهات النظر المتضاربة ، لا أنصح بقراءة هذا الكتاب الا في حالة التوافق التام مع آراء الكاتب و الحاجة للغة أو مصدر لدعم هذه الرؤية....."
Positive,رائع. الفندق نظيف. السرير غير مريح
Negative,الكاتب فعلآ سايكو. مع احترامي
Positive,جيد. . المواقف بالخلف زحمة ورملي
Positive,"نجيب محفوظ تقريبا الكاتب الوحيد الى عنده القدره يتلاعب بالالفاظ و الكلامات ، قدرته على الوصف امر مفروغ منه بس الى شدنى فى الروايه فعلا ان لاول مره فى روايه لنجيب الشخصيه الشريره او السيئه لا تتم معاقبتها وتستمر حياتها عادى على عكمس معظم الروايات الى بتنتهى بان الجزاء من اصل العمل ، شخصيه حميده كافيه انها تقوم بيها الروايه لوحدها ، عيب الروايه كان تعدد الشخصيات الى معظمها كان ثانوى ، نجيب اتكلم عن الزقاق وافرض فى الشخصيات لانها كلها جزء منه بس كان فيه شخصيات هى محور الروايه والباقى اعتقد كان لملئ فراغات مش اكتر ، كان هيبقى افضل لو روايه ركزت على شخصيات قليله واهمهم حميده الى معظم روايه بتدور حوالياها فى الاصل ، اعتقد اكتر روايه لنجيب بين فيها الصفات السئيه والاستغلال الى فى المجتمع وان ناس كويسه او وتهجيتها بيدفعوا تمن طيبتهم او صفاء نيتهم بمعنى ادق وشيخ درويش من اعظم شخصيات نجيب على الاطلاق"
Negative,لا جديد. و لكن ممكن ان يكون محفز للشباب بان ينهضوا بأنفسهم و يبتعدوا عن السلبيه و الاتباعية.
Negative,غير مريحة . غير ملتزمين. الخدمات موقف السيارات
Positive,حقيقى حسيت بالندم انى ما قراتش الكتاب ده قبل كده احنا مشكلتنا فى مصر اننا ما بنتعلمش من التاريخ وحتى كمان لو كان قريب كنت متخوف جدا انى اقرا للدكتور فرج فودة بسبب كلامه عن بعض الاحكام الشرعية وفصل الدين عن الدولة وانا نفسى تبقى مصر دولة اسلامية دستورها القرءان بس قولت لازم اقرأ الكتاب يمكن اغير رأيى فى الكاتب وخصوصا ارتباط اسم الكتاب باللى بيحصل فى البلد دلوقتى .. اسلوبه بسيط سهل وغير ممل واجمل شىء انه بيحلل المشكلة تحليل وافى وبالدلائل اكتر حاجة اتعلمتها من الكتاب ده ان عمرى ما هساعد فى نشر اشاعة ولا هصدق حاجة عن حد الا لما اتحقق من الكلام ده بنفسى من غير ما اقول بيقولك :
Mixed,مرضي. الدخول سريع والاستقبال مميز. البركه موقعها ولا يوجد اهتمام بها
Mixed,مقبول. . السرير عبارة عن سريرين منفردين ومضمومين ك سرير واحد وهذا يجعل في حاجز في المنام ويؤذي النائم
Positive,خدمة ممتازة وطاقم عمل محترف الفندق خمس نجوم بالكامل من حيث النظافة وا لغرف وبرك السباحة خصوصا البركة المدفأة في الشتاء والبركة الرئيسية كبيرة ومميزة اطلالة الغرف بالاجمال رائعة ويوجد جاكوزي خارجي ومنطقة اطفال عب رائعة والطعام ممتاز طاقم العمل ودود جدا ويعمل باتقان ولباقة عالية الشكر للجميع اما بالنسبة سعار الطعام مرتفعة جدا والشاطئ جيد جدا ونظيف ولكن بحاجة الى تنسيق اكثر بالمجمل فندق رائع ويستحق الزيارة خصوصا لاستجمام
Positive,"ممتاز. ليست اول زياره لي ، لكنني لاحظت الفرق والتحسن كبير جدا هذه المره من طاقم العمل والخدمات وبالأخص الاخ فهد القحطاني من الاستقبال."
Negative,"حسنا،، ماذا الآن؟. ما هي الفكرة التي من المفترض أن تصل لي سوى الكآبة طبعا ؟ . آه بالمناسبة؛ وصفه جميل"
Mixed,كتاب خفيف ميزته الوحيدة أنك تسترجع معه بعض الذكريات التى مرت بك .. أسلوب الكاتب بسيط لدرجة السطحية أحيانا و لكنه الأسلوب المناسب لتلك النوعية من الكتب .. فى النهاية الكتاب ساخر فلا تتوقع منه قيمة فنية أو أدبية عالية و لكنه مثالى للتسلية
Mixed,مرضي. المكان. النظافه
Mixed,مكان نظيف جدا ينقصه بعض الأشياء . النظافة وطاقم الإستقبال والعمال مؤدبين وخدومين. وجود مصعد واحد صغير مما يسبب طول إنتظار المصعد. عدم وجود مواقف سيارات بشكل كافي وموقع الشقق مزدحم بشقق أخرى. إزعاج الشقه اللي جنبي يسولفون كأنهم جالسين معي لدرجة إني ما قدرت أنام لين هجدوا أطفالهم وناموا يا ليت يركبون عازل صوت
Mixed,مقبول . مقبول. مقبول
Mixed,و دائما ما يبقى لنا من ذكرى الصراع في أي زمان و مكان مرأى الدم و التضحيات و المنتصر الأخير و رغم تعدد أشكال الصراعات مع اختلاف الدول و الظروف و لكن ما يوحد بينها هو الثمن الدموي الذي يدفعه الكل و دائما و أبدا ما يكون الثمن غاليا جدا.. و السلام.
Positive,"رد ا شياء إلى عواملها ا ساسية، الاستغلال كمعول بناء/هدم للحضارة الغربية.. وطرح تساؤل أهم لإنقاذ الجميع هل من سبيل نحو عولمة بديلة ؟"
Negative,الروايه مأقنعتنيش ومعجبتنيش واسلوبها غريب مبقتش عارفه هي بتتكلم مصري ولا عربيه فصحى . اعتقد ان نور عبدالمجيد كانت عايزه توصف الثوره من وجهة نظرها ف عملت جو في الاول وجابت بقى سيرة الثوره بطريقه ممله جدا. بداية الروايه كانت شيقه جدا الحقيقه لحد ما حصلت المشكله بين مرزوق ومحمود. بصراحه .. ندمت اني اشتريت الروايه
Negative,الكاتب الجيد هو من يجيد تطوير ذاته و أدواته .. يبحث عن أبداع جديد و مختلف عن كل من سبقه .. يمتلك مخيلة أبداعية تدفعه لاختيار أفكار مميزة بعيدا عن النمطية و هو ما لم نجده فى العمل الحالى .. خيال فقير من الكاتبة يدفعها دوما لأختيار أفكار سوداوية شديدة الكآبة و النمطية .. أفكار مستهلكة تماما و تميمة واحدة تتشابه فى كل قصة تكتبها .. و أسلوب غير ناضج يدل على فقر الحصيلة اللغوية للكاتبة .. كنت أود أن أنصح الكاتبة بعدم التسرع فى نشر أعمالها لكن يبدو أن تلك النصيحة متأخرة
Positive,كنت انتظر رواية لغيوم ميسو منذ عام تقريبا. كان أملب منصبا عليه .. الأمل في أن يعيد جزء من شغفي إلي .. كنت أثق به كأنه شخص التقيته فما خيب ظني كمن التقيت بهم. عند بدء قرائتى للرواية وجدت أن بداية الأحداث تشبه فيلما شاهدته قبلا لكن لأنني أثق به كنت أعرف أن كل شئ سيتغير تماما وكان عند ظني به. عند كتابة تقييم لإحدى رواياته كل ما استطيع فعله أن أضع النجوم الخمس ثم تخونني الكلمات فأصمت وما ستختلف عادتي في هذه الرواية. جل ما أقدر على قوله شكرا غيوم .. شكرا وبشدة
Negative,"لو أن اسلوب الطاهر و بلاغته و فكرة القصة مع سيناريو و طريقة سرد اخرى لكانت رواية مكتملة الأركان، لا تقرؤوها :"
Positive,: . يعتبر من كتب تطوير الذات بشكل مختلف ... يحكي قصص أشخاص أسمائهم أناروا بعلمهم وجهدهم وبأصرارهم وبروح المثابره والعمل المستمر الحياه وسطرت أسمائهم من ذهب ..لم يلتفتوا إلى كلمات الفشل والأستهزاء والسخريه من الأخرين .. وخلف كل قصه هناك حكمة وفائدة تبعث في النفس حماس وطاقه أجابيه. تعلمت بأن العبقرية وحدها لاتصنع أحدا ولايوجد كلمة مستحيل في هذه الحياه. تعلمت الأصرار والعزيمة منهم ... .. : قراءة ممتعه
Positive,رحلة عائلية الى الخبر . المكان هادئ. المواقف قليلة
Negative,غير جيده ولا تستحق ان تعرض في موقع مثل سوق كي لا يخسر عملاء النظاراه ردئه الصنع وخامتها ضعيفه جدا وغير مطابقه في الموقع
Mixed,"كتاب جيد في موضوعه ، يجمع فيه الكتاب أشعارا وأمثالا من مختلف الثقافات من أجل التدليل على فصل معين يضعه.. تحدث الكاتب عن قيم ومواضيع كثيرة: كالحب والبغض والحسد والعقل والتواضع والصبر والجهل وعناوين كثيرة أخرى.. الكتاب ينفع لقراءته بين مدة وأخرى لتكوين حصيلة جيدة من الأبيات والمقولات التي يمكن الاستشهاد بها ، كما أنه تساعد المتحدث والخطيب في ذلك."
Negative,مخيب للأمل. أطلالاته وتصميم الفندق. النظافة وخدمة الواي فاي في الغرف ضعيفة
Mixed,"لغة جميلة، إلا أنه يمكنني رؤية الشبه الكبير بين أسلوب الكاتب وأسلوب أحلام مستغانمي."
Mixed,مرضي. جديد ونظيف وهادئقريب من مورنيش أبحر. بعيد جدا من الأسواق والبلد
Mixed,"لا شك أن نجاح آردوغان تمثل في اتباعه تعاليم الإسلام في حراك سياسي واضح المعالم فهو لم يسرق ولم يكذب ولك يعط وعودا واهمة بل كانت خططه واضحة للجميع قابلة للنقاش والنقد والتعديل، لكن ما ضمن له هذا النجاح هو تركيزه على العلمانية بالجهة المقابلة، فهو لم يضغط على أحد ولم يجبر أحد ولم يمسك العصى بل آثر بكل حب وتخطيط على ترسيخ فكره السياسي بما يرضى الجميع وبما فيه مصلحة لتركيا، فعمل على الأحياء الفقيرة وعلى أساسات قيام دولة بحدودها تعتمد ذاتيا على مواردها، كما ركز بشكل كبير على دور المرأة في العملية الإنتخابية ودورها في الحراك السياسي النشط رغم معارضة الكثيرين وبخاصة من حزبه نفسه.. إن كنت تحمل قلبا يحب الوطن ويسعى للنهوض به لن يدهشك هذا الكتاب ولن تدهشك تصرفات آردوغان، لكن الدهشة تكمن بوجود شخص كهذا في عالم مليئ بالأوبئة السياسية والتلوث المالي"
Negative,"غلطة ترفيهيه . لا شيء. عندما حجزت بهذا الفندق كانت أو غلطة لي بحياتي تعرفون لماذا، أول من دخلت الغرفة تفاجئت بغرفة أقل مساحة من صورة الغرفة التي حجزتها والاغرب ما في الأمر أنني قمت بالإتصال بالاستقبال فإذا بموظف عربي يخطرني بأنهم لا توجد لديهم غرف سوى واحدة بسير كبير فقلت له انا حجزت غرفة من سريرين لأننا نحن شباب وبعد مجادلته مدة عشر دقائق قال لي سوف يرى أن كانت هناك غرفة وبعد مرور ما يقارب ساعتين تم تغيير الغرفة ولكن للأسف الغرفة واسعة ولكن دورة المياه صغيرة جدا بالإضافة إلى شيء عجيب حصل معي خرجت اتمشى ولما رجعت الغرفة الساعة فجرا حاولت أن أفتح باب الغرفة بالبطاقة فإذا هي لا تفتح فنزل صاحبي للاستقبال فقام نفس الموظف العربي بشحن البطاقة ولما رجع حاولنا فتح الغرفة فلم تفتح فنزل مرة اخرى وقال الموظف ساتي معك لأرى فلما اتي حاول فتح الباب فلم يفتح وبعدها أخرج المستر كي وفتح الباب وقال لنا هل ستخرجون قلت له لماذا فقال لأن باين أن الباب به عطل وبعدها خلدنا إلى النوم وبعدها خرجنا في وقت الظهر من الفندق فياريتني لم اسكن فيه وشكرا"
Negative,ضعيف جدا. . سئ جدا والخدمه سيئه جدا
Positive,"أخيرا انهيته يا إلهي إني كسولة جدا .. بصراحة ليس كسلا لكني كنت قد أعتدت ان اقرأه وانا خارج المنزل لم لا أعرف .. لا استطيع اكمل صفحة وانا في البيت . صرت استغل وقت الإنتظار والطرق الطويلة في قراءته مما انهك كتفي فالكتاب كبير .. عموما ، الكتاب. مذهل. قلت أني أراهن ان علي الوردي سيكون من كتابي المفضلين ، واجزم الآن انه كذلك .. اكثر ما اعجبني في اسلوبه أنه منصف . منصف لحد يصعب صراحة ان نقرأ لأحد مثله. أقنعني في جوانب عدة ، واثار تشكيكي في امور ، واستفزني في آخرى .. افكاره ليست مسلمات الكثير انتقدوه لكني أجد كتابه مفيد. واجهت بعض الصعوبات في فهم بعض الأبحاث والمصطلحات العلمية. رغم أنه قد ذكر بأنه يسعرض أفكاره بأسلوب بسيط ليفهم عامة الناس مقصده ويحي يبدو أني دون المستوى الفكري لعامة الناس في ذلك الوقت . تكلم الكتاب في بدايته عن تأثير الأحلام في المجتمعات والعقائد وتفسيرهم لها. تكلم فيما بعد عن التنويم المغناطيسي والتنبؤات بما جاء في الأحلام وتفسيرها. الجميل انه ذكر آراء كثيرة في الأحلام وتفسيرها وكل مايتعلق فيها ، كان يؤيدها ويفندها بحجج منطقية .. ذكر قصصا قديمة وأحداثا جعلت من النظريات اكثر منطقية وحتى قصص امور لا زالت تحدث عندنا. من اهمها قصة أرسل وإلا ستموت ، تخيلوا عرفت من مبتدع هذه المهزلة. وحتى ذكر بعض القصص الشخصية له .. في آخر ورقة تقريبا جاء فصل الملاحق والذي بصراحة استمتعت فيه اكثر من كافة الكتاب ،. تكلم فيها عن العقل اللاواعي ، العبقرية والجنون ، الحاسة السادسة ، عن عبقرية الأحلام وذكر افكارا قال انه تكلم عنها في كتاب خوارق الاشعور مما جعلني اعده الكتاب الثاني الذي سأقره له .. الكتاب : ممتع وعميق . معقد وبسيط . سهل ممتنع ببساطة. كأول كتاب لعلي الوردي أقول انه لن يكون الأخير. وكوني قد احتجت وقتا طويلا لأنهيه فعذرا ربما افكاري تشوشت قليلا ، عازمة على قراءته مجددا متكاملا في جلسات قلائل .. أكرر : اعجبني فيه انصافه مدهش. أنصح الجميع بقرائته :"
Negative,لم تعجبني كثيرا فلم تقدم جديدا من حيث الفكرة ولم احب اسلوب الكتابة ... ينقصها شئ ....ربماالتفاعل بين الشخصيات لم يكن بالقدر الكافي لابراز تلك العلاقات الانسانية التي تحدث غنها الكاتب ..والوصف ايضا لهااحسست بنقصه لامن حيث كم الكلمات انما من حيث الكيفية ...مالم يعجبني استخدام الكاتب تارة للفصحى وتارة اخرى للعامية في نفس الحوار ...اجمالا الرواية رفعت من سقف طموحاتي عاليا في البداية ثم اسقطته ارضا بتوالي الاحداث
Positive,وحداني . موقع الفندق و الهدوء و قريب من الشاطئ. ضعف الواي فاي تاخير في استلام الفتاح عدم وجود مواقف لسيارات
Mixed,جاامده جدا و جميله خلصتها ف ساعات يوم بعد ما خلصت الثرمو وهقرا الجزء التااانى و ف انتظار الجزء التالت
Positive,جيد. . التعامل من بعض افراد الاستقبال لم يصل الى درجة الرقي فالشقق كانت جدا ممتازه لكن هذه النقطه ملاحظه قد تسيء الى الشقق
Mixed,لابأس . الموقع فقط. مساحة الغرف وارتفاع السقف ورائحة الغرف
Positive,وتظل مصر الام الغريبه التي تطرد اولادها بكل ما فيها من قوه وقهر وظلم وفساد لكن تظل ارواحهم معلقه بهم الي الابد ولو ذهبو لاخر العالم ولو نجحو ووضلو لكل شئ دائما شئ ناقص بداخل ارواحهم التي تخفت شئ فشئ .....الروايه ما هي الا نفوس حائره وخائمه ....مع انني شخصيا انوي الهجره الي خارج هذه البلد ورغم ما قراته المني بشكل خاص ولكنني مضطره علي السفر والهروب منها ومن قتلها لنا ببطئ اصبحت مستسلمه لكل من يقتل ابنائها وينهب خيراتها بلا حول ولا قوه .. عبقري عز الدين فيشر روايه تستحق الاحترام تسجل معاناه اشخاص لا نعرف عنهم شئ ...ولكننا اصبحنا الان نشعر بهم
Positive,اكثر من رائع . تعامل الموظفين جميعهم دون تحديد النظافه الهدوء انصح به للعوائل المحافظه والتي تبحث عن النظافه وحسن الاستقبال والهدوء. لا شيء
Positive,المرحوم رسالة اكتر منها رواية وضحت في اخر ورقاتمن الروايه. افعل حتى تعش الى الابد الافعال هي من تبقى
Positive,ممتاز. الإقامة في الفندق جيده جدا. الأحزمة النت ضعيف جدا
Negative,ضعيف. عادي جدا. الخدمة العملاء سيئة جدا لدرجة طلبهم رسوم اضافيه على الزوار كان معاي أصحاب وانا مسافر الساعة صباحا طلبو مني رسوم اضافيه على كل شخص
Positive,"ممتاز . الموقع ، والنظافة ، والاستقبال ممتاز وتعاون الموظفين يستحقون التقدير والاحترام فيصل الحربي."
Mixed,جيد جدا . نعم. لا يوجد
Positive,"لكم اندمجت مع هذه الرواية ، التي وصلت من الشعور غايته ... الرواية تستعرض أشكالا عدة للشقاء ، فالجوع والفقر والمرض والذل ، كلها طرق تتقاطع مع بعضها في نقطة واحدة هي الشقاء. رغم قسوة الأحداث التي تعيشها العائلة البئيسة ، إلا أن الأم تبقى تناضل وتكافح من أجل أن يحيا أطفالها ،. على عكس الأب تماما ، إذ أن لا مبالاته وعدم اهتمامه بأسرته كانتا صفتين استفزتاني كثيرا أثناء القراءة ... الأحداث مليئة بالحزن والحسرة ، فالأختين الكبيرتين أصبحتا خادمتين ، والمنزل بات في حضن الطبيعة تحت التينة ، والرزق انحصر في الدود والورق والسنابل ، والسخرة ، والكثير من الأحداث التي تتعرى أمامك لتظهر لك الحزن على حقيقته ... الرواية مؤثرة جدا ، وأحب ان أقرأها مرة أخرى .."
Positive,فندق جميل . الخدمات ممتازه مافي ازعاج تكييف هدئ نوم جميل. حجزت بمبلغ العرض الموجود داخل البوكنج واتم الحجز. لكن الشي الغريب حين وصولي للفندق اختلف السعر بغض النظر عن الضريبه ومايتبها حيث ان المبلغ زاد ب درهم للاسف لم يهمنا المبلغ ولكن اين المصداقيه؟
Mixed,"استمتعت بقراءة الكتاب جدا، بكيت كثيرا"
Positive,رائع. فندق رائع جدا مرتب نظيف هادئ.
Mixed,مرضي. مساحات كبيره.
Negative,خلال فصل من الرواية بمعنى صفحة بدت لي رواية اجتماعية وعادية عن فتاة اكتشفت أن والدها وابن عمتها تعاونا لتدمير حياتها مما أدى إلى التفريق بينها وبين زوجها. أما في الفصول التي تلتها من الفصل /وهي تمثل حوالي صفحة ظهرت حقائق كان بالإمكان استخدامها من بداية الأحداث في الرواية بصورة تجعلها أكثر إثارة.. أكثر خيالا .. والصور أكثر إيقاعا..حتى إن كانت الرواية بناء على أحداث حقيقية جاءت على لسان البطلة. عموما فكرة الرواية جميلة وإن كنت أتوقع أن تكون أعمق من ذلك. تكرار جملة القدر رجل غامض.. وتكرار روتين حياة البطلة مع صندوق والدتها إلخ .. كان مزعج بعض الشيء. سأتوقف هنا : .. نجمتين على الفكرة
Positive,اشعار عنيفه. لكن مميزه جدااا. اكثر من رائعه
Mixed,"في انتظارك، لا أستطيع انتظارك. لا أستطيع قراءة دوستويفسكي. ولا الاستماع إلي أم كلثوم أو ماريا كالاس. وغيرهما. في انتظارك تمشي العقارب في ساعة اليد نحو اليسار. إلي زمن لا مكان له"
Positive,"كتاب خفيف وممتع، يتحدث عن الأئمة الأربعة وعن الاختلاف بينهم. اقتباس لقصة أعجبتني:. يقول الربيع: مرض الشافعي فدخلت عليه فقلت: يا أبا عبدالله، قوى الله ضعفك. فقال: يا أبا محمد لو قوى الله ضعفي على قوتي أهلكني. قلت: ياأبا عبدالله، ما أردت إلا الخير. فقال: لو دعوت الله على لعلمت أنك لم ترد إلا الخير .. انظروا إلى سلامة صدر الشافعي ومدى حسن ظنه بالناس"
Positive,النباهة الفردية الأنا والنباهة الجماعية. الأولويات مهمة جدا في حياة الانسان. كتاب رائع
Mixed,كنت قرأت للكاتب قبل كدا واحد كمالة وموتني من الضحك. وده اللى شجعني أني اقرأ الكتاب ده. ده طبعاغير العنوان المسخرة اللى يلفت نظر اى حد للكتاب. والحقيقة الكتاب بيبان من عنوانه : . العنوان كان دمه خفيف والكتاب كمان. استمتاعي بالكتاب ده كان أقل شوية يمكن لأن فيه أجزاء كنت قريتها قبل كدا في واحد كمالة . وكمان مضحكتش اوى زى الكتاب الأول. لكن موضوعات الكتاب كانت كويسة ولذيذة. الحقيقة ان الكاتب ربنا منحه بخفة دم غير طبيعية ربنا يزيد ويبارك واللهم لا حسد واللى عطاك يعطينا :
Mixed,لا أشجع على تجربة السكن في هذا الفندق . الاستقبال جيد وخصوصا الأخ إبراهيم. خدمة نظافة الغرف سيئة وبدائية عدم تجاوب حاملي الحقائب في القدوم والمغادرة الوصول للموقع صعب ومزدحم جدا ولا يوجد سوى مسار واحد مشترك للذهب والعودة
Positive,جيد. لم. لم يوفق الفندق في الخدمات التالية: تم توفير سرير واحد لشخصين مع كان الاختيار سريرين منفصلين. لم يتم توفير مواقف للزبائن مما اضطررنا في ايقاف السيارة بطريقة خاطئة. توفير خدمة لم تكن سلسة حيث لم نتمكن من استخدام الخدمة.. توفير خدمة لم تكن سلسة حيث لم نتمكن من استخدام الخدمة.
Mixed,مقبول. . التكييف كان سيء جدا
Mixed,مقبول. الموقع فقط. استغلاليين جدا تلبية الخدمات ما تنفع .
Positive,يالله. شهداؤنا أرض الشهادة تناديهم.. رواية عميقة بعمق أسى احتلال فلسطين.. إبراهيم نصرالله فعلا عظيم.
Mixed,حوارات دارت وأيام مضت ولقاءات صحفية بطلها غازي القصيبي.. تستوقفني بعض عباراته وأطرب لها وأحيانا أعيد قراءتها والتفكير فيها.. يتطرق من خلالها عن الشاعر وشعره وعن بعض سيرته وشيء من هموم وقضايا عربية مسلطا المحاور الضوء على احتلال الكويت.. هذه الإستجوابات ثلثها الأول عن الشعر والأدب وثلثها الثاني عن الغزو واحتلال الكويت وثلثها الأخير عن ضيف اللقاء وشخصه بعيدا عن روتين العمل وهموم المسؤولية.
Mixed,حسن. الديكور والنظافة. اسعار مبالغ فيهابعيد عن وسط الرياضسوء تعامل موظفين إيقاف السياراتحيث يستقبل النزلاء بفجاجة ويردد عليك ستدفع ريال اذا لم تختم الكرت حتى لو أوقفت السيارة لخمس دقائقلا انصح فيه لان يوجد فنادق بوسط الرياض اقل سعر وأفخم وارقى في التعامل منهعلى سبيل المثال فندق المشرقلا انصح بهيحتاجون دورات تأهيلية
Mixed,"مرضي. اجراءات الدخول والخروج سريعة ،وممتازة للعوائل الكبيرة ، يوجد مواقف مظللة ، والذهاب من المواقف السفلية الى الغرفة بدون المرور من الاستقبال، يوجد سوبر ماركت وصيدلية ومطعم .قريب من القرية العالمية.. الفندق بعيد عن دبي والشارقة وتقريبا في شبه صحراء ، النظافة ليست جيدة ، لازم تهزأهم عشان يحطوا مناديل في الغرف وفرش الاسنان والشوز، وقارورة الماء في أول يوم فقط، هذه آخر زيارة للفندق ."
Positive,الفندق مناسب جدا. . أعجبني خدمة الباصات الموجودة مقابل الفندق. والمرونة في التعامل.. لم يعجبني حجم الغرف ومستوى دورات المياه لم يكن ع الشكل المطلوب. خدمة الغسيل لم تكن ملبية لاحتياجنا. الشراشف بحاجة للتجديد.
Negative,الكتاب مناسب لمناقشة ملحد في بداية عهده. ليجعله يتخبط بأفكاره كونه لم يأسس حجج بعد
Negative,الاحداث بطيئة جدا. الحوار ممل جدا جدا. الاسلوب معفن جدا جدا جدا
Negative,يحتاج لرقابه اكثر . الديكور والراحة. كل شيئ سيء ما عدا ما ذكرت من من مميزاتانصح به لمن يبحث عن مكان هادئ للنوم فقط
Positive,بداية لم أخل يوما أني سأنهي كتابا قرابة ال صفحة . خصوصا اني لست من القراء النهمين . لم أود إنهائه والله بت أقف مطولا عند كل صفحة : . تبغى أفضل كتاب للسيرة ؟ هذا هو. وفقت الكاتبة بذلك . استقراء للسيرة بشكل لطيف وميسر متبوع بتأملاتها حول كل حدث . لغة بسيطة وسلسة . عشت في ثنايا الكتاب مع الرسول وهو في حراء وهو يهاجر وهو يدعو الملوك . الرسول الأب الصديق الزوج المعلم الرسول الإنسان الذي يخطئ فهو بشر : صلى الله عليه وسلم .ليس مجرد سرد وإنما عبر ودروس لم تأخذ حقها من التأمل والدراسة . أنصح بإقتنائه نصيحة الكتاب لايفوت : . لو أردت أن أورد اقتباسات . لأقتبست الكتاب كله . أخذته من معرض الكتاب من دار الفكر : .
Mixed,الكتاب حلو و جميل و كل حاجة بس كمية التعميم و الذكورية اللي فيه مستفزة لأبعد المراحل
Positive,اقامه رائعه وبوفيه مميز . الفندق رائع وأقرب شي للحرم. بعض الازعاج الذي خارج عن إرادة الفندقمثل اصوات الحفر والدقاقات التي تعمل في توسعه المسجد الحرام مع بعض الجهات وفي بعض الغرف فقط
Mixed,مقبول. المطعموجود سيارات لانزال النزلاء لشارع اجياد. رغم قربه من الحرم حدث ازعاج بعد منتصف الليل من قبل مجموعة من النزلاء الاسيوين ولم يتوقف الازعاج الا بعد التحدث معهم شخصيا بعد ان استيقظ بعض النزلاء الموقع على راس جبل مما يصعب الوصول له . لاحظت وجود كيس في الممر به بقايا اكل ترك من بعد صلاة المغرب حتى الساعة العاشرة صباح يوم غد وعند ابلاغ موظف الاستقبال امجد عند المغادرة كان رده ان هذا مسئولية النظافة وان هناك كامرات تراقب ذلك مما يدل على اللامبالاة
Negative,"للاسف نجمة واحدة لأنه لا يوجد نجوم بالسالب هنا :. لا انصح بقراءتها اطلاقا، مضيعة للوقت على خيالات مراهق ساذج لا يعرف عن الكتابة شيء. الرواية مليئة بالاخطاء النحوية والاسلوبية ويبلغ حد ركاكتها ان تشعر وكأنك تقرأ لطالب ثانوي حتى أسماء الأماكن لم يهتم بمراجعتها مثل مدينة أزمير بتركيا يكتبها ازميد . والرواية ذاتها فكرتها خليط من روايات وافلام سابقة عليها وليس فيها جديد، النصف الاول منها مليء بحشو مشاهد ايروسية مبتذلة تنم عن خيالات مراهق مريض يستقي معلوماته من مواقع مشبوهة. لا أظن انها تستحق القراءة او اضاعة الوقت في تصفحها"
Positive,ممتازا جداا من اجمل الفنادق في دبي رمادا الخدمه المقدمه ممتازه جدا من حيث السكن والنظافه والاستقبال والمعامله وجميع العاملين بدون استثناء واشكر اختي بسمه في قسم الاستقبال علي الخدمه والخصم واشرك نتنا ولكم جزيل الشك
Positive,"عن الشيشان ومأساتها تتحدث الرواية ، عن ماتعرضوا له من تعذيب وعدوان ومجازل على يد الغاصبين الروس ... أحزنتني حقا تلك الأهوال التي مرت على رؤوس إخواننا هناك ،لكنني شعرت بالفخر لمايحمله أبناء تلك البلد من. الشجاعة والإيمان والثقة بالله والتمسك بدينه والدفاع عنه .... بلدان اسلامية عديدة على امتداد البسيطة لانعلم عنها وعن مأساتها شيء وظننا أننا العرب وحدنا من نحمل هم هذا الدين لكنني اكتشفت أننا الأكثر تقصيرا بحقه. رائعة هي ارواية بحق"
Positive,رحلة موفقة وجميلة . بعد الموقع عن الزحام والضوضاءاستجابة الموظفين السريعة وحسن الخلق الرائحة العطرة للغرف. عدم وجود قنوات إسلامية بتاتا كباقة قنوات المجد وكذلك الحرمين مكة والمدينة مباشر
Negative,لابأس . الديكور. الطاقم و الخدمات
Positive,. الحرف يصنع لذة لا تقاوم في قاموس نزار. حيث لا يوجد سوى المرأة كقضية حتمية له. يغزلها بدلال فائق حتى تنتهي بذكر أمه الهاربه من نقطة الحياة
Negative,ضعيف جدا. . استلمت الغرفه دون عمل تنظيف لها من الساكن الاول ووعدوني بتنظيف الغرفه ومليت من الانتظار ونمت لاني تعبان من العمره واخذو مئه ريال زياده لانهم يقولون مافيه غرفه سريرين تبغى ثلاثه اسره ادفع الفرق او انتظر لحين تفظى غرفه اخرى
Negative,"السعر مبالغ فيه جدا جدا ، و لا يستحق ربع المبلغ القهوة أقل من عادية ولا تليق بمقهى و الحلويات مجرد شكل بلا طعم جيد .. المكان جميل جدا الورد ، و الأثاث و ورق الجدران ، بالرغم من أن الإضاءة خافتة أكثر من اللازم، ثم كانت المفاجأة بعمل نادلات نساء سيء بكل المقاييس للأسف كنت متحمسة جدا له .."
Negative,فندق سي . لا شي. التكيف . النظافه . ازعاج الموظفين اثناء الخروج من الفندق
Positive,ميتين وستين صفحة في ساعتين من الضحك ضحك ضحك .. شكرا يا ضوكتور أحمد مش عارفين من غير سياتك كنا هنستحمل شيفت النسا وسنة الامتياز دي كلها علي بعضها ومصر كلها ازاي أصلا :
Mixed,مأساة بكل معنى الكلمة
Mixed,كتاب ممتع في بدايته ما أن تصل لنصفه حتى تجد أستهلاك. موضوع الأبداع بشكل ممل نوعا ما راقت لي الأجزاء الأخيرة أكثر
Mixed,حسن. الفندق عادي جدا. الميزه الوحيدة قريب من المطار..
Positive,استثنائي. تعامل راقي من موظفي الاستقبال وسرعة انهاء إجراءات الشيك ان والشيك اوت الميني بار مجاني ويتجدد يوميا وكذلك غسيل وكوي لقطعتي ملابس مجانا. مرتبة السرير غير مريحه لكن مرضيه وليست سيئه
Negative,انا الكتاب ده هرد عليه بسطر واحد وللرجال عليهن درجه ء
Mixed,جيد جدا مقابل القيمه الماديه . الغرفه مقابل القيمه الماليه جيده جدا. الستائر الموجوده فى الغرفه والقاعه الخارجيه لاتحجب الشمس وهذا ما ازعجنى كثيرا فى وقت الصباح حيث استيقظت بسبب الضوء الشديد داخل الغرفه
Positive,: .. اكدب ولا اقول الحقيقة : . بص يا سيدي .. الكتاب فعلا ليه هدف وبيحكي عصر ووقت في حياتك مؤثر وفي معاني كتير حلوة. بس ممكن تكون طريقتك في العرض مش موفقه حبتين : . بس يا معالي المخرج .. منتظر الكتاب التالي الأروع. استمر يا ثورجي
Negative,لا أعرف بماذا أبدأ... جذبني في البداية غلافها الدموي الغير المتقن وأنهيتها في يومين... من أكثر الروايات سذاجة التي قرأتها في حياتي.. شكلا وموضوعا.. الحصيلة اللغوية للكاتب قليلة جدا.. والحس الأدبي الفني شبه منعدم حتى أنني واجهت أحيانا بعض الصعوبة في فهم العبارة من فقر وسوء الصياغة... لم أشعر بالتميز في الرواية إلا في السذاجة.. بداية من قصة حاتم وداليا التي ذكرتني بالقصص الرومانسية القصيرة التافهة التي يسخر الجميع من عبطها والتي لم أصدق أن هناك من يكتبها بجدية ثم الرموز المتكررة الرتيبة مثل الدماء الساقطة من الدمية و الجو الرخيص ده . وبالنسبة للمقاطع التي يكررها الكاتب عند بعض المواقف ليذكرك بشخصية ما في معظم المرات كانت الشخصية معروفة من بداية الموقف بشكل واضح ولا تحتاج على الإطلاق إلى تذكرة... قد يكون الشيء الوحيد الذي تستحق الرواية عليه هذه النجمة هو عبارة مقطع من الرواية الأصلية والتي بالطبع لم أفهم كنهها وماهيتها إلا بعد ثلث الكتاب تقريبا... الرواية ساذجة بشكل لا يصدق ولا ترتقي أبدا لأدب التشويق والدموية الرفيع.. هذا إن صح أن نعتبرها عمل أدبي أصلا. هذا فقط
Mixed,مقبول. الموقع. الانترنتوجبه الافطار
Positive,"قرأت الرواية وأعجبتني جدا. أرى أنها رواية جمعت أكثر من عنصر. ففيها لغة رائعة جدا، وفيها يظهر المكان بلغة رشيقة. وفيها الفانتازيا التي أحبها جدا. وفيها رؤية جديدة للحب وعنه. رواية جميلة ومتعبة فهي تتنقل بك من عالم إلى عالم، إلى أن تصل إلى النهاية الصادمة سعيد بأني تعرفت على هذا الروائي خلا أول رواية أقرأها له."
Positive,وعاظ السلاطين هذا الكتاب يالهي لا ادري ماذا اقول عنه كتاب رائع جدا واسلوب كاتبة اروع تكلم في قضايا اجتماعية تعاني منها مجتمعاتنا ناهيك عن اسلوب علي الوردي في كتابته فالبنسبة لي لم اقراء كتابا بروعتة فهذا الكتاب قد فتح لي بابا في التاريخ قد اكون تغافلته او همشته فترة من الزمن جعلني انظر للتاريخ فكل ماكنت اعرفه من قبل عن التاريخ قد كان ملبوسا الى حدا ما. تكلم عن وعاظ السلاطين الذين يكثرون الوعظ على الناس ويشتدون فيه وينسون انفسهم وحكامهم. كتاب رائع لمن لم يقرائة فليسرع اليه ومن كان متردد في قراءته فليكسر التردد وليطير الى تصفح اوراقه
Negative,سأعطي هذه الرواية نجمتين فقط من اجل اللغة المتقنة القصة و الحبكة مملة تائهة توقعت الكثير من العنوان و الغلاف توقعت ان تأخذني الرواية الى عالم لكن كانت مملة بشكل رهيب
Positive,رائع. النظافة والراحة ووسع الاستديو. عدم استجابة عمال النظافة عند طلبهمالافطار غير متنوع
Mixed,من اجمل ما كتب كونديرا. رغم البداية الغامضة والقاسية احداثا وحياءا ....الا انك في الفصول الاخيرة تقف باعجاب لهذا الكاتب وحكمته وتحليلاته ....او كما اسماه مرصده وياله من مرصد بارع في كشف زوايا هذه الحياة مما يجعلنا نغفر له ولربما الوحيد هذا الخدش لحياءنا بما يرسمه من مشاهد هنا وهناك. الاقتباسات كثيرة كان اخرها:. التاريخ لا يقتصر فقط على قمم الحياة الماساوية بل هو يغمر ايضا كالمياه القذرة الحياة اليومية. كونديرا
Mixed,"تجربه واحده فقط ماراح تتكرر . بصراحه الفندق جميل وموقعه جدآ ممتاز والغرفه واسعه. نظافة الفندق ما مثل المتوقع ، والموظفين غير ودودين"
Negative,ضعيف جدا. . بعيد عن الحرم جدا
Positive,"الغباء السياسي محمد توفيق. احتوى الكتاب فصول ، حيث تناول الفصل الاول تاريخ الغباء السياسي منذ عهد الفراعنة إلى عهد الخديوي اسماعيل. أما الفصل الثاني ناقش الغباء السياسي ووصوله إلى ذروته حين يصل العسكريون إلى الحكم وتكلم أيضا عن كيفية وصول الغبي إلى الحكم ، كما تناول هذا الفصل النكتة السياسية ودورها في التعبير.. الفصل الثالث ناقش الغباء الأمني وعلاقته بالغباء السياسي وذكر عشرة أمراض للسلطة سببها الغباء السياسي.. أما الفصل الأخير تكلم فيه عن استثمار الغباء وكيف تتم صناعة الغبي ودور التعليم والإعلام في ذلك. من وجهة نظري تمنيت من الكاتب لو تأنى في نشر الكتاب حقا الموضوع مهم ويحتاج إلى دراسة أكثر ، فكان يمكن للكاتب أن يقدم الكثير في هذا الموضوع المهم"
Positive,رائع جدا . كل شئ ماعدا ألنت الواي فاي ضعيف. الواي فاي
Negative,لن اعود اليه . الافطار غير متنوع فقط يوجد اوبعة انواع تقريبا اضافة الى نوع كنب الجلسة في الصالة سيء جدا وقديم.
Positive,"فندق رائع وقريب جدا من الحرم . كل شي. المشكله الوحيده التي صادفتنا مع بوكنغ، إنه تم تأكيد الحجز ولكن. قبل. السفر بيومين وصلت رساله أن الفندق غير قادر على استلام المبلغ، اتصلت بالفندق وتعبنا كثيرا حتى اضطرينا ل عمل تحويل بنكي وأخذ من الجهد والوقت الكثير لأنهم ابلغونا أن الحجز سيلغى في نفس اليوم الذي وصلتنا الرساله من بوكنغ ، أي عندما تكون هناك اي اشكاليه نتمنى أن يكون قبل وقت كافي لإيجاد الحل."
Positive,"رحمك الله ، من لنا بعد رحيلكم ومن للغة والثقافة العربية بعد فقدكم . اللغة الرائعة من منابعها الصافية ، الأسلوب الممتع اللذيذ ، آثار الأساتذة الخالدين ... لا أقل من النجوم الخمسة بل زيادة"
Mixed,"رواية / العمى. للكاتب/ جوزيه ساراماغو. هل العمى هو فقد البصر أم البصيرة، وكيف يمكن لغياب حاسة واحدة من الأنسان أن تعيده ألف عصرا إلى الوراء إلى أعوام مظلمة و بدائية . وكيف للروح أن تظهر على حقيقتها و تعود لفطرتها الأولية حينما تغيب الأسباب التي تنظمها و يختفي القانون الذي يحميها . رواية خيالية و مذهلة، تصف بدقة ماذا يمكن أن يحدث عندما يعم الجهل البلدان والحضارات. وتثبت أن العمى ليس عمى الأعين فقط، أنما هو عمى العقول.. رواية ليست عادية ، فأنت ستعيش العمى بالفعل، فليس هناك فواصل بين الأحداث، مجرد سرد طويل ولا أسماء لشخصيات ، فحالة مثل سرد متقن كهذا، لا يستطيع الوصول له إلا قلم عبقري و فذ كجوزيه.. المدة التي أستغرقت فيها قراءة الكتاب : ثلاث أيام. المكان الذي أقتنيت منه الكتاب: معرض الكتاب في البحرين. العمر المناسب لقراءة الرواية: فما فوق. إقتباس أعجبني من الرواية : فالعمى هو أيضا أن تعيش في عالم انعدم فيه كل أمل . أن قسوة و طبيعة الظروف يمارسان تأثيرا واضحا على اللغة"
Mixed,في الواقع.. مظنش إنه العنوان يتلاءم بالتحديد مع مضمون الكتاب نفسه. لأن عنوان الكتاب أوحالي انه الكتاب بيتكلم عن مواقف حدثت مع الصديق رضي الله عنه والعقاد حللها تحليل مبسط عشان نعرف كيف كان يفكر الصديق.. بس الكتاب مش هيك بالتحديد.. هو صحيح تناول المواقف والدوافع وتحليل لليونته وشدته في المواقف بس مش تحليل للعبقرية أو العقل الا اذا اعتبرنا ان المشاعر وتوظيفها نوع من انواع العبقرية.. وبالرغم من ذالك فالكتاب بيكشفلك شخصية الصديق اللي أنا كنت مفكرة انه لين جدا. بس ايضا مواقفه الشديدة لا تحص وغضبه عل دينه وغيرته عل صديقه ونبيه الحبيب لن يأتي أحد بمثلها.. المفارقة والتوازي كما قال العقاد بين عمر والصديق عجيبة جدا ففي بعض المواقف تر الشديد عمر لينا واللين الصديق شديدا ولكن كلا الرجلين متفاهمين ويعرف أحدهما تفكير الآخر ومواطن قوته ولذا لم يتنازعا أبدا في المواقف الشديدة ولم يهاجما بعضهما لمجرد اختلاف الرأي وهنا تظهر تربية الأمين لصحبه عل المودة والتراحم والحب بل وكان الصديق يقول أن عمر أحب الناس إل قلبه ولكنه لام نفسه بعد ذالك لقوله ذاك فقد خاف أن يكون قد كذب فهو أقرب من أحب الناس إليه : .. مر الكاتب عل موقف الصديق حين ضرب ابنته عائشة لقولها لزوجها ونبيها اقصد يعني بمفهومنا اختصر . وفكرت في كم الكلمات التي تلقيها الزوجات اليوم وأمام والديها لزوجها وهما صامتان أو ربما من خلف الستار يشجعانها عل عقوقه ف لله دره ما أعظم تربيته لبناته.. كنت أمر مرور الكرام عل بعض الكلمات لأنني أحسستها زائدة أو ليست في مكانها وانتابني الملل الذي لم اكن اتوقع انه سيصيبني في كتاب كهذا فقط في صفحات عديدة .. وأخيرا ان كنت تجهل صفات الصديق ومواقف شدته ودهاءه وحبه لنبيه. فعليك ب عبقرية الصديق الذي أحب محمد النبي.
Positive,استثنائي. الفطور متنوع ولذيذ. الموقع مميز. الراحة في الفندق.. الاطلالة ماكانت نفس المطلوب. اصوات ازعاج في الممرات. والغرف المجاورة لابد من عمل عازل للصوت.
Mixed,أفكار وجودية مؤلمة تتجلى في أقصوصة على شكل رسائل يرسلها يعقوب إلى زوجته نرمين من المصح ليطلعها على أخباره وأحواله. يتحدث عن المرض الذي يصاب به يعقوب ألزهايمر والذي يرمز ل النسيان ومراحل المرض مع تقدم العمر والشيخوخة. كتاب رائع وسلس جدا يدفعك إلى التعاطف مع مرضى الألزهايمر لتعرف كم أنت محظوظ على صحتك.
Positive,سبق عقله ونظره الزمان والمكان كانه يتحدث بلسان المستقبل فى علاقة التيار الدينى بالسياسة الكتاب تجميع لبداية ابداع فرج فوده من مقالات واول كتاب له لكنه عميق كنت ابتسم عند اسقاطى الكتاب على فترة الثورة و خصوصا عندما تقراه بعد ما حدث للتيار الاسلامى فى مصر وتنبأ د فرج فوده رحمه الله بتاثير التيار الاسلامى الحاكم للسودان فى فقد جنوب السودان الان وقد سبق اصدار الكتاب الحدث ب سنة تقريبا. شكرا د فرج فوده ورحمك الله
Mixed,كان من الممكن الحصول على رعاية أفضل أقمنا هناك في الفترة من إلى كانون الأول عام . كان الموقع لا بأس به و الغرف كانت تنظف يوميا بمعدل معقول و لكن ربما كان الحمام و مرافقه في حاجة إلى اهتمام أكثر من ذلك. كان ينبغي علينا الخروج و شراء أدوات التنظيف الخاصة بنا و القيام بالتنظيف بأنفسنا. لقد كان مكان الطعام في الطابق العلوي الذي كنا نتناول فيه طعام الإفطار في حاجة إلى تنظيف جيد بالفعل و خصوصا مكان إعداد الشاي و القهوة الخاصة بنا. كان العاملون بالفترة الصباحية كسالى و غير متعاونين ناهيك عن موظف الاستقبال اللطيف و الذي يجعلك تفكر في مغادرة الفندق من أول يوم لملاحقته لك لكي تدفع ثمن الإفطار على الرغم من أنك قمت بذلك بالفعل من ضمن العرض الخاص بك. لقد ضقت ذرعا للغاية من مطالبتي بدفع أكثر مما هو مطلوب مني حتى أني كنت دائما أبحث عن طريق خلفي تجنبا للإزعاج. لقد كان من الممكن أن يكون فندقا لطيفا لكن للأسف هذا ما لم يحدث.
Positive,إقامة جيدة . تعاون الموظفين ممتاز. أسعار البو فيه خيالية
Mixed,الكتاب لذيذ و خفيف و يتحب ... عجبتني الدماغ و طريقة التفكير. : و زي ما قال ألبوم ساخر للمراهقين و هو فعلا مناسب للمرحلة دي و لغيرها
Mixed,مقبول. الحجم ضيق جدا.
Mixed,"ليتها كتبت بالفصحى ، أو باللهجة المصرية و لم تكون خليطا مزعجا من الاثنين . الرواية جميلة و أنصح بها المراهقات لأن هذا الأسلوب يؤثر بهن كثيرا في هذه المرحلة العمرية ، أمضيت معها ساعات جميلة . وفق الله الكاتبة . أتمنى أن تستفيد من أخطائها التي ذكرها الكثير و لا داعي لأعيد ذكرها هنا ."
Mixed,بعض الافكار اصبحت بديهيه و معروفة نتيجه لما حدث من ثورات جعلتنا اكثر وعيا بمسائل الاستبداد . لكنه ان تم تقييمه في أواخر القرن التاسع عشر و مقارنة لما كان عند الكواكبي من ادوات ووسائل لللإطلاع فذلك يعكس رؤية الكواكبي و وعيه بمسائل الاستعباد و دكتاتورية الحكام . و لذلك تزيد اهميه الكتاب و مدى الاستفاده منه كلما عدنا للوراء بالزمن. الكتابة سهلة يميل للأطاله احيانا في اشياء تبدو بديهيه و معروفه ربما لم تكن كذلك في عصره
Positive,ينصح به بشدة لمن يود القراءة بالتفصيل عن القضية للمرة الأولى
Positive,سإعيد النزول في الفندق مرة اخرى . الهدوء والراحة بشاشة العاملين من اداريين وعمالموقع الفندق وابتادة عن الزحمة وتفردة بموقع خاص فية واطلالتة على الخور. تم التعدي على ماكينة اعداد القهوة الخاصة بي واخذ الحلويات من غرفتي ولاكن تعويض الفندق لي كان ان نقلوني الي سويت بدل الغرفة ولاكن الطاقم بالاجمال كان بشوش ومتعاون عدا فقدان اطقم اكواب القهوة والحلويات من غرفتي
Mixed,حسن. طاقم الفندق والاستقبال.. ازعاج نظرا لاعمال البناء بجانب الشقق الفندقيه. عدم قيام عمال النظافه وتنظيف الغرف بواجبهم كما في السابق. مسؤول المسبح والمنقذ غير مهتم ولا يحضر اثناء السباحه علما انه يوجد اطفال وغير مبالي وكثير الانشغال بالموبايل.
Negative,"وحش جدا .. الكتاب عندي من سنة اصداره حاولت اقراه وقتها لكن مستحملتش وانا لسة ف اول كام صفحة و انهاردة بس بعد اكتر من سنتين اهو قولت أدوس على نفسي شوية ويمكن أوله بس اللي بايخ لكن فعلا الكتاب معجبنيش بالمرة ، في كتب بتتكتب بأسلوب ساخر و بتكون جميلة جداا انما الاسلوب بتاع الكتاب ده بالفعل مش حلو ، تافه حتى ك تسلية أو ضحك أو فصلان من مود الخنقة الكتاب مأداش الدور ده للأسف كنت متوقعة من محتواه يكون أحسن من كدة بكتير ."
Positive,اقامة مريحة في فندق نظيف وجديد . الفندق نظيف وجديد والطاقم ودود ويقع بالقرب من العديد من المجمعات والمحلات التجارية وقرب محطة برجمان للمترو والمطعم يوفر خيارات عديده من الأكلات..
Positive,جدا رائعه . انا من الزبان عندهم المستمر وشكرا لهم جزيلا رائعين جدا.
Positive,استرخاء . . لا توجد اي فعاليات في الفندق
Positive,؟؟؟؟ . هدؤ. نظافه
Negative,ونجمة كتير عليها كمان. الدكتور احمد غاوي فلسفة يكتب فيها مقالات هتبقي زي الفل. الرواية لو قطعتها شوية مقالات هتبقى ممتازة بجد. قدرة لغوية فائقة. تشبيهات مبتكرة. وصور بلاغية ملهاش حل. انما الرواية ليس لها اي علاقة بمسمى الرواية. قصص كلها مبتورة ومفيش حبكة لا في اولها ولا اخرها. اللي استفدته اني صدقت فعلا ان الدكتور احمد يساري ومعتنق مبدأ ان الدين افيون الشعوب. ودي اللي كنت رافضاه تماما. يعني طلع المتدين كافر بمبادئه في الاخر. والملحد هو اللي صح لأنه كان باحث عن الحقيقة. للاسف دكتور أحمد احترق ذاتيا بأسرع من دكتور نبيل فاروق : . وده آخر شيء ادفع فيه فلوس يحمل اسمه
Negative,"أحبطتني الرواية.. للكاتبة أسلوب شيق للغاية لكن الرواية فارغة تماما.. لا تستحق أكثر من نجمتين.. واحدة سلوبها الرشيق والآخري لشخصية ليلي الصحافية السعودية.. ربما لو كتبت الكاتبة عن تلك الشخصية بعمق أكثر، كان للرواية معني أفضل، إجمالا أفضل من أحببتك، لكن تبقى فى رأيي أدب للمراهقين لا يحوى عمق أو فكر."
Mixed,الكتاب مخيف. اتفق مع بعض أفكر محمد بن عبد الوهاب في محاربة فكرة التبرك و التوسط بين العبد و خالقه.. لكن الجرأة على الفتوة بتكفير و استحلال دماء المخالفين لفكر الرجل و الوارد كثير منها في الكتاب مرعبة بحق
Mixed,لقد كان قلمك حقا .... ولكن اسمحي لنا فإنه ألمنا وليس ألمك. لم أستطع أن أدرك سر هذا التعاطف العجيب على الرغم من أنني أحترم محاولتك للحياد
Negative,لا اصدق . ما هذا يا استاذنا
Mixed,كتاب طريف ظريف. حسيت انه اتكب على مراحل عمرية مختلفة يعنى فى بداية الكتاب بيحكى مجموعة من الطرفات للشباب الصغير والمراهقين لكن بفى الاخر تلاقى حكم والماظات للحياة بصفة عامة. اكتر جزء عجبنى بتاع المثل الاعلى واسمحلى اقتبس جزء عشان الجزء ده بيمسلنى قوى. اذا اخترت عمر دياب فالشهرة هى اهم اهدافك فى الحياة تعشق الاختلاف والتمرد وفى مشاعرك تكبر عندك لطشة الفن وحاسة التذوق الفنى عنيد ولا تتنازل عن زعامة شلة الاصدقاء قلبك رقيق ولكنك انفعالى وزعلك وحش. تحتاج لشخص يوجه الطاقة المتفجرة بداخلك الى مسارها الصحيح انت لا تؤمن بقوة المذاكرة ولكنك من المستحيل ان ترسب
Negative,سيئ جدا . لا شي. النظافة ليست جيدهالمكان له رائحه والاثاث غير حيدلا يوجد هاتفتعامل سيئالخدمه بطيئة
Negative,"فى بلاد الإجابات، الإجابات المعلبة التى اختزلت منذ مئات السنين، الإجابات الجاهزة لكل شئ، وعن كل شئ. فلا يبقى للناس إلا الإيمان بالإجابة، والكفر بالسؤال.."
Positive,زائر ابها . نظافة. دورات المياة صغيرة جدا
Positive,ممتاز. اعجبني موظف الاستقبال السباعي ممتز التعامل مع انصح من يذهب الي الفندق اتعامل معه. لاشي
Positive,رواية اكثر من رائعة. اذهلني قدرة الكاتب علي التصوير بالكلمات. والتصوير البليغ لشخصيات الرواية ببعض الحشرات والكائنات البحرية. تاثرت كثيرا باول كتابات عيسي عندما تكلم عن نفسه موجها كلماته الي المجتمع الكويتي. اعجبني تشبيه خوله لعيسي بالسمكه الصغيره التي تستطيع الحركه بحريه عبر الطاروف شبكة الصيد جدا. تعلمت الكثير عن الفلبين وكنت لا اعلم عنهم شئ اكثر من انها الدوله الاولي في تصدير الخدم المدرب جيدا
Positive,رائع. رائع وأكثر من رائع. اللوبي وباركن الفدق سيييييي جدا
Positive,"تحصل على ما تدفعه الناس الذين يعملون في فندق كيلاني رائعون، لديهم خيارات كبيرة من حيث الجولات، على سبيل المثال يمكنك مشاركة حافلة لأبو سمبل مقابل جنيه للشخص الواحد .. عرض رائع. أماكن الإقامة أساسية ونظيفة. أعتقد أنه يمكنهم تحسين المزيد فيما يتعلق بصيانة هذا الفندق، كطلاء الجدران، والحصول على أثاث أجمل، وتفاصيل صغيرة من شأنها أن تحسين هذا الفندق الصغير للشباب. غالبا عند وصولك إلى الاستقبال سوف تشتم رائحة سجائر رهيبة. يبدو أن التدخين في كل مكان شيئا ثقافيا ولكن يجب على الفندق أن يحترم حقيقة أن الكثير من نزلاءه لا يدخنون وأنه يمكن للمدخنين التدخين في الخارج. مستوى الحياة في مصر أرخص كثيرا مقارنة بأوروبا. تكلفة معظم المرافق في جميع أنحاء مصر نفس فندق صغير للشباب في أوروبا ولكنها ليست بنفس المعايير لذا كونوا مستعدين لذلك. اتخذنا خيار الغسيل واعتقدنا أنه مكلف قليلا بالنسبة للنتيجة، لوجود رائحة دخان في الملابس لذلك اعتقد أن استخدام هذه الخدمة لم يكن يستحق ذلك."
Negative,ضعيف جدا. موظفين الاستقبال الا يسوي لهم مشكله ويرفع صوته تمشي اموره تمام. ولاشي ماعجبني
Negative,"أشتريت الكتاب و لم استطع اكمال حتي ربعه. الكتاب مثل السراب بدون اي شيء لتغرس اسنانك به،. عبارة عن خواطر قصيرة لكي تذكرك ان لا تحزن و حتي هذا لم ينفعني. بل ان حزني زاد بعدما تبين انني اضعت مالي هذا ثقالة الورق هذه"
Positive,جيد. المنظر والخصوصية. النظافة
Negative,تجربة غير جيدة لكنها مفيدة . السعر مقبول جدادخلت الفندق صباحا وهذا جيد. الرائحة غير جيدةتعامل الاستقبال غير لطيفالعمالة تحتاج تدريبأكثر زواره من الجنسية الهنديةاسعارهم متفاوتة في الويكند
Mixed,المشكلة ان د.أحمد حرق كل التيمات ف الان نفتح الصندوق بقرأ و انا عارفة النهايات بس برضه مستمتعة كتاب خفيف و هاكمله للاخر : . يمكن لو ماكانش د. أحمد اللي كاتبه ماكنتش كملته :
Mixed,"لابأس ولكن لن اكررها . الشقه لم تكن نظيفه من ناحيه الغبار،وقد تم رمي اشياء خاصه فيني بدون إذن في سله المهملات ولم يقدم اعتذار او ماشابه. ازعجوني جدا بموضوع تسجيل الخروج من الفندق من اول يوم حجزت وهم يكررون تسجيل الخروج الساعه صباحا ، وان تأخرتم يجب الدفع ..المعامله لم تكن بذلك الرقي"
Mixed,"في الظاهر يبدو الكتاب موجها لجيل الأبناء، إلا أني وجدته أكثر من ذلك.. كما الرطيان دائما؛ يجذبك إلى نواحي وأفاق أبعد مما ترسمه الكلمات .. ورغم إعجابي وتقديري فقد أحسست أني قرأت كثيرا مما أحتواه الكتاب في ثنايا كتب أخرى تحمل توقيع الرطيان."
Mixed,مقبول. الموقع. ضعف الطاقمطلبتهم كواية ملابس لم يحضروها الا بعد اتصالات وبعد ما نزلت الى ا ستقبال للمطالبة بهاالمواقف ضيقةا ثاث قديم
Mixed,مرضي. النظافة معقوله .. بوفيه الفطار والسحور جيد .. تعامل الموظفين راقي .. طبعا حسب القيمة والوقت .. رمضان غير. الموقع لا يصلح لكبار السن فهو مرتفع ومتعب بالنسبة لهمالمفارش قديمة جدا رغم انها نظيفة بس مستهلكة بشكل غير مقبول .. ولو طلبت التغيير يغيرون لك ما عندهم مشكلة
Positive,يستحق الزيارة . اعجبني طريقة تعويضهم لي. بطء تجاوب الإدارة مع شكواي حتى رفعتها بالإيميل
Negative,ضعيف. . موظف الاستقبال
Negative,لم تعجبني الاقامه ابدا . لاشئ كل شئ رديئ ولا أنصح به ابدا. المغسله في الحمام كانت تمتلئ بالماء مجرد فتح البزلوز والحمام صغير جدا يحتاج الى صيانه كامله لاكنه مهمل الخزنه لم تستجيب معي لفتحها اضطررت الا اضع حاجاتي فيها غير نظيف التأخير عند التشك ان والتشك اوت للاسف
Negative,عدم توفر متحدثين باللغة العربية . لم يعجبني شي. لا يوجد احد يتحدث باللغة العربيه. عدم توفر غرف باطلاله على مناظر جميله . ارتفع سعر وجبت الافطار.
Negative,بالنسبة للاسلوب وطريقة السرد والحوار اكثر من رائع. بالنسبة للنهاية والقصة كمجمل حسيتها مش مقنعة. بس مع ذلك انت كاتب رائع
Positive,"أفراح الروح. أما عندما نعيش لغيرنا ، أي عندما نعيش لفكرة ، فإن الحياة تبدو طويلة عميقة ، تبدأ من حيث بدأت الإنسانية وتمتد بعد مفارقتنا لوجه هذه الأرض . فليست الحياة بعد السنين ، ولكنها بعدد المشاعر ، وما يسميه الواقعيون في هذه الحالة وهما هو في الواقع ، حقيقة أصح من كل حقائقهم لأن الحياة ليست شيئا آخر غير شعور الإنسان بالحياة . جرد أي إنسان من الشعور بحياته تجرده من الحياة ذاتها في معناها الحقيقي ومتى أحس الإنسان شعورا مضاعفا بحياته ، فقد عاش حياة مضاعفة فعلا. إن الرواد كانوا دائما . وسيكونون هم أصحاب الطاقات الروحية الفائقة هؤلاء هم الذين يحملون الشعلة المقدسة التي تنصهر في حرارتها كل ذرات المعارف ، وتنكشف في ضوئها طريق الرحلة ، مزودة بكل هذه الجزئيات قوية بهذا الزاد ، وهي تغذ السير نحو الهدف السامي البعيد .:. آمن أنت أولا بفكرتك آمن بها إلى حد الاعتقاد الحار عندئذ فقط يؤمن بها الآخرون وإلا فستبقى مجرد صياغة لفظية خالية من الروح والحياة ... لا حياة لفكرة لم تتقمص روح إنسان ، ولم تصبح كائنا حيا دب على وجه الأرض في صورة بشر .. كذلك لا وجود لشخص في هذا المجال لا تعمر قلبه فكرة يؤمن بها في حرارة وإخلاص . كل فكرة عاشت قد اقتاتت قلب إنسان أما الأفكار التي لم تطعم هذا الغذاء المقدس فقد ولدت ميتة ولم تدفع بالبشرية شبرا واحدا إلى الأمام .. أحيانا تصعب التفرقة بين الأخذ والعطاء، لأنهما يعطيان مدلولا واحدا في عالم الروح في كل مره أعطيت لقد أخذت، لست أعني أن أحدا قد أعطى لي شيئا، إنما أعني أنني أخذت نفس الذي أعطيت، لأن فرحتي بما أعطيت لم تكن أقل من فرحة الذين أخذوا.. لم أعد أفزع من الموت حتى لو جاء اللحظة لقد عملت بقدر ما كنت مستطيعا أن أعمل هناك أشياء كثيرة أود أن أعملها، لو مد لي في الحياة، ولكن الحسرة لن تأكل قلبي إذا لم أستطع؛ إن آخرين سوف يقومون بها، إنها لن تموت إذا كانت صالحة للبقاء، فأنا مطمئن إلى أن العناية التي تلحظ هذا الوجود لن تدع فكرة صالحة تموت . لم أعد أفزع من الموت حتى لو جاء اللحظة لقد حاولت أن أكون خيرا بقدر ما أستطيع، أما أخطائي وغلطاتي فأنا نادم عليها إني أكل أمرها إلى الله، وأرجو رحمته وعفوه، أما عقابه فلست قلقا من أجله، فأنا مطمئن إلى أنه عقاب حق، وجزاء عدل، وقد تعودت أن أحتمل تبعة أعمالي، خيرا كانت أو شرا... فليس يسوءني أن ألقى جزاء ما أخطأت حين يقوم الحساب ."
Mixed,ليس ممتعا .... . . رائحة الغرفة سيئة جدا وخدمة الغرف عادية جدا
Negative,السعر اعلى من مستواه . قربه من الحرم. حجزت سرير مزدوج واتفاجأ بسرير مفرد مددت نص يوم ودخل الغرفه العامل وانا نايم يحسب اني خارج ومامددت
Positive,روبين شارما .. التميز عنوانه من اكثر الأشخاص المؤثرة .. عند قراءة كتبه يعكس التفائل والايجابية على حياتي فهو يقول مادام لك عقل طبيعي فأنت شخص مميز من أبسط الأشياء يصنع التميز فالحياة أقصر من أن تعيش على هامشها عش حياتك بتميز بنجاح حاول وقم بتجارب لأن لاشي يفشل كنجال عليك بالقيادة من غير منصب رسمي كن جزء من الحل لاتكن جزء من المشكلة فالكبار ليسوا أكثر من أطفال تدهور حالهم فأنت لست صاحب مشروع ولكن أنت المشروع فنجن جميعا سنموت ولكن قليلين منا فقط هم من يعيشون بحق .. فغرس وتدا في الأرض لتميز مكانك تحت الشمس ... وعش حياتك بكلمات سحرية ومن أهمها شكرا ... شكرا روبين
Negative,مخيب للأمل. التأخير في الدخول الغرف صغيره جدا قريب من الحرم.
Positive,"فى قراءة أولى للعمل، أجده رائعا، متميزا، وسلسا بامتياز..سؤال الهوية المؤرق لابن ادم من ا زل والى ا بد هو ا طار العام الذى تندرج بداخله كل تفاصيل الرواية، ما أكتبه ا ن ليس تقييما بالمعنى المتعارف عليه، وانما هو، لظروف سفرى، مجرد إلماح سريع وموجز لروائى شاب ننتظر منه الكثير فى مقبل ا يام، والى رواية تستحق وبكل جدارة القراءة وا قتناء، بعيدا عن البوكر أو غيرها من الجوائز، عزيز سعود السنعوسى، لك تهنئتى الخالصة لمجهودك المشكور، وروايتك الجميلة حقا وصدقا، والحمد لله رب العالمين..."
Negative,روووووعة ورائعة بكل تفاصيلها تستحق القراءة .....
Positive,رحله ممتعه . الهدوء والتعامل من العاملين بالفندق. كل شيء الا الواي فاي
Positive,و من قال يوما أن العشق الصادق قابل للإنتهاء أو النسيان حتى وإن حكم عليه بالفراق ... بل قد يقوى و يشتد أذره من لوعة ذاك الفراق .. يظل يحيى على أحلام أجمل و أعذب من الواقع ..
Mixed,حسن. لاشيء ولا يوجد مواقف مجانا .. والصور غير المكان. موقع الفندق .. لا توجد مواقف .. حال الفندق
Mixed,مقبول. . لم يتم استرداد التأمين
Positive,ما. ابتنى. ا
Negative,اخيرا دلوقتي خلصت قراءة اول رواية في وكانت رواية نجيب محفوظ اولاد حارتنا.. كل اللي عايز اقوله عن الروايه ان وانا في سن المراهقة وبداية حبي للاطلاع والمعرفة ونهم القراءة كان في ناس كتير بتحذرني اقراها لان فيها كفر والحاد.. وكنت بسبب تديني السطحي وقتها بخاف اقراها وبعدين انشغلت عنها ونسيت قصتها والجدل اللي ثار حولها ومن قريب قررت اقراها وجبتها الطبعة الأصلية لدار الشروق وعشت معاها الايام اللي فاتت ومش عايز اكتب رأيي عنها بالتفصيل لان هقول دراسة مش رأي.. انما كل اللي اقدر اقوله ان الروايه مباشرة وواضحه قوي الرموز فيها وكنت بتوقع حاجات قبل ما اقراها زي مثلا ان قاسم يكون راعي غنم وان الجبلاوي يبعت له الخادم لا يكلمه ولا يشوفه.. باختصار زمان كنت بخاف اقرا الروايه لا يكون فيها اللي يأثر على قناعاتي او يصدمني في ثوابت.. لكن للاسف القدر يخليني اقراها دلوقتي واتصدم بسطحيتها وخلوها من اي عمق ولا ابداع ومليانه حشو وكبيره على الفاضي... ولو حد سألني لما من اول الروايه عرفت هو عايز يقول ايه ويوصل لايه ليه كملتها هقوله كنت بستنى يفاجئني ولا انكر ان اخر ورقه فيها تقريبا كانت الي حد ما كويسه بالنسبه لي مش عشان انا بقدس العلم وشايفه الخلاص الوحيد لمجتمعاتنا العربية المنكوبة بخرفاتها وصراعاتها وان الناس حولت الاديان لمخدر وعصايا سحرية تحل كل المشاكل في الدنيا والآخرة ومع ذلك شوهتها بافعالها انما عشان حسيت ان نجيب محفوظ لمس حاجه من الصراع الحقيقي بين العلم والدين في الفتره الاخيره بس في الاخر قال ان الدين اللي هو رمز اليه بجبلاوي والناس فهمت انه رمز لله وايا كان رأيي الشخصي في رمزية الجبلاوي المقصود بيها ايه.. انما انه في الاخر يقول ان العلم من غير دين تبقى حياة جحيم من غير ما يعطي لإثبات نظرته دي حقها في الاحداث فهو للاسف قفل الروايه بشكل كأنه بيقفل حدوته للاطفال.. اهم حاجه اني عايز اقول للناس اللي بتهاجم الكتاب الشباب دلوقتي على المباشرة والوضوح في الرمزية او الاسقاطات ان المفروض ان نجيب محفوظ نال نوبل بسبب الروايه دي تحديدا والمفروض كمان ان ارنست نال نوبل وجايزة بوليترز الامريكية عن رواية العجوز والبحر وكانت روايه ايضا واضحه ومباشرة ورغم أن اولاد حارتنا ل نجيب محفوظ لم تمتعني وشوفتها عادية لكن جايز في وقتها ماكنتش عادية وجايز غيري دلوقتي يشوفها عبقرية واهي اذواق بس سيبوا اللي يكتب يكتب وبطلوا هري.. واما بقى اللي لسه بيقولوا عليها كفر والحاد واللي عايزين يحجروا على كل صاحب رأي وقلم وفكر دول اقل من اني اوجه ليهم اي رسالة.. واللي يخاف من الكتابة وطرح افكاره بسبب الأشكال دي يبقى لا يستحق انه يمسك قلم ويوهم نفسه انه كاتب.
Negative,مخيب للأمل. . الغرف المحجوزة تتضمن أطفال و عند طلب سرير طفل لم تتم الاستجابة تم دفع مبلغ مقابل سرير إضافي مع التأكيد ان تكون الغرفتين المحجوزة متجاورتين و لم تتم الاستجابة و لم يتم الاستفادة من السرير الاضافي و لم يتم رد المبلغ الاضافي
Positive,جيد جدا. . النت بالغرف ضعيفعدم سرعة انهاء الاجراءات عند الدخول
Positive,"مشكلة الثقافة. رضي الله عن مالك بن نبي : . دائما ما تجذبني كتب علم النفس وعلم الاجتماع، بشدة : . وتتعبني كتابات مالك بن نبي لتشعبها ولكثرة ما يورد فيها من مصطلحات وأفكار، فببطل ألحق . لكني كنت دائما أحدث نفسي إن هذه الحواجز تزول بالاعتياد على أسلوب الكاتب ... في كتابه مشكلة الثقافة عالج أمورا كانت بالنسبة لي أسئلة ملحة باستمرار، ماذا تعني الثقافة، ما هيتها، أصلها ومستقبلها وثقافة المجتمعات وتعايش الثقافات المختلفة .... يجعل إدراكك لمجتمعك أكثر استقرارا وعمقا، ويجعلك تدرك بشكل أفضل : ماذا علي أن أفعل ؟ يجعل تدرك واجبك كفرد يضطلع بمهمة النهضة ... ويضع يده بشكل لا بأس به من الدقة على مكمن الخلل في ثقافة المجتمعات العربية وسبب تخلفها ... كنت دائما أعاني من مشكلة الرغبة في رؤية أبعاد الصورة، أود أن أراها بأكمل شكل ممكن، وكيف كانت سابقا، مالك بن نبي يجعلك ترى المنظر من جميع جوانبه، من أعلى وأسفل وعن اليمين والشمال ومن خلفك ومن بين يديك .. حتى إنه يريك ماضي الصورة، كيف كانت سابقا : . رضي الله عن مالك بن نبي : . شكرا له : . نجوم بالتأكيد"
Positive,إن النفس هى الموضوع وهى ميدان المعركة ومحل الإبتلاء والدنيا ورقة إمتحانها ومطلوب الدين هو الإرتقاء بهذة النفس والإرتفاع بها من شهوات البطن والفرج ومن شهوات الجمع والإكتناز من حمى الاستعراض والكبر والتفاخر ليكون لها معشوق أرقى هو القيم والكمالات ومعبود واحد هو جامع هذة الكمالات كلها .. ونحن فى كل مكان نجتمع ولا نتفق ونتصافح ويطوى كل واحد قلبه على ضغينة وقد أعلن كل واحد منا من نفسه دولة مستقلة ذات سيادة وأصبحنا نتصادم كل يوم بعدد الستة آلاف مليون فرد من ساكنى هذا الكوكب .. إن المادة والوفرة لم تقربنا بل فجرت فينا حب المصلحة حب الإكتناز والرغبة فى الجمع وفجرت ال أنا الوضيع النفس الأمارة الحيوانية الشهوانية التى ترغب بلا نهاية . وأصبح كل منا مجرد جوع لا يشبع .. وتحول هذا ال أنا الوضيع إلى جدار غليظ صفيق يفرقنا .. ولم يعد كل منا يسمع إلا نفسه .. وتحول الحوار إلى كلام من طرف واحد لأن الآخر لا يسمع .. كيف نعلو على هذا ال أنا ونتجاوزها إلى المرتقى الأعلى من نفوسنا .. هذة هى المشكلة؟. كيف نتخطى المصلحة الشخصية إلى القيم الأعلى والمثل الأشمل .. إن التدين الشكلى ... والإيمان باللسان .. والخلق المظهرى ليس حلا وإنما المطلوب هو إيمان تذوق وتشرب ومبادىء تمتزج بالشغاف وإعتناق يصل إلى نخاع العظم .. المطلوب تدين يصل إلى ذروة الأزمة الوجودية التى تغير صاحبها وتصهره لتخرج به من حيوانيته إلى إنسانيته .. ويبدو أن العالم كله صائر إلى هذة الأزمة الوجودية ومقبل على هذا المخاض المؤلم.. إن المرحلة الروحانية القادمة لن تولد إلا من خلال الفشل المادى .. والإسلام الحقيقى لن يولد من مجرد شكليات صورية مثل إطلاق اللحية أو تقصير الثوب وإنما من محنة عالمية وهائلة تصهر الناس فى أتون العذاب حتى تتطهر معادنهم وتذوب غشاواتهم وتتفتح بصائرهم .. وكل نسخة من نفوسنا خلقها الله كبصمة الأصبع خاصة جدا وشديدة الخصوصية وغير قابلة للتكرار وغير قابلة للعولمة .. فهى ذات ليس لها مثيل فى سرها وخصوصيتها .. وهى تلمع وتتألق كالجوهرة كلما حافظت على هذة الخصوصية ولم تذب لم تتعولم ولم تصبح مشاعا .. من الفقرات الأكثر من رائعة فى هذا الكتاب. رحمك الله د/ مصطفى محمود
Negative,للاسف لم يعجبني كثيرا بخلاف روايتي الطنطورية وفرج ولكني اكملته بالعافية. لم افهم غالبية التقارير إلا اخرها تقريبا. كانت مبهمة ومثل الطلاسم للاسف. اتمنى ان اقرأ ثلاثية غرناطة وقطعة من أوروبا قريبا
Negative,فين الروايه معلش . الحوار فين بردو فين الروايه اللي هنعشها فين صوت البحر و هو واقف قدامه مستني عشان ينتحر هي مجرد سيناريو لفيلم لكن لا يطلق عليها روايه معشتش اي احساس يذكر. فلسفه فارغه يمكن اسوء من هيبتا. علي رغم مش شهرة الروايه اللي خلتني اقرأها لمجرد اني افتكرت انها شئ محصلش الا انها مضيعه للوقت لا اكثر ولا اقل. حوار سخيف لحد كبير موضوع مش مهم نسبيا
Mixed,"تطور أسلوب الجندي كثيرا عن أسلوبه في مدينة الموتى والمرتد ، لم يكن العائد بالقوة التي حسبتها. يحسب لحسن الجندي قدرته على إقحامك في عالم الجان وكأنك تألفه ، إحاطتك بكل ما تحتاجه من مراجع واسماء واماكن واحداث تاريخية. أسلوب تجميع الخيوط المبعثرة كان موفقا فيه جدا ، في اخر مئة صفحة ترى تلاحم الاحداث جنبا الي جنب. امتلاكه للجانب الفكاهي كعادته أضفى روح المرح وسط الملحمة التي استمرت سنين. أهمل الجندي وصفه للشخصيات وجعلها مسطحه بطريقة جعلتني لا افهم لماذا يتصرفون هكذا ؟ بأي دافع ؟. فترى ردود افعال غريبة من اشخاص اغرب ، تظهر لاول مرة . لم تكن النهاية مشجعه ، ولم تكن المنتظرة حتى . أعجبني في الرواية أن أسلوبها سهل وبسيط ، يسرقك الوقت وانت تقرأ فتشعر بالإستمتاع وكأنك احد اعضاء الملحمة البشرية الجنية. أعجبني كم المعلومات التي اضفت الجدية على الرواية. ولكني توقعت أن يختمها الجندي أفضل من ذلك ."
Positive,. اكتر كتاب حبيته ومضايقه جدا انى خلصته
Negative,السعي الى تقديم الخدمة الأفضل . . النظافة سيئة /خدمة الغرف معدومة/ بعض موظفي الاستقبال سيئين جدا بالتعامل مع الزبائن /شراشف الاسرة والمناشف لم تبدل طيلة فترة الاقامة ومدتها خمسة ايام /عند الاتصال بالسنترال وطلب اي شيء لا يلبى الطلب حتى مع التكرار مرارا
Negative,سرد القصة ممل. جاهدت لإكمالها ولكن لم أستطع
Mixed,ثالث رواية أقرأها لنجيب محفوظ بعد أولاد حارتنا وملحمة الحرافيش.. البيئة المكانية والزمانية لزقاق المدق لا تختلف كثيرا عن الروايتين السابقتين والتي تميز في سرد أحداثها الروائي العالمي فأحداثها تدور في حارة مصرية تقليدية ابطالها فقراء دارت أحداثها في النصف الأول من القرن العشرين تحديدا إبان الحرب العالمية الثانية.. ما بين حميدة الفتاة المغرورة الساخطة على معيشتها وعباس الحلو حلاق الزقاق وعم كامل صانع البسبوسة والسيد رضوان الشيخ التقي والسيد سليم علوان الرجل الغني والمعلم كرشة صاحب القهوة وابنه حسين المتطوع في الجيش الإنجليزي وزيطة صانع العاهات وغيرهم تدور أحداث الرواية التي تعكس تفاصيل الحياة في أحياء مصر القديمة في تلك الفترة.. الرواية جيدة لكنها أقل كثيرا من رائعة أولاد حارتنا والحرافيش.
Negative,"باختصار شديد :. قصة عادية جدا ، تكررت روايتها على ألسنة أربعة شخصيات ، كل يحكي من زاويته. فيما عدا ذلك ، القصة شديدة السخف ولا متعة فيها. ويبدو أنها كتبت للنقاد وليس لجمهور الأدب"
Mixed,مرضي. الغرفة مطلة على برج خلفيةكما أن محطة المترو مقابل الفندق مباشرةتصميم ممرارات الغرف و تصميم دورة مياه الغرف جدا راقي. مدخل الفندق ليس مطل على الشارع و إنما في سكة بين بنياتان
Positive,أمان هدوء التزام . أسعار رخيصة مقارنة بباقي الفنادقسرعة الاستجابه عند الاتصال بهم وحل أي مشكلةواشكر جميع القائمين علي الفندقوأخص بالشكر الأستاذ علي الزهرانيلأنه من الشخصيات المحترمة جدا ويكفي سعيهم للمحافظة علي إرضاء العميل. بعيد عن الحرم وعدم توفر الباصات بشكل دائم الانترنت موجود فقط بالاستقبال
Negative,لن أحجز فيه مره أخرى . طرق الترفيه في الفندق متنوعه. . الفندق مزدحم جدا . المطاعم المتخصصة تكون بالحجر ودائما فل وإذا حصلت حجز يمكن الوقت مايناسبك. . الواي فاي ضعيف جدا
Mixed,اقامه مقبوله . السرير غير مريح. البعد عن الحرم عدم توفر المواقف الكافيه
Positive,فندق جميل . لقد اقمت في هذا الفندق للمره الثانية ومن اجمل الفنادق متوسطة الاسعار الفندق نظيف والموقع رائع والاطلاله على المارينا ولا اروع وكذلك مرافق الغرفة من جميع الادوات مكتمل ولم الاحظ اي مشكلة حيث ان اقامتي في هذا الفندق اكثر من ايام وتم تجربة جناح بغرفة واحدة وجناح بغرفتي نوم . وكذلك توفر المواقف بالقبو الخاص بالفندق .. لم يعجبني فكرت حجز مبلغ درهم من الفيزا وكذلك يقبلون كاش ولكن انا لا احب هذه الفكره حيث انها تسبب عدم المصداقيه لديهم من ناحية النزيل .
Negative,مش عارفة احكم عالرواية بشكل قاطع.الكاتبة حاولت تستخدم اسلوب وتشبيهات حلوة جدا فى اللغه العربية بس طبقتها عاللغه الانجليزية فالنتيجة كلام مفيهوش روح.الشخصيات نصف مبنية زى يحيى ودرويش .القصة جميلة من ناحية المعنى لكن تقديم المعنى دا طلع مش بالشكل الصح.بس يتحسب للكاتبة مجهودها فى الوصف ونقل مشاعر الاشخاص ومواقفهم بشكل الى حد ما كويس
Negative,"الفكرة جذابة لكن ممكن يكون جروب حقيقي علي فيس بوك. ونتواصل معاه.اما الرواية كانت غير موفقة في ا كشن ،والصراع بين حسن و لما و عاصم غير مبرر .ومزج العشق والغيرة بالحوار كان في غير محله.الفكرة بجد جميلة عاصم رمز للحياة و حسين مؤيد العكس؛ حسن واثق من رأيه و لما .لكن عدم رسم الشخصيات افقدنا التعايش ."
Positive,"اقامه جميله . المكان و قربه من الجي بي آر ، الواي فاي ، النظافه ، تعامل الريسيبشنيست ، المقهى ، سوبر ماركت و مغسله توصيل و قريبه ايضا ، خدمة الغرف ، وجود صراف. الفندق فل زحمة الريسيبشن وقت الدخول و الخروج وعدم وجود سيكيورتي منظم وقتها ..في البدايه سكنت في غرفه تختلف عن المواصفات المطلوبه بسبب تأخر السكان في عمل التشيك آوت لكن تم تغييرها بعد مطالباتي .. لوبي الفندق صغير"
Negative,لم يعجبني الكتاب ابد . احسسته مجرد صفصفه كلام بلا فائده منه. افكار مبعثره فقط وفيمه كميه مثاليه خارقه بالغ فيها الكتاب. للاسف انه حصل على ضجه اعلاميه كبيره لا يستحق. قيمته بنجمه لاني قرأته أما لو تقييم عادل فلا نجمه لهذا الكتاب بصراحه
Positive,استثنائي. أعجبني القرب من الحرم. صغر مساحة الغرفة عدم وجود واي فايضعف خدمات المطعم حيث لا يوجد به سوى بوفيه وسعر الشخص الواحد ريال
Mixed,ولأجل الرقة .. يستحق منا كل عناء. راقي ورقيق
Positive,اني احببت هذا المكان جدا . نعم كل شي جميل و ممتاز. اتمنى وجبة الافطار بدون ضرائب
Positive,جيد. الاستقبال النظافه موقع الفندق وجود مسبح السعر المقبول. الغرف صغيره نوعا ما ورائحه مجاري بالمواقف السفليه للفندق ولايوجد واي فاي مجاني
Negative,فى الرواية حسنة وحيدة هى النهاية. الرواية تشبة الى حد ما افلام المقاولات. لم تعجبني فكرة المحاضرة محاضرة عن الحب ساذجة جدا الفكرة. بعض الجملة كتبت لتكون عميقة وهى قمة فى السذاجة
Mixed,"البوم ساخر عن السينما فى سنة ،، ممتع جدا :"
Negative,أثر فيا كثيرا عندما قرأته لكن مع توالي الانتقادات للكاتبة ربما تغيرت النظرة كثيرا ومع الوعي العميق لأسلوب السرد البسيط جدا يمكننا القول بأنه للقراء المبتدئين
Negative,"هذه ليست اعترافات.. هي ليست سوى ذكريات حرب، تصور لنا هذه الرواية معاناتهم في الحرب وحجم الأسى .. كان الله في عون أمثالهم ."
Positive,حلوة جدا و شدتني اني اخلصها في مرة واحدة
Mixed,"إنها رواية تلامس جنبات الروح لتضيء لها شعاعا من نور .. جبران خليل قد اتخذ من مجموعة قصصه هذه ثورة في وجه التقاليد والعرف، وقد وقف وقفة حازمة في وجه الديانة المسيحية المشوهة وما يقوم به بعض الكهنة والقساوسة من أغلاط.. رأيت تشابها كبيرا بين الأفكار التي تبناها جبران خليل هنا وبين الربيع العربي الذي نعيشه وكأن ثمرة كتابه قد آتت أكلها بعد نصف قرن من الزمان.. كما أن الكتاب يزخر بالكثير الكثير من التعبيرات والتشبيهات الجميلة. مما أعجبني:. منذ البدء وظلام الليل يخيم على أرواحنا فأي متى يجيء الفجر؟ من الحبوس إلى الحبوس تنتقل أجسادناوالأجيال تمر بنا ساخرة فإلى متى نحتمل سخرية الأجيال؟ومن نير ثقيل إلى نير أثقل تذهب أعناقنا وأمم الأرض تنظر من بعيد ضاحكة منا فإلام نصبر على ضحك الأمم؟ ومن القيود إلى القيود تسير ركابنا فلا القيود تفنى ولا نحن ننقرض، فإلى متى نحيى؟"
Mixed,فندق جيد ولكن بمكانه اتطلع للأفضل . الجو العائلي المسابح تجديد الأوتيل الطاقم جيد بالاستقبالالموقع ممتازالصالون جيد جداالجيم رائع ملاعب التنس ممتازة ومتوفر مدربين. هناك طاقم نظافه ولكن غير مؤهل جيداالإزعاج من الكلوب و اشكال الناس السكرانهالاصانصير المستخدم للدور الثالث هو نفسه للنزلاء مما تشعر بعدم الأمانالمسافه من الحديقة للبحر مسافه طويله بالمشي بالجو الحار الرمل ساخن
Mixed,الاهداء. موقفه من آسف وشكرا. كلمة دار النشر. أسباب بهجة حقيقية . حبكة الرسائل دليل على قدرة متميزة للاخراج ... الأفكار ممكن تكون عادية بدرجة كبيرة لكن خرجت بصورة جيدة... قدرت ابتسم بالرغم من دراما بعض الرسائل. مجملا .. حلو :
Mixed,الكتاب حلو .. و القصه خفيفه بس الاحداث كتيره شويه و التفاصيل كتيره جدا
Positive,جيد جدا . التراس روعه بس اسعاره مبالغ فيها بعض الشي. الفطور مو شامل الاقامه رغم انه نجوم ومافي سباء ولا مساج
Positive,"أكثر من مجرد مجموعة قصصية فهي بمثابة تحليلات نفسية وتشريح لشخصيات القصص أو لواقع المجتمع ، حافلة بالاشارات والمعاني البعيدة التي. ... تجعلك تخرج بأكثر من قراءة للقصة الواحدة"
Mixed,لا انصح به . موقع الفندق الانظمة الذكيه بالغرفه و الاطلاله. مرتفع القيمه مقارنة بباقي الفنادق الراقية. الاثاث قديم ومتهالك حيث انه مقارب لاثاث فندق او نجوم . وجود روائح كريهه في الغرفة . بطىء اجرءات التشك ان
Negative,"أغلى فنادق الإقامة الشاملة التي نزلت فيها. احترسوا أولا، اعتذار للعاملين، بمن فيهم منظفي الغرف، وبعض العاملين في البار ومقدمي الطعام الذين بذلوا من الجهد ما يفوق الحد. الفندق مرقى لتقديم خدمة شاملة فائقة. لا تطلبوا الكحول هناك، فهو مخفف جدا ومقزز. نتيجة لهذا، دفعت مبالغ كثيرة إضافية مقابل الكحول. كذلك فإن صالة الطعام في حالة من الفوضى والصخب. والطعام والشراب يتم رفعه من على المنضدة قبل أن تنتهي منهما. وقد نوديت في ثلاث مناسبات بينما كنت أمر أمام مكتب الاستقبال ليتم تذكرتي بأنني أدين للفندق ببعض المال مقابل الغرفة. وهو أمر كنت أدركه جيدا بالفعل. وقد سددت مرة بدافع الحرج، لكنني سأترك التسوية النهائية لحين المغادرة. توقف تدفق الماء. تحول لونه إلى اللون البني القذر، وانقطعت الكهرباء. تم إصلاح العطل، لكن دون تقديم أي اعتذار. الواقع أن هذا حدث بصورة مفاجأة. هناك إزعاج العاملين حول المسبح لدفع نقود مقابل أشياء إضافية، الخ. ليست هناك مياه مجانية للشرب، فقط بمقدار كوب صغير. وقد نهرت لمحاولتي إعادة ملء زجاجة كبيرة مرة. كنت لأنتظر وجود ماء صالح للشرب في وجود ماء الصنبور البني اللون. رأي سلبي، لكنها أشياء من السهل جدا تداركها. هذا الفندق يمكن أن يكون فندقا رائعا، لكن ليس من أجلنا. لا يمكنني رؤية عودتنا إلى هذا الفندق."
Negative,"لم اجد ما دفعت لاجله . الموقع. الخدمةالاستقبال لا يعرفون الغرف واطلالتهاعدم الاهتمام ،لانشغالهم بكثرة النزلاءلم اجد المعايير التي حجزتها تم الاهتمام بما طلبت لأني طلبت المديرمقارنة بالفندق في ابوظبي وكوالالمبور اجد ان فرع دبي سيء"
Positive,فندق رائع . النظافة ولطف الطاقم.
Positive,رحلة جميلة والحمد لله . هذه المة الثالثة انزل في الفندق في السنة الماضية و هذه اول مرة هذا العام و ان شاء الله فساكررها .الفندق رغم انه نوم ممتاز جدا قريب من الروضة و الشباك في الغرفة غالبا مطل علي الوضة الشريفة و يوجد مطعم ممتاز بالفندق و اسعاره جميلة و وجباته جميلة و يوصلك الاكل للغرفةغرفة نظيفة و خدماتها ممتازة و لو بس يحطوا شويوة شاي وسكر مثل بعض م أعاني من ئفنادق في مكة نجوم يبق افضل وان كنت أعاني من ذلك لاني كانمعي الشاي حضرت هذه المرة بالسيارة ووممكن الركن في الشوارع حول الفندق بالضافة في موقف كبير مجاني في الشارع الرئيسي امام مجمع الجزيرةرحلة ميلة و الحمد لله وشكرا. عشان غيري فقط:ذهبت الساعة نصف بعد الظهر و قالي الموظف مش فبل الساعة و ستر ربنا كانمعي السيارة وضعت فيها الشنطة و ذهبت و نمت من التعب في المسجد النبوي حت صلاة العصر برجاء التنيه علي موعد محدد قبلها اذا كان هناك زحمة
Mixed,"حسنا دعونا نقول أن أحمد مراد من أهم روائيين في العالم العربي حاليا .. نعم وأقولها بملء فمي ، رغما عن مثقفين وسط البلد وكل وسط بلد في كل محافظة مصرية أو كل دولة عربية ترى من أحمد مراد مثال حي على اضمحلال الأدب في العالم العربي ... دعونا نقول أن أحمد مراد رواياته ليست مملة .. وليست مشوقة لدرجة كبيرة بحيث تختطفك من أول سطر حتى النهاية في رحلة لا تستفيق منها إلا على آخر سطر ... من لا يعترف بهذا فهو متقوقع داخل شلته على مقهى عتيق في وسط البلد لازال يتحدث عن ويليام فوكنر وميلان كونديرا والكائن الذي لاتحتمل خفته والرجل الذي حسب زوجته قبعة .. ولا يدري شيئا عن مقاييس الساحة الروائية في الوقت الحالي .. ... نعم يعاني أحمد مراد ضعفا في البناء ... شيئا سيصل إليه .. وأرى أنه سيصل إليه بسرعة كبيرة اسمه إحكام البنية الروائية ... مابين الفيل الأزرق ، ومابين .. حوالي عام واحد أو يزيد .. ولكن روائيا ربما اكتسب أحمد مراد نضجا يساوي خمس سنوات .. استطاع أحمد مراد أن يكسر الزهو الجماهيري داخله ويتفوق على نفسه ، واللجوء إلى موضوع بعيد كل البعد عن موضوع أو لا موضوع الفيل الأزرق ... نعم لازال طريق أحمد مراد إلى النضج طويلا .. ولكن أنا متأكد من أنه سيصل ... حسنا ... هذه الرواية ... رواية تتناول بشكل روائي بحت الأحداث المصاحبة لثورة بعيدا عن توثيق تسجيلي لا يمت للفن الروائي بصلة ... رواية تجعل من الشخصيات التاريخية .. وسائل لخدمة الخط الروائي . لا العكس ... ولكن .. كان من الممكن الحكي بأقل كلمات ممكنة بحيث اختصار ربع الرواية في حشو لا داعي له ... سار مراد بالخط الروائي واستطاع أن يربط مصائر الشخصيات ببعضها البعض ببراعة شديدة .. بحيث لم تكن هناك من شخصية زائدة على الأحداث ... لكن على سبيل اللغة كان لابد أن تكون اللغة أكثر انضباطا ، وأكثر مناسبة للعصر الذي تتناوله الراوية ... طبعا مشكور له ومحمود الجهد الرائع المبذول في محاولة الإلمام بشتى مفردات ذلك العصر .. إنما اللغة المحكي بها تلك المفردات كان لابد أن تكون أكثر انضباطا والتزاما بما تحكيه ... حسنا : ماذا عن النهاية ؟. إن غاية الرواية ليست أبدا مفاجأة القاريء .. إنما إبهاره ... أن تجعل نهايات الأبطال جميعها مأساوية .. فإن ذلك يتم عن طريق تهيئة القاريء لذلك لا مفاجأته ... كان من الممكن تقبل نهاية كتلك إن استطعت أن تسوق القاريء أن يسلم بأن ذاك أمور حتمية ولا مفر منها أبدا ... لكن أن تجعل الأمر منفرجا .. وسامحا ، لنهاية أقل مأساوية .. ثم وبكامل إرادتك تأبى إلا أن تجعلها ميلودرامية شديدة السواد ... ظنا منك بذلك أنك تفاجيء القاريء فهذا خلل عظيم ... إن المتلقي لا يريد منك أن تقلب الأمور على هواك . . بل على هوى الأبطال ... كان من الممكن أن يعيش الأبطال حياة أفضل فيما بعد .. ولكن ... تم إنهاء الرواية بشكل يصيب أي شخص يقرأها بالإحباط .. لأنه كان متوقعا شيئا عكس ذلك ... ولا تقول أن وظيفة الرواية تقديم غير المتوقع لأن ماعضد ذاك التوقع كان أحداثك أنت ومنحى سيرها ... لكن على أي حال .. ربما الالتزام بالوقائع الحقيقية أفضل. .. أعتقد أن تلك بداية موفقة لأحمد مراد ، بداية حقيقية .. وخطوة في طريق النضج والذي يقدر بألف ميل ... ولننسى قليلا مأساة الفيل الأزرق ... . ... أقرب إلى الثلاث نجوم نظرا للمجهود المبذول وأيضا للتشجيع على التجويد وإخراج الأفضل ... سأتغاضى عن الأجواء التي تشبه نادي السيارات .. والتي أعتقد أن أفضل منها .."
Negative,من ابشع ما قرات لاحمد خالد توفيق هل بسبب وقائع الرواية القاسية التي لا نراها الا في الافلام الامريكية عن نهاية العالم
Negative,غير مقبول . . الحشرات شيئ مزعج جدا يجب معالجة المشكلة
Positive,جيد. سكن ممتاز للعوائل طاقم العمل متعاون جدا وانصح به بشدة . وكذلك المطاعم قريبة جدا والسوبر ماركت .. احسب حسابك ان السعر غير مطابق للبوكينج لانهم يحسبون الرسوم والضرائب لحالها = اضافية على السعر اللي معروض
Positive,"رواية تستحق ما أثير حولها من ضجة ، غير أني لا أجد للكفر أو الألحاد سبيل بها ، فنعم بها إسقاط واضح و قوي عن الأنبياء ، أدم موسي عيسي محمد ، هذا لا شك بة ، لكن لا يعيب هذا الإسقاط شئ أنما ما أخذ علية هو تشبية الجبلاوي بالإله و هذا ما لم أستطتع أن أسقطة ، فالجبلاوي هنا كان رمز للدين و ليس للإلة ، مثلة مثل أولياء اللة الصالحين عند المتصوفة ، رمز ديني الكل يؤمن بة ، إسقاط للدين و ليس للإلة و قد ظهر هذا جليا في أخر فصل ، فقد كان عرفة رمز للعلم الذي كما نراة الأن في عصرنا هذا في مبارزة مع الدين ، و قد تخيل أنتصار العلم علي الدين و لكن لم يلبث أن أعترف العلم بالدين ألي أن قتل هو الأخر علي يد من لا يؤمن بهذا و لا ذاك ، أما عن الناس فهم يريدوا الحياة سواء في كنف العلم أو الدين يؤمنوا بأيهم و لكن يجب أن يؤمنوا ، فتجدهم بعد موت الجبلاوي ينتظرون حنش الدي سيأتي لينقذهم من الظلم ، فالناس دائما في أنتظار من يتحرك لهم خوفا منهم علي حياة لا يملكوا منها إلا الفتات ."
Negative,يا راجل حرام عليك...السرقة حرام و النقل ...معقول تجيب قصة سيدنا يوسف و من غير ما تضيف اي جديد و تكتبها و بعدين تقول انا كتبت رواية ...عيييييييب عيب اوي كمان
Mixed,حسن. . السرير غير مريح والغرفه التي بجانبك تسمع من بها
Positive,رائع جدا . جميع الخدمات متوفرة.
Negative,"كنت متحمسة كثييرا لقراءة هذه الرواية لكثرة المدح عليها صدقا ، و قد خاب ظني : . ما احببته فيها :. أدب فاطمة في الحديث مع سالم اليهودي و جمال كلماتها و محبتها للقراءة.. ما لم احبه :. بعض الكلمات السوقيه التي انصدمت منها حقا.. لم أحب ايضا كيف ان الكاتب حاول إظهار اليهود بمظهر حسن و المسلمين وكأنهم هم الوحوش . كيف ان شخصيات الرواية ماتت الواحدة تلو الأخرى و كأن الكاتب ليس لديه افكار جديدة ويريد التخلص منهم :/ لم أكن ساتعجب لو مات الحفيد ايضا وبقي الراوي مجهول .. اخيرا لم احب السرد في النهاية ، لقد اصبح مملا جدا :/ ."
Positive,كتاب جميل جدا .. مقال سهل بسيط واوقات عميق فى معناه بينقل من حاله لحاله . وفيه تشبيهات كتير جميله فعلا بتوصف الواقع ..حاولت اخد اقتباس لقيت انى هاخد كل الكتاب اقتباسات. جميل .
Negative,الرواية كانت لطيفة في بدايتها و قصة هيلا كانت جيدة الحبكة و لكن تبدأ الراوية بالنحار تدريجا مع قصة فريدة و في قصة بثينة نحس ان الكاتب يريد ان يفرغ مكنونه الفكري و اراءه حول تبدلات الحياة في سوريا و لكنه يفعل ذلك بزج الاراء و الافكار زجا في الرواية. لا اعلم ان كان ذلك متعمدا ام الكاتب استعجل في انهاء الرواية و لم يعطها وقتها الكافي لتنضج.
Positive,ممتعة و رائعة
Positive,فندق راق وغرف واسعه ومتصل بمجمع المملكه . سرعة الدخول والخروج ولباقة طاقم العمل وسرعتهم. ارتفاع السعر
Mixed,الرواية تناقش مصير العالم في المستقبل كيف سيكون تخيل الكاتب ان العالم سنقسم الى قسمين قسم يمتلكون الاموال وهم المستثمرون ورجال الاعمال والحكام هؤلاء يسكنون مدينة محاطة بأسوار من خارجها وحراس من قوات المارينز ويحفون بأنواع الملذات وسبل الترفيه لدرجة الملل .. نعم الملل من النعيم المقيم .. هذه المدينة تسمى يوتوبيا .. على الجانب الخارجي هناك الفقراء والمتسولين وآكلي لحوم الكلاب التي انقرضت في ذك الزمان .. وعلى الجانبين فساد مستشري يأكل عقول الطرفين من رزيلة وفحشاء وسوء أخلاق وكراهية متبادلة..
Mixed,مقبول. . حجزت رباعي ولكن الغرفة ثلاثية صغيرة مع سرير اضافي وقت الدخول غير مناسب حيث وصلت الساعة الفجر و الدخول الساعة العصر ولكن لم نعطى الغرفة الا الساعة المغرب
Mixed,طويل بعض الشيء .. لكنه غريب وجميل :
Mixed,كتاب بديع للمبتدئين.. اللي ما لقوا طريقهم قي القراءة لسه :
Positive,"ماذا نعرف عن فلسطين نحن كمسلمين؟. لا أظن أننا نعرف الكثير حقا. وهذا ماستكتشفه عند قراءتك للكتاب.. يتميز الكتاب بسلاسة الأسلوب، والصور المشوقة.. .. اللهم كن لأخواننا الفلسطينين"
Positive,جميل واقتصادي . جيد للنوم. لا شي
Positive,كتابي
Positive,جيد. موقعه ممتاز. لا يوجد نت بالغرفة إلا بمقابل عالي وبطيء
Positive,الكتاب ده اكتر من رائع من اول للاخر صفحة و انا مستمتعة بيها و بيحكى واقع حقيقى و خيال المؤلف رهيب
Positive,مكان جميل مكان على البحر فى منطقة المسبط والأكل فيه ممتاز والخدمة جيدة اجمل حاجة انك تأكل على البحر فى مكان جميل وموسيقى جميلة
Mixed,ياللأسى...حتى الوطن...بات مثلنا تماما...شيئا طارئا
Mixed,الكاتب عبقرى بلا شك. يسرع الاحداث فيتركك للحظة مثل الشخصية مذعورا لا تدري ما الذى حدث ثم تبدأ الأمور بالوضوح شيئا فشيئا من منظور الشخصيات الأخري فتري الحدث الجلل نفسه مرة أخري و لكن كأنه حدث جانبي ثم مرة أخري باللامبالاة ثم تراه بالرفض و تراه بالتأييد و تراه بالرفض فلا يترك لك منظور الا و قد الم به. و ايضا يجعل بعض الاحداث بطيئة فتظن انها لن تنتهى ابدا. و ايضا يحرك الشخصيات فى مسلك طبيعى لها فتحبها مرة و تكرهها مرة أخرى و تشتاق اليه مرة و تنبذه مرة و هكذا و اظن ان ذلك هو المسلك المنطقى فأن البطل لا يظل بطلا الى الأبد كما لا يولد بطلا و انما هى لحظات فى حياة الشخص او بالاحرى هى لحظات بطولة تمر فى حياة الشخص فلكل شخص ع قيد الحياة لحظات البطولة الخاص به. و قد دعم هذا المبدأ الكاتب بشكل رائع. و يربطهم ايضا بعزلتهم اللامتناهية. و ايضا يعطى المفهوم الحقيقى لمعنى العزلة. و النهاية رائعة و مفاجئة و تجعل كل الامور تبدو منطقية بحيث تجبرك الى استعادة كل احداث ال صفحة الماضية. اما عن الخلافات بين المحافظين و الليبرالين. فهى حقيقة اختلاف لمجرد الأختلاف فهم يختلفون ع الشخص القائم بالسلطة فقط اختلاف ظاهرى لا باطن له. اختلاف ورقى ترتسم معالمه بالحبر فقط و لكن ع ارض الواقع تكاد تراهم ع الجانبين و لا يفصل بينهم الا مرآة يرى كل منهم انعكاس لحقيقته الدموية و الانانية. ففى النهاية المحافظ هو من يهدم المعبد بينما الليبرالى يعيد بناءه. فلا هذا محافظا و لا هذا ليبراليا. كلاهما يخلافان ما يدعوا اليه. كلها مزاعم لا تزيد عن كونها حديث لا يعرف معناه احد تحركه الأنانية تارة و تحركة الأموال تارة أخرى و يحركه دائما الحاجة الى الاستبداد. فعندما تجد القائد الثوري و القائد المحافظ لا يوجد اى اختلاف بينهم ع الاطلاق كلا منهم يأمر بالقتل كلا منهم خائن يحارب من اجل نفسه قط. اما الكولونيل اوريليانو بونيديا. هذا الثورى الذى ضلت ثورته فضل معاها فتكاد لا تري هل هو خانها ام هى التى خانته فتركته صريع الالم. ام انها نصف ثورة فكان هو نصف ثائر و نصف غاضب فكان هذا جزاءه و عقابها. و لا اعلم حقا ما الذى اقعده و أفسده. هل افسدته الهزيمة تلو الاخري ففترت عزيمته و وهن وراءها. ام هزمته ثورته بنفسها التى ثارت من اجل لا شئ ام كان محافظا ليبراليا بل لم يكن محافظا و لا حتى ليبراليا. ام هو النتيجة الطبيعية للصراع بين الايدولوجيات بلا دين يحكمها فأنتهى هذا الصراع الدنيوى الى تمزيقه لاشلاء ثائر. ام هو انسان شجاع حكمت هليه شجاعته ان يعلنها ثورة ضد الظلم. عندما رأى تلك المرأة و لكنهم قيدوه تحت ظلال الايدولوجيات لمجرد ان يقيدوه و لكنه تمرد عليهم اجمعين. ام هو تائه أضحى ينظر الى الدم على يده و هو لا يعرف من اين جاءت و لماذا سالت و اين نهايتها. فلم يجد سبيل الى انهاء ما اعلن انه ثورة ضد النظام المحافظ و ليس النظام فهان و استكان و عندما استقيظ فكان قد فات الاوان المنتظر. هى شخصية تجدها انت في نفسك عندما تنعزل حتى و ان لم يكن بك شيئا منه. و يبقي خطأه انه اعلن نهاية ثورته فثار هو نفسه فمات و لماذا لم يترك احدا غيره ينهيها اهى الانانية ام شئ اخر لماذا لم تكلها لغيرك. فيكمل لماذا اعلنتها انت و انهيتها انت. اسمح لى ايها الكولونيل بدأت ثورى ضد الظلم و انتهي الامر بك الى مستبد مثلك مثلهم اخذت لقبهم العسكرى و اصبحت كولونيل و سمت الدائرة و انعزلت داخل امتارك الثلاثة. لماذا لم تعطها الى غيرك و هم كثير. انت مستبد مثلك مثلهم فاقد لمعنى التشاركية و سر الاشتراك و غابت عنك عقليتك العسكرية ان هناك غيرك فى هذا العالم يستحق ان تنتصر اماله. انت مستبد مثلك مثلهم فبئس ما انتهت اليه عزلتك ايها الكولونيل. خوسيه اركاديو الثانى. آه. هذا الاسم بغض النظر عن بداية المسار لتلك الشخصية و التحول المفاجئ الى الثورية. ف لا تدرى هل هى الدماء التى تجرى اما انه القدر. حقوق العمال عزيزى مهدرة منذ الابد. مهدرة منذ العزلة. مهدرة الى ان يأمر الله بالحق. مهدرة مادام استمرار تلك الازمنة. مهدرة مادام العامل لا يعرف ان الله اكبر و ان الرزق بيد الله وحده لا شريك له. و ان لا احد مهما بلغت قوته يتحكم بمصيره
Negative,معتقل البيلسان . ولا شي. اسوأ رحلة ترفيهية على الاطلاق.. لايوجد اي نشاط ترفيهيلايوجد مسبح وممنوع السباحة في البحر خدمة الغرف تتأخر كثيرا الثلاجة كانت لاتعمل الفندق غالي جدا واكتشفت انه بدون فطوور باختصار من اراد ان يحس باحساس السجن فليذهب هناك
Negative,موسم الابتذال استغلال للأدب واستخفاف بعقليه القارىء المفروض ان الكاتب بيحكي عن قصه صعوده من ثم اسبابالهجره الي الشمال الانسان العظيم مصطفى سعيد اللي بتتوقعه قصه صعود عظيمه بس للأسف في الاخر بتلاقي قصه مبتذله نابغه ذهب ليغزو العالم ب اللي بثبت الابتذال الغير مبرر في الروايه ان كل الشخصيات مابينهم قاسم مشترك والمحمور الرئيسي للروايه هي الجنس والاباحيه ثانيا الحاجه العريبه اللي ناقلها الكاتب عن المجتمع الريفي السوجاني هل بتتمحور حياته بالشكل جه حوالين الجنس هل هما متحررين بالشكل ده اللي يخلي كبار البلد رجال ونساء في اجتماعتهم محور حجيثهم هو الجنس واي حاجه تانيه تعتبر حديث ثانوي . حتى اسلوب الكاتب الادبي الممتاز لم يشفع
Positive,على الرغم أنه ما زادني إلا حيرة بس أعجبني
Positive,"ينقبض قلبك وينبسط .. نعم شعور ونقيضه تماما حينما تطل عليك غرناطة الأندلسية ... لاتعلم مادهاك لحظتها ، حزن ، شوق ، وربما مجدا لازال يخايلك بأمنية البقاء ، لم لم يبقي ؟ لو بقي ؟ تتنهد آآآآه مابقي .... فيتحايل عليك التاريخ ويصدق كثيرا في تعظيم سابق الأيام .. ترى الحاضر يباغته ، لاشيء يشبهه ؟ بلى يشبهه في مواقع ويختلف في أخر منها.. كيف ؟. حينما تراهم مستمسكين بعروة دينهم وعروبتهم قد تودي بهم إلى الموت بكل أشكاله .. يبطنون إسلامهم بغية العزة ، يفتخرون خفية باللغة العربية ، يعتزون بكل مظاهر عربيتهم ويعشقونها رغم كل مايمسهم من بطش القشتالية ناهيك عن أنهم مستنصرين مستعمدين ولكم ماعليه نحن الآن ... ستشعر بعبق الثقافة الأندلسية ، الزيتون ، الخزامى ، الحارات الضيقة ، الترابط والتكاتف ، الحب ، العلم ، امتهان الحرف ، والورد الدمشقي والكثير..... وكأن قطع من الشام نثرت هناك وشعرت بها وسرت في جسدي هنا . بطولات سطرها أبطال الرواية ستحبها بشغف وتبكيها بحرقة ، لن تنسى سليمة وسعد وابنتهما عائشة ، مريمة وحسن وبناتهم الأربعة وابنهم هشام ، نعيم ، عمر الشاطبي ، وعلي وما أدراك من علي ؟ .... . ستختلج روحك عند الرحيل وتمتعض وتغص وتسري القشعريرة في بدنك لتبكي بعدها بأشد الألم لأنك ترى التاريخ يعاد والأرض تغتصب والوطن يضيق وأبناؤه في حضرة الغياب وكنف الموت ... ببساطة تحمل الروعة بين طياتها ، فلا تتردد في أن تستلذ بمطالعتها بكل ماتملك روحك من إحساس... قد أنتقدها من ناحية واحدة فقط ، انتظرت تاريخا أكثر تفصيلا عن غرناطة وما التقيته ، ربما لأنها رواية تحكي التاريخ بشخوص أكثر من أنه تاريخ بحت ."
Negative,لم اقرأ بحياتى كتاب باسلوب اسوأ من هذا الكتاب. لا يوجد ترابط بين الفصول او حتى التسلسل الزمنى الواجب لأى سيرة ذاتية. الكتاب مسرد بطريقة مضبطة المجالس. لم استطع تكملة هذا الكتاب
Mixed,جميل ولكن . الإفطار الديكور. عدم التنظيم حيث تم دفع قيمة الإقامة مرة اخرى مع العلم انها مدفوعة مسبقا ثم تم إبلاغي ان هناك خطأ وتم دفع مبلغ تأمين وعندما طلبت قارورة ماء تم إعلامي بأنني لم ادفع مبلغ تأمين ثم تم إبلاغي ان هناك خطا
Negative,خاب الامل . . حجزت عن طريق الموقع وتفاجأت عند حضوري للفندق بعدم وجود غرف شاغرة واضطررت للبحث عن فندق اخر وتعبت في البحث والى يومك هذا وانا ادعي على الفندق واستقبال الفندق سيئ
Mixed,مقبول. الموقع جيد. الخدمة عادية جدا ولا تليق بالمستوى لفندق خمس نجوم.الافطار كان اقل من عادي ولا يحتوى أصناف متنوعة كباقي فنادق الخمس نجوم بالإضافة الى عدم الترتيب الواضح بالمكان.
Positive,كتاب رائع جدا و أجمل حاجة فيه انه جايب استشهادات من السنة النبوية
Negative,اسوى مكان نزلت فيه في سفري . لا شي. كل شي
Negative,"الكتاب مختارات من الأعمال الكاملة لسيوران انتقاها محمد على اليوسفي و هي ذوقه الخاص .. رغم أن سيوران يقول إن كل تعليق على كتاب هو سيء أو غير مجد، فكل ما لا يأتي مباشرة لا قيمة له .. فلا ينبغي الكتابة عن أحد أبدا .. لقد اقتنعت بجدوى هذه الفكرة إلى درجة أنني كلما ملت إلى فعل ذلك ، كانت فكرتي الأولى أن أهاجم الشخص الذي سأكتب عنه، حتى و إن كنت معجبا به ... يذكرني سيوران في عدميته بمصطفى السعيد بطل موسم الهجرة إلى الشمال للطيب صالح .. إمكانيات جبارة بددتها بقعة مظلمة في الروح. لهذا .. لم أحبه بإخلاص .. و لا أظنني أفعل . يقول سيوران : ماذا ينفع الإنسان إذا ربح العالم و خسر روحه ؟ .. أن يربح العالم و يخسر روحه أنا فعلت أفضل من ذلك : خسرت الاثنين معا . سوف تحل نهاية الإنسانية عندما يصير الجميع مثلي ... رغم عدميته التي صدرها للملايين إلا انه نفسه يعترف بانه لا أحد يستطيع أن يحب الحياة مثلي، و أن يحس في وقت واحد و بطريقة غير متقطعة تقريبا ، إحساسا بعدم الإنتماء و بالمنفى و التخلي : أنا مثل إنسان أكول يفقد شهية الأكل بسبب طول تفكيره في الجوع . يصلي في النهاية صلاة بائسة :. إلهي ، لما لا اميل إلى الصلاة ؟ لا أحد في العالم أقرب مني إليك و لا أبعد .. قليل من اليقين و قليل من العزاء .. هذا كل ما أطلب منك .. لكنك لا تستطيع الإجابة، لا تستطيع"
Mixed,"من الخارج تبدو رواية عادية لكن التعمق ولا سيما في المسألة الدينية و كيفية تواصله مع الله و تقصيه عن الديانات المختلفة جعلتها ممتعة . كل شيء يحدث بسبب و لسبب.. . اليد الواحدة لا تصفق ولكنها تصفع، والبعض ليس بحاجة إلى يد تصفق له بقدر حاجته إلى يد تصفعه ، لعله يستفيق . ليس المؤلم أن يكون للإنسان ثمنا بخس ، بل الألم ، كل الألم ، أن يكون للإنسان ثمن. . السعادة المفرطة كالحزن تماما، تضيق بها النفس إن لم نشارك بها أحدا. . الغياب شكل من أشكال الحضور، يغيب البعض وهم حاضرون في أذهاننا أكثر من وقت حضورهم في حياتنا . الأديان أعظم من معتنقيها.."
Negative,بصراحة هما النجمتين عشان فيه حاجات كتير فى القصة للاسف واقعية وبتحصل لكن القصة كانت محتاجة يكون لها ثقل اكتر من كده لان فيه برضه فيه احداث سطحية الى حد ما وغير منطقيه شوية. زى لما كانت بتحكى قصة حياتها بالتفصيل الممل واكيد دا مش حيحصل فى الموقف اللى هى فيه
Mixed,حسن. يوجد متسع لمواقف السيارات. النظافة لم تكن بالشكل المطلوب
Positive,جيد جدا. نظافة الفندق والمواقع جيد جدا. بعض الموظفين ليس لديهم معلومات كافيه عن الفندقتحويل المكالمات بدون إعلام الضيف عنهعند انهاء المكالمه لا يشكر الموظف الضيف. ولا يعرض عن خدمه أخرى
Positive,فندق موقعه متميز فعلا . الاستقبال وتعاملهم الإيجابي. لايوجد
Mixed,مقبول. لم افطر.
Positive,"إن أسوأ فكرة خطرت للإنسان : أن يكون بطلا في. الحرب ، و هناك ألف مكان آخر يمكن أن يكون فيها بطلا حقيقيا .. ولكن هذه الحرب فرضت علينا . و لم نخضها كي نصبح أبطالا ، بل خضناها. لكي نكون بشرا"
Mixed,تهت منه كتير في وسط الكلام الا اني بحب اسلوبه وعجبتني النهايه المفتوحه
Negative,"مخيب للآمال وقديم الأثاث مبتذل وغير مريح، يوجد مكيف هواء فقط في غرفة النوم الرئيسية التي فيها سرير مزدوج كان محصورا في مساحة حوالي سم بينه وبين منضدة الزينة للوصول إلى الجانب البعيد، الصالة وغرفة النوم الأخرى لم يكن بهما مكيف هواء أو مروحة سقف مما جعلهما غاية في السخونة. المناشف سميكة وملاءة السرير كانت مثل ورق السنفرة، السجاد كان متسخا وفرن المطبخ تمت إزالته. غير مسموح لك بجلب المياه إلى الفندق. الإفطار عبارة عن طعام تركي بسيط إضافة إلى كورنفليكس رخيص، وشرائح سجق مع زيت، وعصير برتقال مركز جدا، ولا يوجد ماء. الصور كانت متساقطة من على الجدار وكانت على الأرض. شاهدت قططا تتبول في المسبح ورذاذها يصل إلى الأسرة الشمسية. لا أستطيع الانتظار حتى المغادرة."
Negative,تقريبا من أسوأ الروايات اللي قرأتها أسلوبها ضعيف وصفها يكاد يكون مش موجود لا تحرك اي مشاعر في اي حد بيقراها في آلاف من الكتاب بيكتبوا أحسن من كده بكتير
Positive,ضيقة هي الدنيا .. ضيقة مراكبنا. للبحر وحده سنقول : كم كنا غرباء في أعراس المدينة .. تمنيت أن أعيش طويلا لأحبك أكثر ... ولكن الأقدار منحتني فرصة الشهادة قبلك ... لتكون أنت المطالب بحبي وبتحمل غيابي .. . ..............
Negative,ضعيف جدا. . النظافة الفرش غير نظيف المروش الماء بلا سخان
Positive,المكان جميل وممتع سوف اعودله انشاءالله . الفندق مريح وجديد يستحق النزول به وخدماته مميزه. راحه المكان النظافه العامه للفندق تعامل العاملين المميز
Negative,نظرة مقربة على حياة الإرهاق و التشرد رواية جميلة بترجمة سيئة قرأتها بترجمة سعدي يوسف
Positive,اسعاركم نار . المكان راقي وهاديء ونظيف والسرير مريح ولكن القيمة شوي غالية.. دفعت ثمان مائة درهم لليلة الوحدة لغرفتين مع انه فيه ارخص منه مطلة على بحيرة خالد.. يوجد مواقف داخل المبنى والمصعد يوصلك دايركت للطابق الذي فيه غرفتك وهذا افضل شيء. الافطار يحتاج تنويع اكثر..لما وصلت الغرفة كانت فيه ورقة في الثلاجة مكتوب فيها ايش الموجود في الثلاجة.. بس اكتشفت انه الكمية تختلف عن اللي مكتوب في الورقة.. مثلا مكتوب فيه عشرة عصير بينما الموجود خمسة فقط.. انا ما اهتميت بالموضوع لما دخلت وهذه غلطتي.. لاني لما خرجت دفعت درهم مصاريف الاكل الذي في الثلاجة مع انه قيمته برا ما تتجاوز درهم..
Negative,مخيب للأمل. . تاخير في الدخول بعد الاستقبال عن الشقق المواقف بمبلغ مالي
Positive,"سعدت بالإقامة في ايلاف بكة . النظافة والرقي وسعة الغرفة. لا يوجد واي فأي في الغرف، لا توجد مطاعم قريبه لازم مشوار العزيزية"
Positive,كتاااب تحفة. القصة ممتعة. لاكن التشويق في الاخر. في الاول في حبة ملل كدا. :
Negative,ضعيفه .. مزعجه .. لم تعجبنى اطلاقآ
Negative,ضعيف. . لا يوجد مواقف للسيارات مما اضطرني لدفع مبلغ من المال لاحد موظفي الفندق من اجل تامين موقف لسيارتيالفندق نجوم زيادة عليه كثير لازم نجمتينالحمامات متسخة والفطور متواضع جدا جدا جدا
Negative,فندق متواضع جدا....سئ النظافة . قربه النسبي من الحرم...غير هذا لا يوجد. التظافة سيئة جدااأ....لا يقومون بتنظيف الغرف الا كل أيام .....فندق متواضع
Mixed,مقبول. الموقع فقط بقريه من محطة المترو. رائحة الغرفه ونوع التنظيف ضعيفعدم وجود مطعم للفندق
Mixed,حسن. حلو ومرتب بس وايد مبالغين بالسعر مايستاهل السعر يعطيك في بوكينغ مبلغ واتروح اهناك وتنصدم بضعف المبلغ كله ضرايب ورسوم ليش هالغش ليش ما يكون كل شي واضح من البدايه على اساس الواحد يسوي حسابه كم راح يدفع. ادوات المطبخ وايد ناقصة
Negative,فاشل . لا شيء سوا الموقع. لم تكن غرفي جاهزة عندما وصلت و المفروض انها جاهزة . انا حاجز غرفتين ثلاثية . اعطوني غرفة ثلاثية و الثانية ثنائية مؤقت الى ان تجهز ذهبت للحرم و عدت بعد ساعات و لم تجهز الغرفة قالوا بجهزوها العصر قلت لهم خلص اليوم و انا محسوب عليي ثلاثيةو انا ماشي اليوم اللي بعده الفجر اعطوني الثنائية و نزلوا لي السعر قال انت اجز بوكنغ ما نقدر نغير السعر . العصر شفت العامل بنفس الطابق كلمته قال لي هذه مكيفها خربان كيف انظفها . نزلت لهم و تهاوشت معاهم لانهم كذبوا علي و لا في فايدة لا اعطوني غرفة و لا نزلوا السعرو بالنسبة للفطور كان فطور فاشل جدا يبدأ الساعة رحت الساعة : لا يوجد حليب كلمتهم جابوا حليب بعد ربع ساعة و كان باردو الأكل غير متنوع ابدا اشياء مالها علاقة بالفطور.
Positive,عالم صوفي كتاب رائع و يجب قرآته . كتاب عالم صوفي الذي حاول فيه المؤلف ان يقدم فيه مدخلا سهلا الى الفلسفة في قالب روائي مزج فيه التأثيرات الفلسفية في كل عصر بالفن و العلم و الأدب اي انه تتبع التغيرات التي تحدثها الفلسفة في حياة الانسان ان الفلسفة اداة فكرية لفهم العالم الذي يحيط بما يختتم الكاتب الرواية بنصيحة الى الشباب بدراسة تاريخ الفلسفة كي يؤهلهم هذا لأخذ موقف نقدي ازاء العالم الذي يعيشون فيه و ان يقفوا فيه على مساحة معقولة من القيم السائدة مما يؤهلهم لامتلاك حس نقدي و ان لا يكونوا مجرد دمى و مجرد ديكور لتنفيذ سلطات و رغبات الآخرين . الفلسفة مهمة لكي نعي وجودنا و أهميتنا و دورنا المنوط بما في هذه الحياة هي دعوة للتفكر و التأمل و التدبر
Positive,استثنائي. النظافة وسرعة الخدمات وتاخير موعد المغادرة. مواقف السيارات باجر اضافي عالي القيمة وهو ريال لليوم الواحد .
Mixed,"يظل أحمد مراد هو أفضل مصور عرفته، ينقلك بكل سلاسة لتجلس رابعهم و هم يتحدثون ثلاثة في احدى صفحات رواياته و لكن في رأيي تعد من أضعف ما كتب كرواية. تحس نفسك بتتفرج على في بيتنا رجل بس كاتبها نجيب محفوظ مع بعض تدخلات من محفوظ عبد الرحمن و اسامة انور عكاشة .. توليفة تجارية شوية يعني"
Mixed,"لن اكرر السكن في دوست تاني . الهدوء والقرب من مول دبي والاسواق بشكل عام والاطلاله في الجناح لكثرة الزجاج بكل اتجاه. عدم توفير وجبات مع السكن حتى من خلال الطلب ، اسعار مطعم الفندق مبالغ فيها ، قيمة السكن في الليلة تعال قيمة الفنادق المشهور مع وجود مزايا اكثر في الفنادق الاخرى مثل الطعام والتنقل المجاني للمولات والمواقع السياحيه كخدمة"
Positive,"كتآب يستحق القرآءة ؛ بمآ أني حفظت القرآن من سن مبكر و متغرب عن وطني و شفت الكثير في غربتي ، الحمدلله إن كتآب زي دآ جآ ف يدي."
Negative,سيئة للأسف ولم استمر في الإقامة سوى ساعه واحدة . . كثرة الحشرات ووجود كلاب تنبح بالقرب من الشالية وكذالك الشالية بعيد جدا عن البحر مع العلم انني طلبته مطل ع البحر ولأجل ذلك لم استمر في الإقامة سوى ساعة واحدة
Negative,اقامه سيىه جددددا . ممتاز الافطار. تعامل الموظفين في خدمات الغرف والاستقبال مغفنين جدا وقليلي الحياء
Positive,لغة بسيطة تدخل بلا استئذان لا يحتاج هذا الغسان للكثير لكي يخبرنا عن القضية يكفي الإنسان قضية
Negative,"إدارة الفندق ضعيفة ولا تستجيب مع رغبات النزيل مقارنة بفنادق نجوم ، هذي التجربة الاسوء . . تنوع الالعاب بملاهي الاطفال.بوفية الافطار منوع ولذيذ. ازعاج صادر من غرفة مجاورة في الجناج التفيذي التي نزلت بها لم تتعامل الادارة مع الشكوى التي رفعتها لهم بأهتمام ابدا بل بالعكس ببرود شديد وعجز تام عن حل المشكلة."
Mixed,فوضى الحواس. لا أعتبرها رواية بل عمل أدبي. عشقت لغتها وأسلوب البطل الغامض... وشدني إنها لم تمس جانب أحاسيس المرأءة عندما تخون من تأنيب ضمير وما الى ذلك... ركزت على الجانب المظلم بأن جعلته منفذ وحياة سرية فيها لذة ... توقعت أن أقرائها بجلسة واحدة. لكني قراتها بثلاث جلسات. هناك فتور في بعض الصفحات يصل للقاريء
Negative,بعد الكتيب الخامس او السادس من قراءة السلسلة بغير ترتيب. صنفتها إلي عدة أقسام :. هادم الأساطير. قصص منفصلة لم يجد لها المؤلف سلسلة أخري كسلسلة كوكتيل . الرعب للرعب وفقط. كتب تيمات الرعب الشهيرة دراكيولا والاشباح والمقابر. قصص لا تستحق ان تصنف تحت بند ما وراء الطبيعة. الكتيب ينتمي للفئة الثالثة. وهو مقزز جدا وبشكل مبالغ فيه. ولدرجة جعلتني أحمد الله علي عدم الاهتمام بالسلسلة إلا بعد تغير العديد من المفاهيم بحكم السن والخبرة لا أكثر. وهي عندي تحت بند :. لا ينصح بالعودة إلي الكتيب مستقبلا تحت أي من الظروف
Mixed,مسلى للقراءة
Positive,أبو راكان وفندق سن اند سكي . موقع الفندق لابأس به قريب من مركز المدينة.تعامل موظفي الاستقبال فيه اسلوب مميز وتعامل راقي.المواقف جيدة وعليها اغلب الوقت حراسة.. الغرف صغيره جداالادوار العلوية يدخل رائحة المطبخ فيها بشكل سيئ.يوجد ابواب داخلية بين الغرف فاصله يكون معها ازعاج من ساكني الغرفة الاخرى.
Positive,سألخص الكتاب بجملة واحدة:. ممتع وأكثر من رائع ويستحق أن يقرأ
Mixed,الخدمه مقابل المال . القرب من الحرم. بعض الخدمات والسعر مبالغ فيه مقابل الخدمه
Positive,"هل تحب الفلسفة؟. إذا كانت الإجابة نعم فيجب أن تقرأ هذا الكتاب، وإذا كانت الإجابة لا فهذا الكتاب سيغير نظرتك كليا عن الفلسفة.. هذا الكتاب يسلبك من الحاضر ويذهب معك الى العصور اليونانية القديمة بدءا من فلاسفة الطبيعة ثم سقراط وأفلاطون وأرسطو ثم العصور الوسطى وعصر النهضة ثم عصر الباروك عبر ديكارت وسبينوزا وهيوم وبيركلي ثم عصر التنوير وفلاسفة الرومانسية ثم يأخذك مع ماركس وداروين وفرويد ثم يعود بك إلى عالم الواقع بعد رحلة فلسفية رائعة عبر التاريخ.. من أهم ما يميز هذا الكتاب أنه يغير طريقة نظرتك إلى الأشياء ويدفعك إلى التساؤل عن ماهية ا شياء والغرض منها والتأمل وإعطاء الأسئلة وهي الصفة التي تميزنا نحن البشر عن باقي المخلوقات وهي قدرتنا على التفكير وإعطاء ا سئلة والبحث فيها والإجابة عنها.. الكتاب موضوع في قالب روائي شيق يأخذك معه وينسيك الطابع الجاف للفلسفة ومطالعة التاريخ والتي لو كانت منفصلة عن هذا القالب لصعب هضمها، لقد جعلني جوستن جاردر أعيش في عالم صوفي الرائع تلك الطفلة المحبة للمعرفة دائمة التساؤل والتي سرعان ما تنتقل هذه العدوى الى القارئ فيصبح هو أيضا شغوفا بالأسئلة.. إن هذه الرواية على كبر حجمها الا أنها أمتعتني وقضيت معها أياما رائعة وجعلتني محبا أكثر للفلسفة وحريصا على القراءة بها.. لينك التحميل:. :// . . / / .... . / /"
Positive,جيدة . تصميم الغرف وحسن الإستقبال. المطعم والكافيه عندما صعدنا قالو بأنه خاص للعائلات مع انه لم توجد ولا شخص في ذلك الوقت
Negative,"نجمتان على الأكثر حظينا بعشرة أيام في هذا الفندق الذي تم تسويقه و بيعه بغش مدهش. النقاط الجيدة: الطقس فوق كل يوم. طاقم العمل الشاب على الأغلب ودود و مرحب. منطقة حمام السباحة و الإطلالة على البحر. الصحبة الجيدة التي قابلناها و زوجتي الرائعة. النقاط السيئة: هذه قائمة مختصرة: الفندق يعلن عن العديد من المطاعم، على أي حال البوفيه الرئيسي فقط هو المفتوح و الذي يمدك بأرز، بطاطس، لحم بقري، خضراوات، دجاج أو سمك يتبادلون الأيام. ثلاث مرات في اليوم لكل يوم. لاحظ أن مطاعم القائمة مطعم الأسماك و مطعم العشاء الأمريكي و بار الشامبانيا كلهم مغلقين النظافة العامة مريعة و خصوصا في المطعم و المراحيض. الكازينو مغلق و لعبة النهر البطيء مغلقة منذ عامان و أصبحت الآن مياة راكده نتنة، بيئة خصبة للبعوض المحلي. كل الكحوليات مخففة... لم يكن لدينا مياه ساخنة لثلاثة أيام و عندما حصلنا عليها كانت بلون أحد الدرجات الخفيفة اللون البني لم يتم تنظيف غرفتنا لخمسة أيام، و يوجد وفرة من حشرات الفراش. هناك العديد من الأشياء الأخرى، و لكني لن أستمر، أمل أن تتجنب هذا الفندق، إذا كنت قد حجزت حاول تغييره الآن أو عند الوصول. أدريان و كارين."
Positive,اخر جزء من الرواية لما آدم كلم سامح فى الموبايل فى المقابر كان يمشى معاه اخر جزء من موسيقى فيلم . اللى بتظهر فى اخر دقيقه من الفيلم
Negative,واحده.من اكتر الروايات الممله اللي قريتها في حياتي. عدد الشخصيات و قصصها هدم الروايه تماما كم المعلومات اللي فيها حطم قدره الواحد انه يخرج باي معلومه منها. ماستمتعتش الا بجزء من حياه الدكتور بس
Negative,لااعتقد ان اى كتاب بعد كل الافلام الهوليوديه والوثائقيه التى شاهتها ان اصدق مثل هذا الحديث. الكتاب يتكلم عن المخلوقات الفضائيه وحضارات مندثرة
Mixed,مرضي. إفطار جيد. لا يوجد
Mixed,إنه فيلم يتكرر يوما بعد يوما ...وهو حزين أحيانا ...وفى أحيان آخرى أقل حزنا. ولكن نهايته هى نفسها على الدوام
Positive,مستوى الفندق جيد. اجار الغرقة جيد . وجود مواقف خلف الفندقوجود باص نقل من و الى الحرمموظف الاستقبال الاستاذ احمد ممتاز في تعامله. لا يوجد
Mixed,مرضي. الموقع موظفة الاستقبال.
Mixed,"التسلسل المذكور للمراحل السبعة للحب ، شرحها وتمسيتها كل باسم.. هو الحاجة الوحيدة اللي تحتسب هنا ، غير كده لا اللغة ولا الحكايات نفسها جيدة."
Mixed,يوم جميل في مكان هادئ . يتميز المكان بالهدوء .. نطافة المكان. كثرة الاثاث في الغرفه .. عدم توفر بوفيه للفطور .. عدم استخدام أواني مناسبة للضيوف .. عدم توفر السيرفز غلاية الماي و الكوفي و شاي و الماء .. الرجاء اضافة اكواب العصير مع تغيير اكواب الماء .. عدم توفر مستلزمات الحمام .. عدم توفر المكواه و طاولة المكواه.
Negative,استثمرت بعض أحزاني في هذا الكتاب . إلا أنه مع الأسف ثقيل ولا يشد الأسلوب لم يعجبني.. والرواية ليست مشوقة... لا تستحق القراءة
Negative,بالنسبة لي ممل ولم أكمل قراءته المواضيع مستهلكة ولم يأت بشيء جديد
Mixed,عادية حوار ركيك مفيش اثراء ادبى غير بعد التعابير الجديدة الحبكة حلوة الرؤية مختلفه نوعا ما خدت شوية معلومات جديدة بس حبيت شخصية سارة فشخ. ناس كتير قالت انها احسن من الفيل الازرق بس شايف ان العكس هو الى صحيح
Negative,القيمة أعلى من المستوى . لم يعجبني أي شيء. كل شيء
Positive,الفندق ممتاز الخدمات . الفندق ممتاز الخدمات وجيد جدا بالنسبه الى الموقع.
Negative,"الكتاب ضعيف من حيث الترتيب والسياق، ترجمة رديئة"
Positive,ممتاز. كل شي رائع. لايوجد
Negative,ضعيف. . تم حجز مبلغ ليلتين قبل وصولي بيوم عن طريق الفيزا باستخدام التفويض وعند خروجي من الفندق لم يتم احتساب المبلغ المدفوع من ضمن المبلغ الاجمالي والزموني على دفع المبلغ كاملا .وكذلك تعامل موظفي الاستقبال سئ ولايوجد استقبال حسن ولا تعامل جيد والنظافة سيئة حيث ان رائحة الفرش في السرير غير مرضية وتدلل على عدم اهتمامهم بالنظافة والغسيل .
Positive,مريحة . الفندق هادئ ومريح ونظيف.
Negative,لا انصح بقرأته
Positive,استثنائي. قريب من الحرم .
Positive,أعجبتني ولادة روح الثورة في الأم العجوز
Positive,السعر مناسب جدا بل رخيص بالمقارنة بالفنادق الاخري . لتجهيزات في الفندق جيدة وكثيرة. الغرف صغيرة جدا
Negative,"توقعته أن يكون فعلا رحلة حقيقة عميقة، لكني وجد شخص يحاول إقناع نفسه بأهمية الإيمان وأهمية الإسلام.. كان كتاب صوتي."
Negative,"رواية استثنائية ...رواية محصلتش ...انصح الناس بقرائتها ....ده الكلام الى سمعته عن الرواية ..بس الصراحة الكلام ده كبير قوى و كتير على الرواية نفسها ، فكرة إختيار الكاتب للزمان و المكان و الاشخاص فى عصر الجاهلة و عبادة الاوثان وبعدين يضيف عليها طريقة حياة عصرية مكنتش مقنعة بالمرة ولكن كان لابد منها لخدمة الفكرة الخاصة بالرواية ...كمان استخدام النورس و الافق لتوضيح الفكرة التى يريد الكاتب عرضها طريقة طفولية جدا جدا ...الخلاصة الرواية شغالة بس العجيب هوا ىراء الناس المبالغ فيها تجاه الرواية"
Negative,رقم غرفتي . الغرفه فيها نمل وتطل ع منظر مجاري وحجزت الغرفه عن طريق بوكنق اليوم ب ولما وصلت طلع مع الضرايب والرسوم اليوم ب فندق زباله الواي فاي يقطع كل شويه وبفلوس موبلاش زي اللي كاتبينه في بوكنق.
Negative,ماتستحقش الوقت ولا ال جنيه.
Negative,ماذا ننتظر من طبيبة سوغت لنفسها الوقوع في المحظور مع مريضها المتزوج وحاولت ايجاد جميع المسوغات اللازمة وتجميلها بابهى حلل
Positive,. إستقبال راقي كإستقبال مالكي المكان. سرعة تسكين لدرجة أنني لم أشبع بالشكل الجمالي ببهو اللوبي. فريق محترف وتم التعامل معي في كل مناطق الفندق كأنني شخص معروف أو كأنني أعيش بالفندق ولم يسألني أحد على غرفتي أو أسمي والإبتسامة في كل وقت وكل مكان من كل أفراد الفندق حدائق مميزة وفريق أنيمشن محترف وإدارة الفندق لها رؤية عامة وواضحة
Mixed,فندق عادي وغير جيدللعمل . ديكورات الغرفه وراحة السرير. الغرف فيها رائحة دخان او اوساخ مربصة وبطء الإستقبال وعدم الخدمة بالشكل المطلوب
Positive,"يعجبني كثيرا شعر العتوم ورواياته الجميلة ،. تصويره للأحداث رائع ولغته قوية. الاشعار والحكم التي تتخلل اعماله غزيرة بالمعاني. خاصة عندما يتكلم عن الحرية جرحنا العميق / . يا صاحبي السجن اول عمل روائي اقرأه له ولن يكون الاخير طبعا ، قبلها قرأت ديوان خذني الى المسجد الاقصى."
Mixed,مستوفز شوقا إلى أحبابه .. المرء يكره أن يعيش وحيدا
Positive,دقة الوصف ف كل حاجة قدرت بجد توصل احساس ابطال القصة للقارئ. المأساة بتاعة سقوط الأندلس وتأثيرها على أوربا كلها بعد ما كان الإسلام ف الفترة دى خلق مفهوم جديد لتعايش الناس اللى اديانهم مختلفة و تأثير الكلام ده اللى هو مزج الثقافات طلعلنا علماء كتير من الأندلس ومن البلاد المجاورة زى دافنشي ف إيطاليا .. الكاتبة وصفت جهل ووحشية و المملكة القشتالية وحكم الكنيسة ف الوقت ده والمفهوم الضيق وعدم القناعة بفكرة التعايش ف مشهد حرق الكتب واد ايه أتأثروابيه العرب اللى كانوا عايشين هناك و غيرها من أساليب القمع و محاكم التفتيش و برده تمسكوا بتقاليدهم و مابين السطور كأنك عايش. معاهم. واخيرا اجبار اهل البلد على الرحيل. نهايات كل أبطال الرواية نهايات مأساوية لكنها واقعية فى الفترة دى. اتمنى انى اشوفها فى عمل سينمائى رغم انه صعب بس بجد الفترة دى مظلومة تاريخيا
